 no_of_dependents, education, self_employed, income_annum, loan_amount, loan_term, cibil_score, residential_assets_value, commercial_assets_value, luxury_assets_value, bank_asset_value, loan_status
2,1,2,94,296,5,478,24,175,224,80,1
0,2,1,39,119,3,117,27,22,85,33,2
3,1,2,89,294,9,206,71,45,330,127,2
3,1,2,80,304,3,167,182,33,230,79,2
5,2,1,96,239,9,82,124,82,291,50,2
0,1,1,46,132,4,19,68,83,134,51,2
5,1,2,85,327,1,378,225,148,289,43,1
2,1,1,55,147,9,82,132,57,115,60,2
0,1,1,6,19,9,482,13,8,25,6,1
5,2,2,9,40,4,88,32,14,30,16,2
4,1,1,27,109,0,247,81,47,92,31,1
2,2,1,65,224,8,238,153,58,201,64,2
3,2,1,48,113,7,11,64,96,143,43,2
2,1,1,89,312,6,379,108,166,206,50,1
1,2,2,17,71,2,169,19,12,56,19,2
5,2,2,45,104,4,494,57,39,161,44,1
2,1,1,3,13,1,363,13,1,10,7,1
4,2,1,27,91,6,480,29,28,64,43,1
2,1,2,25,100,4,436,10,0,59,33,1
5,1,2,61,143,5,352,103,35,232,59,1
2,1,2,48,191,5,15,95,16,177,61,2
4,1,2,56,137,7,230,38,113,219,54,2
4,1,1,63,254,8,11,131,17,192,85,2
0,2,1,3,11,0,251,9,6,8,3,1
0,2,2,47,95,7,24,38,87,97,33,2
5,2,2,29,92,9,214,79,31,63,26,2
4,1,2,80,278,5,396,115,106,250,72,1
4,2,1,22,53,1,362,45,42,51,25,1
5,2,1,68,237,2,36,23,119,272,97,2
3,2,1,88,312,4,550,218,124,334,80,1
2,2,2,96,250,5,13,202,52,252,93,2
2,1,2,55,117,2,63,36,74,214,43,2
1,2,1,6,13,4,136,7,2,19,10,2
5,2,1,82,217,0,530,38,39,196,54,1
3,1,2,47,116,3,312,97,12,187,58,1
2,1,1,15,31,3,391,27,28,57,9,1
3,2,2,14,59,8,336,34,7,50,14,1
5,1,1,78,269,2,48,64,3,164,71,2
5,1,2,34,74,7,530,70,13,97,29,1
3,2,1,13,48,2,52,1,2,53,9,2
1,1,2,76,178,0,412,86,112,214,90,1
2,2,2,89,246,7,522,223,121,307,52,1
3,1,2,12,31,2,240,2,15,36,8,2
2,1,1,6,20,5,42,22,13,15,8,2
5,1,2,63,131,8,487,182,3,159,54,1
4,1,2,78,275,7,31,130,63,211,109,2
3,2,1,40,143,2,379,24,69,84,49,1
1,1,1,47,188,6,377,54,91,174,65,1
3,2,2,53,202,5,334,8,86,182,82,1
1,2,1,93,188,7,362,1,105,370,117,1
4,1,2,71,251,7,202,5,18,202,105,2
2,1,2,85,244,4,135,68,35,215,113,2
5,2,2,36,73,1,389,87,1,90,34,1
1,2,1,82,227,5,357,154,148,316,82,1
2,1,1,49,194,9,290,74,93,191,34,1
5,2,2,65,242,5,518,12,56,160,62,1
2,2,2,41,103,8,131,21,15,90,52,2
5,1,1,91,302,8,541,193,103,343,87,1
1,1,2,72,181,9,121,185,91,172,41,2
2,2,2,83,186,8,178,237,163,256,114,2
3,2,1,94,302,8,369,47,19,262,93,1
5,2,1,86,286,2,65,243,86,271,47,2
3,2,1,31,72,9,286,16,56,102,29,1
4,1,1,37,120,8,484,76,69,128,28,1
1,1,2,39,100,5,64,95,61,146,28,2
3,2,2,81,288,4,415,61,119,238,119,1
0,2,1,25,98,9,393,2,17,56,14,2
4,1,2,54,121,1,477,55,31,115,55,1
0,1,2,17,47,5,12,40,28,46,24,2
4,2,1,3,12,9,40,1,2,16,6,2
5,1,1,51,183,1,86,27,97,116,42,1
5,2,2,68,180,1,118,184,117,212,76,2
3,2,1,56,164,7,435,39,94,123,56,1
2,2,2,24,81,2,194,65,38,53,20,2
2,2,2,17,62,8,371,6,25,45,11,1
4,1,2,55,145,7,397,143,78,126,63,1
0,1,2,88,332,3,501,116,89,350,111,1
2,2,2,83,291,5,276,176,56,249,90,1
0,2,2,5,11,6,339,19,7,21,9,1
4,1,2,33,86,1,170,13,22,120,20,2
0,2,2,86,309,1,526,29,5,330,86,1
2,2,1,97,209,7,63,254,114,263,68,2
3,1,2,34,83,9,313,94,3,100,33,1
3,2,1,28,79,7,413,53,58,107,34,1
2,1,2,66,209,7,139,171,47,230,36,2
5,2,1,9,35,8,87,13,12,35,16,2
1,2,1,85,280,3,102,204,136,276,102,2
4,1,1,18,77,2,537,51,26,36,29,1
2,2,2,96,367,4,341,240,0,231,76,1
4,1,2,55,208,8,189,5,43,122,60,2
4,1,2,86,204,8,240,192,32,221,126,2
4,1,2,36,86,1,544,91,35,128,47,1
1,1,2,15,61,4,152,9,11,53,21,2
2,1,2,8,17,4,66,12,4,29,13,2
5,1,2,1,8,0,0,1,5,4,4,1
2,1,1,64,147,8,170,12,48,179,70,2
2,2,2,85,247,9,561,147,85,229,73,1
4,1,2,92,291,5,262,258,152,359,71,1
0,1,2,42,105,6,163,24,48,135,47,2
4,2,2,2,6,5,178,7,1,9,1,2
2,2,1,1,8,0,402,3,2,2,2,1
2,2,1,41,126,9,318,114,36,111,24,1
4,1,2,14,42,5,333,7,17,38,19,1
5,2,1,60,233,4,31,185,103,235,87,2
3,2,1,40,94,7,541,78,3,164,51,1
4,2,1,88,178,5,464,6,165,205,116,1
0,1,2,25,103,2,291,13,27,96,18,1
1,1,1,95,355,0,419,196,76,201,109,1
2,1,2,31,65,6,17,34,3,114,36,2
0,2,2,1,8,3,478,8,2,6,1,1
3,1,1,72,179,6,2,56,31,176,50,2
5,2,2,69,194,3,202,73,56,250,98,2
5,2,1,71,218,8,579,195,106,190,98,1
1,2,2,82,231,6,137,154,58,331,81,2
0,2,1,31,105,5,497,6,60,74,33,1
4,2,1,56,229,8,156,161,42,223,75,2
0,2,2,4,13,2,347,15,6,12,7,1
0,2,2,70,155,5,79,127,122,212,36,2
1,2,1,89,326,0,417,22,20,233,59,1
5,1,2,7,20,7,245,1,2,24,8,2
2,1,2,6,29,3,17,3,10,17,9,2
1,2,2,83,326,4,270,51,62,202,55,1
0,2,1,88,184,8,565,263,0,206,113,1
3,1,2,68,192,6,419,122,103,179,102,1
3,1,2,0,3,7,521,4,1,2,1,1
4,2,1,2,5,4,559,9,5,5,2,1
3,2,2,49,179,4,95,1,80,152,63,2
2,2,1,5,23,5,129,16,13,24,8,2
3,1,2,2,9,5,561,2,6,8,2,1
0,2,1,93,205,6,265,151,119,336,133,1
5,1,2,86,223,4,57,79,86,179,49,2
3,2,1,16,33,8,165,6,5,51,26,2
4,2,1,66,136,3,179,117,91,254,96,2
3,2,2,13,52,7,417,21,8,41,13,1
3,1,2,14,52,5,125,6,8,51,9,2
2,2,2,44,164,0,486,2,59,136,61,1
5,2,1,20,64,2,82,44,13,83,11,2
3,2,1,27,82,5,264,10,31,72,18,1
0,1,2,0,4,3,201,5,2,4,1,2
2,2,1,23,91,4,427,66,41,92,33,1
4,2,2,34,72,2,594,11,65,71,28,1
0,1,1,53,164,8,529,55,13,125,59,1
4,2,2,64,171,9,206,26,100,256,72,2
2,1,1,84,318,2,502,94,167,242,98,1
5,2,2,4,12,6,243,3,9,18,3,2
3,1,1,12,29,9,472,24,9,48,16,1
3,1,2,38,108,5,272,97,1,122,24,1
0,2,1,47,116,7,409,146,9,182,38,1
5,1,2,18,59,8,102,40,21,69,11,2
1,2,1,50,190,3,181,143,95,185,42,2
5,1,1,87,285,2,472,136,55,201,84,1
1,1,1,63,203,0,6,159,19,178,32,1
2,2,2,11,42,2,115,0,9,26,12,2
3,2,2,92,347,7,248,182,44,357,48,2
5,2,2,48,109,3,401,91,5,137,46,1
2,1,2,28,74,5,590,47,43,81,21,1
5,2,1,97,330,2,64,53,183,275,83,2
5,1,1,5,10,9,404,16,0,19,6,1
3,1,1,38,103,4,18,15,51,77,49,2
5,2,2,29,93,0,461,58,18,101,42,1
4,2,2,43,148,2,393,37,15,175,60,1
3,2,2,95,203,7,224,241,111,271,61,2
2,2,1,18,50,4,381,49,14,40,29,1
2,1,1,79,220,8,437,223,126,267,73,1
0,2,2,55,156,7,338,1,95,160,45,1
4,2,2,56,125,0,356,5,50,157,28,1
1,1,2,16,62,2,240,25,32,47,11,2
4,2,1,89,349,2,41,10,3,228,82,2
0,2,1,46,172,0,71,117,68,184,35,1
3,2,1,36,102,5,586,40,5,146,23,1
0,2,2,17,38,8,501,4,8,45,12,1
3,2,1,34,92,7,448,77,24,94,26,1
2,2,1,72,279,3,76,219,50,171,52,2
4,2,1,64,140,3,71,108,95,182,74,2
2,1,2,16,50,2,526,45,7,62,13,1
4,2,2,90,269,5,573,45,18,335,114,1
5,2,1,22,83,3,9,5,6,54,28,2
4,2,2,54,130,9,569,33,75,197,65,1
5,1,2,36,136,5,234,47,29,79,28,2
3,2,1,43,176,2,487,98,36,140,42,1
0,1,1,7,19,7,266,1,7,17,6,1
0,2,2,26,96,3,442,49,13,64,17,1
2,2,2,73,228,1,524,121,109,260,95,1
4,1,2,12,28,6,275,30,21,46,14,1
2,1,1,36,106,4,466,19,39,83,30,1
1,2,1,15,47,4,588,29,9,38,22,1
3,1,1,88,301,2,338,168,110,266,92,1
5,2,1,71,230,2,322,71,116,261,105,1
1,2,2,72,195,8,158,126,62,274,40,2
1,2,2,88,279,7,27,17,23,237,112,2
0,2,2,28,62,0,312,88,34,64,17,1
1,1,2,6,26,3,382,22,11,26,7,1
2,1,2,46,129,0,283,137,58,92,52,1
5,2,2,62,180,3,397,100,36,222,36,1
3,1,2,90,268,5,6,58,115,277,96,2
2,2,2,26,57,8,516,63,42,77,34,1
4,2,1,83,286,9,155,152,58,222,94,2
3,1,1,45,161,4,18,114,81,159,43,2
4,2,1,96,209,9,55,220,89,315,143,2
2,2,1,36,86,7,89,2,56,119,22,2
2,1,2,3,12,0,588,15,3,12,6,1
2,1,1,67,153,2,52,130,53,223,100,2
4,2,1,94,298,5,570,3,67,375,56,1
3,2,2,27,62,8,527,83,6,101,32,1
2,1,2,96,206,5,468,34,102,376,133,1
0,1,2,69,151,8,407,103,108,193,58,1
1,2,1,75,188,4,55,113,49,216,66,2
3,1,2,12,30,0,352,1,21,32,19,1
3,1,2,76,156,0,365,144,9,269,54,1
5,2,1,15,57,8,120,5,16,34,23,2
2,2,2,83,324,8,171,126,94,336,125,2
5,2,2,17,72,9,415,51,28,62,28,1
2,2,1,65,149,4,389,0,82,147,68,1
3,1,1,67,161,1,487,111,61,261,38,1
2,1,2,24,75,1,519,31,43,54,15,1
4,1,1,94,208,2,509,161,95,344,87,1
1,2,1,66,167,0,444,155,39,234,35,1
0,2,2,30,110,2,184,35,55,82,21,2
4,2,2,27,101,2,373,51,17,103,17,1
3,1,1,77,209,8,395,138,106,215,49,1
4,2,1,37,121,5,173,64,47,128,38,2
4,1,1,44,107,0,191,90,40,158,35,2
3,2,1,5,14,3,433,12,8,21,5,1
0,2,2,50,153,9,134,141,58,178,55,2
3,2,1,57,203,4,477,19,46,209,64,1
4,1,2,70,188,1,474,94,70,176,36,1
1,2,1,85,267,4,417,254,86,172,91,1
3,2,1,9,32,5,203,30,4,19,12,2
1,1,1,38,106,6,298,36,66,133,44,1
2,1,2,96,321,0,243,241,174,254,77,1
0,2,1,25,65,9,496,7,42,67,19,1
3,2,1,86,343,3,86,148,165,181,60,2
5,2,1,31,75,7,332,85,5,68,49,1
1,1,1,67,231,1,181,187,11,231,102,1
3,1,1,7,32,1,470,7,0,17,6,2
3,1,1,39,152,2,367,28,16,144,40,1
3,2,1,45,172,3,285,12,31,93,49,1
5,1,1,32,113,7,179,92,57,109,24,2
2,1,2,94,222,8,551,74,162,240,126,1
3,2,1,68,159,2,78,200,126,200,55,2
5,1,2,55,126,8,507,41,9,183,55,1
1,2,1,80,321,8,531,228,123,174,78,1
2,2,2,19,48,5,374,22,32,61,24,1
1,2,1,78,278,8,425,19,128,227,75,1
2,2,2,78,290,1,300,165,132,291,65,1
0,2,1,92,267,4,236,44,17,335,48,2
0,1,2,82,203,4,177,15,15,247,119,2
1,2,1,17,47,2,260,10,19,60,14,1
0,2,1,40,161,9,239,95,21,111,31,2
5,1,2,24,88,3,552,37,7,100,33,1
3,2,2,35,82,9,553,83,57,72,49,1
0,1,2,86,306,5,429,17,7,254,114,1
2,2,2,19,44,0,246,60,32,54,15,2
3,1,1,7,21,4,189,8,0,25,5,2
3,1,1,96,351,2,569,144,164,225,103,1
2,2,2,78,197,0,202,41,22,313,99,2
0,1,2,96,376,3,352,232,186,294,54,1
0,2,1,1,8,3,489,4,1,5,4,1
4,2,2,25,78,1,25,50,8,96,34,1
3,1,1,72,193,0,416,41,89,288,42,1
3,1,2,90,340,8,223,255,40,288,88,2
5,2,2,93,219,9,52,244,0,305,70,2
5,1,1,36,141,0,45,33,8,127,47,1
0,1,2,81,191,8,349,25,161,240,113,1
2,1,1,26,71,8,366,1,23,60,34,1
0,1,2,84,206,4,513,113,119,257,48,1
0,2,2,52,165,4,299,53,74,142,76,1
5,1,1,40,91,2,378,47,55,96,57,1
5,2,2,50,119,9,213,134,20,165,54,2
5,1,2,92,276,1,570,11,2,292,104,1
3,1,2,86,201,3,183,32,114,279,118,2
1,1,1,57,164,7,8,58,88,188,53,2
3,1,1,15,46,7,291,47,10,40,14,1
1,2,2,68,227,4,586,140,37,264,36,1
4,2,2,15,37,2,529,0,16,49,17,1
0,2,2,13,46,5,351,16,28,43,8,1
4,2,2,18,44,8,433,37,37,67,28,1
5,1,1,37,152,5,133,95,54,76,46,2
1,1,1,7,33,6,413,13,10,15,12,1
1,1,2,67,222,8,103,8,84,166,63,2
0,1,1,26,75,4,105,78,25,68,34,2
3,1,1,66,196,4,216,160,60,257,85,2
4,2,1,4,15,3,117,17,7,15,8,2
1,2,2,45,137,2,168,113,18,103,46,2
5,1,1,28,115,4,372,87,36,95,41,1
5,2,2,38,136,2,230,60,56,122,60,2
1,2,1,29,110,6,524,37,60,107,44,1
1,2,1,75,252,5,249,181,106,202,70,2
5,2,1,41,90,4,150,21,67,97,41,2
1,1,1,56,192,9,131,138,50,153,33,2
3,1,1,34,104,7,12,23,16,128,52,2
0,2,1,27,73,3,20,80,56,93,31,2
0,1,2,86,199,1,133,160,42,302,124,2
1,2,1,1,7,4,131,4,5,6,1,2
5,2,1,84,286,3,216,99,18,299,68,2
2,2,1,33,117,6,176,11,68,121,29,2
5,1,2,6,23,2,260,1,2,27,10,1
2,1,2,78,268,5,374,144,4,250,64,1
0,2,1,97,372,2,273,172,100,198,59,1
2,2,2,31,63,2,31,63,20,86,27,2
4,1,1,18,64,5,333,1,8,45,20,1
3,2,2,47,126,8,577,18,70,176,33,1
5,2,1,90,233,5,356,14,112,359,49,1
0,2,2,73,179,2,482,74,120,195,41,1
5,2,2,88,290,1,231,104,95,351,58,1
3,2,2,12,38,3,155,30,14,26,21,2
3,1,2,94,196,6,152,42,162,282,66,2
2,1,2,82,329,6,174,196,150,251,115,2
3,2,2,62,241,1,183,78,24,188,45,1
4,1,2,57,165,3,181,69,114,192,33,2
2,1,1,20,48,9,559,38,12,61,31,1
4,1,1,54,138,6,396,90,92,162,68,1
4,2,2,96,284,2,478,166,74,294,111,1
4,1,2,42,143,1,199,13,65,158,57,1
2,2,1,22,46,1,588,64,43,48,34,1
1,1,2,42,105,5,374,96,27,169,53,1
4,1,2,35,129,1,502,98,24,122,43,1
4,2,1,21,75,3,240,15,34,44,28,2
4,1,1,57,193,3,426,174,68,198,80,1
4,2,1,62,232,0,185,73,27,233,39,1
4,1,1,47,168,2,312,13,70,192,50,1
3,2,1,93,239,3,579,31,171,261,126,1
2,2,2,55,161,5,408,37,8,147,44,1
2,2,1,25,54,3,550,35,50,102,39,1
2,2,1,37,110,5,216,31,0,101,46,2
0,2,2,76,285,5,165,47,75,285,74,2
0,1,2,9,29,9,416,18,14,33,15,1
4,2,2,0,3,4,104,0,1,1,0,2
0,2,1,45,103,9,212,84,40,120,70,2
3,2,1,80,203,4,141,161,114,288,61,2
2,2,1,44,181,0,255,77,24,139,42,1
5,2,2,16,67,8,166,26,21,57,19,2
3,1,1,30,83,0,127,39,18,68,47,2
4,2,1,53,197,6,293,151,27,196,49,1
3,1,2,77,180,4,431,42,34,219,84,1
1,1,1,38,98,7,151,70,39,140,39,2
3,2,1,66,166,8,328,36,9,153,49,1
1,2,2,25,91,8,404,53,23,61,24,1
2,2,2,66,232,5,41,193,118,140,85,2
5,1,2,84,207,3,165,117,149,192,99,2
4,1,2,78,298,1,131,119,138,185,115,1
1,1,1,35,123,4,124,54,11,139,44,2
0,1,2,24,48,6,378,5,12,57,31,1
4,1,2,40,165,2,81,96,38,145,59,2
5,1,1,78,277,4,149,185,15,171,39,2
1,2,2,69,232,5,468,64,121,221,73,1
0,2,2,18,67,2,366,0,12,40,14,2
4,2,1,56,130,6,442,161,93,160,70,1
3,2,1,65,155,1,145,105,76,138,91,2
2,1,2,71,284,6,334,59,38,209,108,1
4,2,2,31,94,6,482,25,0,101,22,1
0,1,2,28,67,4,481,72,6,114,27,1
4,2,2,77,169,6,18,142,95,229,90,2
5,2,2,74,238,8,421,219,115,226,72,1
5,2,2,35,95,1,263,95,51,109,30,1
2,2,2,82,260,1,119,229,79,289,62,1
0,1,1,80,205,6,72,38,1,258,52,2
0,2,2,27,92,8,585,43,23,62,35,1
1,2,1,97,373,5,296,100,93,360,68,1
0,1,2,42,138,0,49,33,13,85,62,1
1,2,1,88,319,7,168,45,164,283,109,2
3,2,1,66,266,7,518,147,104,260,73,1
2,2,2,85,277,5,243,169,60,226,67,2
3,1,2,92,216,7,385,81,56,342,50,1
3,2,1,58,122,8,551,146,50,165,50,1
1,2,1,92,295,4,77,240,182,306,117,2
0,2,1,8,37,4,320,24,13,34,11,1
3,1,1,7,20,9,311,6,15,16,5,1
4,2,2,19,74,1,467,12,17,66,13,1
5,1,1,9,29,9,292,32,7,32,5,1
0,1,1,4,20,1,19,16,8,20,7,1
4,2,1,90,252,4,600,94,105,271,127,1
2,2,1,34,125,8,514,86,41,100,41,1
5,2,1,11,47,4,455,21,22,45,19,1
5,1,1,75,165,9,284,86,48,231,80,1
4,1,1,93,232,6,80,229,67,248,73,2
2,2,1,48,173,9,165,62,52,162,52,2
0,2,2,3,15,0,231,13,5,16,7,1
1,1,1,81,318,7,514,185,27,286,75,1
0,1,2,51,176,2,378,47,39,141,36,1
2,2,1,91,287,5,355,79,68,296,49,1
3,2,2,21,71,0,382,65,24,73,21,1
1,2,2,2,10,2,395,2,5,5,1,1
3,2,2,30,105,1,533,26,10,84,26,1
5,2,1,92,350,7,2,41,125,365,128,2
1,1,2,21,63,0,57,59,2,57,22,2
5,2,2,41,142,5,2,125,43,122,51,2
0,1,1,60,221,8,573,157,66,155,82,1
0,2,1,70,195,5,358,127,81,247,73,1
5,1,1,22,84,8,577,28,29,68,11,1
3,2,2,27,60,3,348,34,34,73,14,1
1,1,2,12,49,5,430,29,0,34,7,1
4,2,1,20,79,6,437,58,28,79,14,1
2,1,1,6,29,4,284,0,2,18,7,2
0,1,2,4,14,0,321,4,4,17,2,1
4,1,1,5,24,7,283,11,12,11,3,1
2,2,2,82,256,7,321,86,134,332,42,1
2,2,2,69,212,7,310,58,121,139,93,1
4,1,2,52,154,8,152,137,26,162,66,2
5,1,2,35,70,8,39,93,1,136,53,2
3,1,1,50,149,7,350,13,57,132,41,1
4,2,1,0,4,4,372,2,2,0,3,1
3,1,2,3,7,9,201,8,8,6,2,2
2,2,1,16,54,1,509,12,19,60,24,1
5,1,1,90,291,3,18,180,59,335,54,2
4,2,2,7,30,4,349,0,4,15,12,1
3,2,2,73,280,5,67,92,113,224,70,2
5,2,2,28,115,2,547,82,22,68,23,1
5,1,2,69,186,5,60,107,11,195,85,2
1,1,1,33,69,0,565,41,32,116,42,1
4,2,2,47,185,7,580,42,47,129,26,1
1,1,2,39,81,9,308,14,80,97,44,1
0,1,1,6,18,2,460,3,1,13,6,1
3,1,1,15,43,5,85,15,13,49,17,2
0,1,1,59,230,5,178,38,23,174,49,2
1,1,1,19,74,7,27,50,5,44,23,2
0,1,2,29,90,2,363,13,14,78,38,1
2,2,1,15,32,9,393,22,14,45,17,1
3,1,2,15,51,2,410,48,7,55,17,1
4,2,1,38,142,2,411,24,57,106,41,1
5,1,2,54,181,3,86,113,67,110,56,2
4,1,1,37,116,4,555,102,40,99,28,1
4,1,1,59,150,6,273,11,99,130,84,1
0,1,1,9,25,8,131,5,3,40,14,2
2,1,2,53,145,3,64,130,45,123,45,2
4,1,1,9,33,6,411,25,5,33,6,1
4,2,1,2,6,9,471,10,5,13,5,1
3,1,2,90,359,8,369,31,127,306,123,1
4,2,1,91,272,8,38,215,5,346,66,2
1,1,2,9,32,3,262,23,12,29,5,1
3,2,2,54,184,0,469,80,82,170,48,1
0,1,1,61,212,3,329,6,34,217,52,1
3,1,2,86,178,2,399,64,21,182,94,1
0,2,2,82,205,9,290,51,89,318,108,1
3,1,1,14,54,1,407,33,27,59,23,1
3,2,1,43,111,3,91,85,68,96,45,2
5,2,2,63,182,1,591,136,33,233,71,1
3,1,1,93,203,0,431,134,38,204,92,1
3,2,2,45,164,5,475,40,17,170,35,1
5,1,1,94,321,0,597,35,154,265,62,1
5,1,2,78,264,9,494,80,147,296,78,1
2,1,2,75,164,2,255,129,29,178,85,1
1,2,1,34,100,5,236,68,5,119,27,2
2,2,2,5,14,4,539,1,7,17,9,1
0,1,1,12,48,2,590,41,19,49,19,1
1,1,1,84,276,9,115,122,148,268,79,2
4,1,2,45,154,1,568,33,25,135,48,1
3,1,1,27,55,5,53,84,26,98,31,2
4,2,2,88,287,7,290,46,156,289,123,1
5,1,1,3,6,8,318,14,6,9,4,1
2,2,1,5,14,4,239,14,10,16,9,2
0,1,2,66,267,1,129,171,76,211,94,1
2,1,2,16,44,3,492,45,12,38,22,1
0,2,2,58,121,0,308,30,21,176,68,1
4,1,1,52,212,6,255,43,15,140,75,1
5,1,1,82,172,5,320,153,136,257,58,1
0,1,2,72,206,2,335,156,140,207,72,1
2,1,2,30,122,4,157,61,20,79,43,2
1,1,1,52,211,3,50,26,10,194,68,2
5,1,1,8,22,6,585,22,1,20,11,1
0,1,2,42,144,7,338,40,27,141,27,1
1,1,1,36,102,5,410,18,62,122,25,1
3,2,1,59,206,8,170,5,85,177,75,2
5,2,1,53,170,7,574,10,29,134,79,1
5,2,1,3,15,8,111,10,5,10,2,2
0,2,1,1,8,0,182,2,1,8,4,1
1,1,1,60,166,0,96,106,75,234,76,2
0,2,2,1,6,9,136,0,4,3,2,2
0,2,1,67,218,9,3,136,46,217,69,2
4,1,2,35,111,5,428,42,58,70,23,1
3,2,1,86,283,4,475,52,50,317,96,1
5,1,1,80,232,5,102,151,15,240,58,2
1,2,1,90,312,8,398,53,61,201,83,1
0,2,2,22,75,6,365,52,29,59,29,1
4,2,2,39,132,8,190,47,62,136,20,2
1,1,2,78,316,5,204,237,15,218,60,2
3,2,1,34,83,3,490,54,59,95,52,1
1,2,1,5,24,9,369,1,10,23,5,1
4,2,2,81,304,2,81,217,23,264,46,2
0,1,1,51,147,0,600,17,21,207,58,1
4,1,2,81,246,7,206,154,56,264,70,2
3,2,1,23,85,5,238,49,18,88,33,2
3,1,1,52,141,3,377,110,79,205,31,1
4,1,2,14,46,3,385,32,20,35,15,1
2,2,2,22,59,5,560,49,37,92,11,1
5,2,2,61,145,2,308,161,105,215,54,1
4,1,1,23,50,4,240,23,28,68,17,2
0,1,1,73,165,7,192,215,48,251,111,2
3,2,2,27,82,6,534,12,45,85,18,1
3,1,1,8,32,7,534,8,17,27,7,1
2,1,1,84,285,3,590,233,59,209,72,1
1,2,2,1,8,5,143,6,4,9,2,2
5,2,2,21,54,8,29,56,33,46,27,2
2,2,1,22,51,5,439,3,25,47,30,1
5,1,1,96,300,2,567,208,160,299,76,1
2,2,2,79,245,2,7,2,40,308,105,2
3,1,2,65,152,8,192,21,20,260,94,2
1,2,1,82,244,8,398,230,132,324,122,1
2,1,2,0,4,3,551,4,2,5,2,1
2,1,2,45,122,6,75,13,63,98,54,2
0,1,1,41,140,6,301,38,9,164,57,1
4,2,2,20,67,9,456,36,39,54,12,1
4,1,1,84,189,1,568,204,15,325,93,1
4,1,1,18,69,4,538,25,3,73,10,1
4,2,1,40,156,6,75,72,79,159,30,2
0,2,1,49,122,8,478,33,10,145,32,1
2,1,1,39,109,2,142,122,41,97,45,2
1,1,1,97,377,5,508,118,37,299,134,1
1,2,1,30,87,9,72,27,28,69,38,2
2,1,2,53,187,1,297,11,40,184,53,1
0,1,1,76,288,9,135,211,130,170,97,2
3,1,1,32,94,9,428,15,15,70,24,1
4,1,1,77,256,6,73,109,143,274,76,2
3,1,1,87,182,4,67,61,0,317,103,2
2,1,2,71,188,6,252,20,134,165,40,1
4,2,1,31,103,3,165,5,44,70,28,2
4,1,1,27,102,3,307,44,55,73,38,1
2,1,1,3,10,1,127,14,5,15,6,2
3,2,2,70,209,1,411,108,42,246,57,1
3,2,2,81,238,6,523,59,7,237,77,1
1,2,1,85,202,2,223,193,65,234,48,2
4,2,1,69,276,4,28,90,134,262,77,2
3,1,1,96,279,5,421,158,65,216,96,1
0,1,1,67,167,9,299,181,94,263,43,1
0,2,2,22,47,6,280,59,44,52,32,1
1,2,1,19,46,4,444,2,20,51,10,1
2,1,1,70,236,1,259,42,122,175,108,1
2,1,2,44,132,7,287,77,59,103,50,1
5,1,1,97,315,8,517,234,7,323,115,1
4,2,1,1,7,9,355,0,1,8,4,1
5,1,1,67,236,2,82,171,69,212,89,2
2,1,1,15,40,2,465,50,15,31,9,1
2,1,1,42,97,9,216,74,76,119,51,2
4,2,1,41,147,3,83,47,1,87,49,2
2,2,2,35,138,2,333,8,2,110,34,1
1,1,2,57,149,0,247,171,20,144,36,2
5,2,1,84,260,4,543,233,98,178,113,1
3,2,1,32,129,3,483,65,3,127,49,1
3,2,1,8,29,6,490,19,1,33,11,1
1,2,1,42,139,7,109,127,13,123,45,2
0,2,2,34,75,6,76,98,69,116,30,2
3,2,2,12,24,3,325,31,18,31,10,1
0,2,2,51,106,8,407,129,26,124,76,1
3,1,1,92,202,2,345,174,130,242,102,1
4,2,1,64,218,2,587,36,35,195,47,1
5,1,2,96,367,8,19,192,51,196,51,2
1,2,2,17,46,9,347,41,21,65,17,1
2,2,1,56,222,2,588,119,26,168,48,1
2,2,2,29,101,4,120,69,59,97,35,2
0,1,2,66,181,0,491,40,9,199,99,1
5,2,2,44,159,5,591,59,12,105,37,1
2,2,1,0,4,7,341,6,2,3,1,1
3,2,1,93,225,2,19,2,184,338,94,2
5,2,1,60,219,9,519,135,66,214,87,1
4,2,1,95,320,8,87,116,143,197,54,2
5,1,1,40,120,0,386,105,2,153,42,1
1,1,1,55,117,1,115,157,9,170,74,2
4,1,2,78,252,1,422,172,139,259,49,1
4,1,2,50,201,9,461,47,16,140,62,1
1,1,1,69,149,3,89,59,9,240,59,2
1,1,1,91,276,5,300,21,42,287,66,1
5,1,2,18,58,0,107,19,19,43,20,1
3,1,1,37,137,8,529,52,40,113,27,1
2,2,2,26,56,2,595,10,39,106,15,1
5,1,1,28,108,5,141,85,25,70,20,2
4,2,2,43,95,7,595,98,82,136,55,1
4,1,2,17,40,1,526,24,0,67,9,1
1,1,2,21,69,3,153,30,21,78,34,2
0,1,2,45,172,0,401,54,23,114,70,1
2,2,1,11,24,3,327,1,3,23,13,1
3,1,2,29,107,0,243,59,22,87,24,1
0,1,2,82,172,8,111,132,53,310,104,2
5,1,1,15,55,1,283,20,18,57,23,1
2,2,2,17,72,0,589,6,11,68,26,1
3,2,2,22,83,3,384,34,24,59,16,1
5,1,2,66,202,4,278,5,118,269,34,1
1,1,2,27,106,9,145,66,28,90,26,2
4,1,1,87,260,4,69,238,70,271,121,2
1,2,2,86,219,8,494,84,119,207,105,1
0,1,1,80,189,7,192,165,92,197,72,2
3,2,1,34,129,7,257,98,40,96,21,1
4,1,1,93,315,2,219,59,13,281,122,2
0,2,1,17,54,8,399,55,2,62,20,1
3,2,1,89,243,0,441,80,40,351,135,1
5,1,2,9,35,8,208,2,18,20,9,2
5,2,1,9,25,4,347,27,20,40,14,1
1,1,2,91,283,6,356,173,91,271,125,1
4,1,1,37,103,0,139,3,76,145,25,2
5,2,1,13,37,5,50,29,19,41,12,2
5,1,2,6,19,2,193,9,5,25,10,2
4,1,2,4,15,2,551,1,11,18,8,1
2,1,2,42,122,8,192,79,12,98,27,2
4,1,1,25,51,2,561,63,24,64,27,1
3,2,1,60,143,0,364,183,84,165,66,1
5,1,1,5,10,7,62,21,13,17,10,2
0,1,2,32,91,2,403,6,60,83,26,1
1,2,1,47,165,5,458,17,27,108,59,1
3,2,1,40,94,0,96,7,82,83,43,2
0,1,1,51,103,0,528,81,67,171,58,1
5,1,1,35,97,9,409,80,8,117,22,1
4,2,1,54,172,4,228,142,23,118,72,2
2,1,1,41,157,6,323,98,67,167,45,1
4,2,1,69,242,6,299,91,70,201,68,1
4,1,1,52,124,1,322,110,33,148,65,1
0,2,2,58,128,2,85,166,76,217,74,2
4,1,1,39,122,0,279,109,72,119,20,1
4,2,2,81,176,9,546,127,13,265,122,1
3,1,2,79,236,4,149,71,61,280,89,2
1,2,2,70,246,6,366,36,116,163,58,1
5,1,2,70,172,1,80,23,4,172,62,2
2,1,1,33,78,1,289,38,67,122,27,1
1,1,2,60,192,5,545,91,29,150,40,1
3,2,2,50,170,4,101,26,14,124,64,2
0,2,2,43,142,0,466,61,84,169,66,1
5,2,2,52,148,5,222,52,47,136,57,2
3,2,1,18,66,2,534,22,28,61,30,1
3,1,2,87,251,3,288,194,121,185,45,1
2,1,2,48,103,1,270,119,9,145,71,1
2,1,2,47,173,2,560,136,75,124,56,1
4,1,1,51,189,1,355,142,69,175,39,1
3,2,1,83,274,1,157,36,4,186,52,1
5,1,1,5,18,6,563,1,12,24,6,1
3,2,1,57,186,1,442,108,45,229,80,1
3,1,2,33,130,1,498,74,53,118,36,1
5,2,1,75,186,7,252,156,61,236,66,1
2,2,1,43,122,5,118,4,43,121,43,2
0,1,2,89,219,2,119,74,6,179,98,2
1,2,1,88,296,0,368,221,72,241,47,1
2,2,2,87,289,3,308,108,52,332,117,1
5,2,2,63,135,4,42,153,23,141,73,2
4,2,1,79,177,3,517,14,78,166,108,1
1,2,2,82,296,7,176,161,24,324,75,2
0,2,2,51,197,2,581,159,37,192,40,1
2,1,2,39,153,5,538,55,48,148,27,1
3,2,2,67,271,1,106,102,65,236,53,1
1,1,1,50,192,5,478,52,43,196,58,1
5,2,1,18,71,6,499,36,37,40,11,1
3,1,2,44,175,9,416,126,26,105,45,1
0,1,1,69,198,7,456,80,50,173,54,1
0,2,2,91,198,4,443,48,18,216,135,1
3,2,2,52,191,9,431,138,32,197,43,1
3,2,2,39,82,0,533,120,0,159,34,1
4,2,2,47,111,3,170,120,75,144,48,2
5,1,1,52,209,9,434,73,18,112,75,1
0,1,2,28,93,5,320,79,0,83,36,1
0,2,1,66,141,3,512,152,45,208,64,1
4,1,1,49,137,5,159,98,0,101,68,2
0,1,1,96,323,4,404,70,121,297,49,1
1,1,1,14,38,2,91,43,14,54,7,2
4,1,2,78,288,1,121,31,120,267,88,1
5,1,2,27,64,6,496,38,37,94,42,1
4,1,2,90,300,4,307,239,166,293,89,1
3,2,2,93,201,6,76,23,66,256,84,2
0,1,1,35,82,3,124,19,56,145,41,2
5,1,1,69,205,2,142,29,71,279,71,2
5,2,2,54,173,6,148,67,35,186,68,2
0,1,1,10,24,0,338,15,5,24,15,1
3,2,2,14,53,2,410,31,8,57,16,1
4,2,1,14,45,9,341,42,10,38,14,1
2,2,2,51,199,4,48,92,95,170,61,2
5,2,2,89,196,9,219,93,164,286,105,2
4,2,1,92,347,4,217,107,151,272,67,2
3,2,2,57,221,2,75,65,105,178,48,2
2,1,1,9,31,4,126,3,8,36,14,2
4,1,1,29,112,6,485,32,31,88,42,1
4,2,2,20,83,9,73,41,13,56,14,2
1,1,2,58,198,2,176,139,100,149,55,2
1,1,1,18,53,8,20,24,23,43,21,2
4,1,2,70,226,8,357,146,4,171,88,1
1,2,1,3,16,5,568,2,5,15,3,1
1,2,1,56,136,2,45,40,93,206,55,2
0,2,2,0,0,2,172,4,1,4,0,2
4,2,1,44,92,9,313,52,59,134,30,1
5,2,1,44,125,6,469,131,86,118,35,1
1,1,2,63,228,9,441,114,85,254,79,1
4,2,1,42,163,6,589,8,14,146,59,1
0,2,1,7,33,4,383,14,7,32,4,1
0,2,1,30,71,8,480,42,26,87,28,1
3,1,2,4,8,3,238,5,8,11,3,2
1,2,2,50,123,4,421,11,87,136,36,1
3,2,1,62,149,6,167,155,91,181,32,2
2,2,2,8,22,2,251,17,2,34,9,1
2,2,2,66,145,6,503,113,33,193,66,1
0,1,2,28,81,4,61,77,2,70,18,2
1,2,1,85,304,2,408,206,45,273,93,1
4,1,1,86,206,8,466,135,154,342,130,1
1,2,1,37,112,0,164,93,57,121,51,2
5,1,2,15,40,0,217,1,2,59,16,2
3,2,1,7,20,2,447,12,2,26,6,1
1,2,2,70,244,2,296,88,14,214,58,1
0,1,2,90,251,0,483,253,20,193,124,1
3,2,2,55,191,0,35,74,106,203,71,1
5,2,1,9,24,1,589,19,10,19,5,1
2,2,1,9,19,1,574,19,13,18,9,1
0,1,1,58,236,1,94,67,58,216,45,1
2,1,1,79,282,9,120,15,14,315,100,2
2,2,1,63,248,9,548,115,86,171,44,1
0,1,1,74,176,7,488,17,78,268,59,1
1,1,2,20,46,3,209,38,0,51,29,2
4,2,1,65,155,5,166,75,46,196,66,2
5,1,1,11,40,0,295,13,5,26,15,1
1,2,2,26,64,5,22,19,20,83,21,2
3,1,2,68,186,0,391,63,74,149,39,1
3,2,1,86,264,4,79,101,155,267,97,2
0,1,2,87,255,8,231,124,34,226,54,2
5,2,2,68,215,1,331,81,71,143,100,1
0,1,1,67,183,4,30,196,94,161,45,2
5,1,2,90,289,7,83,177,133,301,57,2
0,1,1,59,194,7,378,137,23,190,55,1
1,1,1,42,144,3,594,114,63,91,24,1
4,2,2,97,224,5,267,272,99,294,54,1
5,2,2,37,137,1,408,7,18,153,52,1
3,1,2,66,209,0,133,107,19,229,63,1
4,2,2,34,84,6,2,64,37,75,41,2
4,1,2,5,23,6,436,21,6,16,4,1
2,2,1,38,82,2,23,112,10,140,41,2
4,1,2,16,38,5,370,19,29,44,22,1
3,2,2,54,207,5,309,88,110,155,49,1
4,2,2,66,239,8,49,188,0,155,94,2
5,2,1,4,12,0,19,1,11,18,6,2
1,2,2,40,159,6,91,58,21,138,26,2
4,2,2,48,184,4,455,36,6,127,26,1
1,2,2,39,119,2,54,73,56,160,35,2
3,2,1,20,85,0,577,50,13,61,31,1
1,2,2,32,83,7,12,64,61,81,30,2
0,1,2,69,156,6,446,95,39,232,80,1
3,1,2,56,193,7,13,111,81,224,63,2
2,1,2,32,126,6,557,34,25,84,19,1
2,2,2,75,180,9,204,146,5,180,46,2
0,1,2,3,9,6,256,9,0,15,5,1
2,1,1,51,107,6,93,68,24,202,52,2
0,1,2,45,141,6,581,110,61,173,24,1
2,1,1,41,119,6,419,51,26,137,57,1
4,1,2,18,72,6,557,43,15,39,21,1
2,1,1,18,73,7,129,53,31,55,22,2
3,2,2,39,156,5,238,39,8,85,57,2
1,2,2,67,141,4,528,46,130,264,90,1
5,1,1,21,58,2,39,51,25,80,24,2
5,1,1,56,163,8,76,25,75,208,28,2
5,2,2,78,297,6,249,148,2,170,70,2
3,2,1,35,124,8,287,110,31,85,41,1
0,2,2,24,81,8,561,0,35,59,38,1
0,2,2,28,67,5,109,64,49,77,35,2
4,1,2,25,99,1,228,78,22,97,16,1
4,2,2,55,193,3,391,88,22,118,30,1
2,1,2,13,33,1,284,39,13,45,17,1
5,2,2,66,197,1,159,145,30,247,49,2
1,1,1,79,314,4,455,0,127,298,47,1
3,2,1,90,274,9,388,48,163,255,112,1
1,2,1,74,257,2,84,26,12,197,79,2
4,1,2,4,13,9,569,14,10,14,2,1
1,2,1,45,184,9,145,21,0,108,40,2
0,1,2,12,52,2,93,5,15,51,18,2
3,1,1,92,243,4,114,88,134,235,56,2
2,1,2,95,196,7,95,28,137,365,108,2
3,2,1,87,207,6,515,2,108,213,64,1
5,1,2,44,102,3,458,39,43,155,29,1
5,2,1,54,142,4,157,69,78,203,46,2
0,1,1,8,29,4,554,26,8,26,12,1
3,1,2,33,100,7,24,24,9,123,24,2
0,2,2,77,312,6,549,194,103,263,106,1
3,1,1,59,239,5,372,3,111,232,50,1
3,2,1,87,206,2,559,96,165,290,111,1
4,1,2,51,151,3,284,51,17,137,50,1
5,2,2,11,45,1,46,32,16,31,16,1
3,1,2,38,125,8,335,60,70,126,42,1
2,2,2,85,224,1,65,82,148,299,72,2
1,2,2,93,197,7,556,248,0,353,62,1
5,1,1,88,197,0,140,171,10,282,76,2
0,1,1,71,230,0,316,157,59,255,41,1
3,1,1,72,254,0,161,57,29,148,51,1
5,2,2,29,105,4,381,51,17,71,15,1
2,1,2,41,91,0,185,110,81,107,22,2
1,1,1,22,80,2,384,55,35,50,23,1
1,1,2,52,176,6,427,131,0,120,47,1
2,2,2,14,48,2,484,14,24,42,14,1
3,2,1,97,201,1,565,261,36,360,127,1
3,2,2,56,198,8,491,14,108,160,56,1
4,2,2,20,82,7,566,40,19,65,28,1
2,2,1,4,18,8,272,4,5,11,3,1
4,1,2,20,83,2,301,27,29,64,33,1
1,1,1,24,52,6,520,27,24,90,20,1
4,2,2,10,40,3,298,16,18,29,13,1
2,1,2,29,84,8,244,53,11,119,15,2
5,2,1,44,142,6,261,23,62,99,58,1
4,1,1,91,352,2,247,28,177,267,138,2
4,1,2,61,131,0,204,105,109,142,94,2
2,2,2,57,205,6,230,71,58,128,88,2
2,1,1,27,103,2,314,10,3,73,36,1
4,2,2,59,221,8,51,118,50,241,48,2
4,1,1,57,194,4,131,33,92,224,53,2
1,2,1,44,181,4,103,2,88,170,29,2
2,2,2,68,199,3,368,166,50,258,91,1
3,2,1,49,101,8,99,80,43,198,46,2
1,1,2,29,103,6,365,62,8,92,39,1
2,1,2,39,125,7,44,103,70,155,41,2
0,1,2,16,51,7,255,39,29,48,17,1
4,2,1,80,266,9,1,237,136,307,99,2
2,2,1,6,18,2,426,20,0,23,6,1
2,1,2,82,228,2,389,57,25,186,119,1
0,2,2,83,336,1,365,85,128,176,45,1
3,2,1,31,124,7,308,36,62,123,45,1
3,2,2,56,125,9,35,44,30,150,80,2
3,2,2,42,102,8,377,1,20,118,50,1
1,2,2,24,82,0,191,17,18,50,26,1
2,2,1,94,278,9,463,230,118,272,103,1
5,2,1,50,178,3,509,24,69,137,55,1
5,2,1,95,359,7,244,35,150,310,52,2
1,1,1,0,5,6,324,6,0,3,0,1
3,1,2,63,165,4,88,95,8,146,72,2
4,1,1,70,228,6,344,133,35,180,42,1
0,2,2,50,181,6,300,73,97,162,36,1
2,2,2,63,138,0,409,10,127,206,40,1
5,1,1,21,53,3,342,26,19,83,25,1
0,2,1,31,101,1,123,74,47,113,32,1
0,2,1,18,56,5,600,38,24,68,30,1
2,1,1,81,192,1,115,23,94,214,86,2
4,1,1,36,140,1,345,13,11,106,46,1
0,2,2,55,153,7,442,7,58,111,68,1
4,2,2,71,195,3,424,55,60,287,103,1
1,1,2,14,51,5,407,6,17,59,8,1
5,2,1,6,22,1,480,5,9,14,4,1
4,2,2,61,216,4,238,96,54,190,78,2
2,1,2,86,174,6,406,229,43,300,92,1
0,1,2,71,142,7,511,10,124,158,96,1
2,1,1,36,88,6,549,63,24,92,25,1
3,1,2,60,164,4,580,158,82,198,91,1
5,2,1,33,92,1,364,95,5,75,52,1
5,1,1,12,47,0,165,0,26,50,15,1
3,2,1,33,117,0,486,6,64,104,17,1
1,1,1,4,17,4,26,4,10,21,7,2
0,2,2,39,105,7,99,59,76,124,53,2
2,2,1,52,112,2,541,68,1,108,66,1
2,2,1,18,64,6,338,49,2,46,23,1
4,1,1,33,86,1,178,40,39,110,38,2
0,1,1,81,297,1,300,146,125,245,120,1
0,1,1,65,153,7,468,3,18,257,38,1
0,2,2,17,62,4,223,24,11,59,11,2
2,1,1,63,206,6,27,82,1,225,47,2
1,1,1,4,15,3,499,10,7,19,8,1
5,1,2,68,227,8,503,187,63,275,41,1
2,1,2,75,151,8,224,129,51,207,66,2
1,1,2,24,63,2,206,23,19,93,21,2
1,1,2,90,185,0,51,224,22,312,129,2
2,1,1,16,39,3,348,12,31,59,16,1
1,2,2,47,182,1,312,61,59,161,29,1
1,1,2,55,121,6,96,54,75,173,56,2
3,2,2,1,5,0,158,5,0,8,2,2
3,1,1,15,31,2,188,1,5,42,16,2
4,1,2,68,186,2,175,13,61,144,52,2
1,2,2,20,67,8,117,20,39,62,19,2
2,2,2,66,184,3,481,176,9,234,54,1
1,2,1,22,59,5,37,34,21,91,23,2
0,2,1,4,15,5,211,3,2,19,4,2
4,1,2,60,170,2,537,126,37,244,46,1
1,2,2,74,243,5,510,13,105,300,52,1
2,2,2,46,103,3,288,37,52,147,45,1
5,1,2,40,89,5,570,32,24,120,57,1
0,2,1,70,204,4,433,156,120,189,99,1
5,2,1,62,200,7,48,100,109,201,69,2
0,2,1,87,227,5,441,56,112,268,71,1
3,2,2,49,142,5,6,7,88,113,29,2
2,1,1,61,192,8,128,159,72,196,65,2
3,1,2,64,218,1,155,38,30,248,74,1
1,2,1,46,144,0,56,71,88,131,55,1
0,1,2,0,1,1,294,5,0,1,1,1
0,2,1,73,255,8,544,91,6,183,65,1
4,1,2,88,344,1,471,48,95,338,77,1
2,1,2,52,122,1,322,144,29,115,54,1
1,2,1,15,42,9,180,2,6,51,19,2
4,1,2,41,112,9,37,111,60,167,52,2
1,1,2,50,109,2,398,141,76,185,27,1
4,2,2,42,167,8,2,10,21,137,57,2
1,2,1,37,75,6,49,112,5,115,36,2
0,1,2,9,30,4,182,28,3,26,16,2
2,1,2,23,79,4,129,15,41,56,22,2
4,1,2,3,10,3,171,5,3,12,7,2
0,1,1,88,321,4,595,168,58,204,95,1
1,2,1,49,200,8,457,118,34,131,32,1
2,1,2,50,132,0,477,70,52,152,61,1
5,2,1,42,86,1,461,81,10,139,30,1
1,1,2,17,39,5,521,52,15,47,27,1
4,2,1,90,262,2,362,10,4,266,53,1
2,2,1,46,162,4,50,20,65,111,29,2
4,2,2,47,104,9,21,12,4,108,65,2
3,1,1,46,98,1,68,91,51,162,35,2
4,1,2,91,246,6,155,269,47,348,138,2
5,2,1,73,243,3,444,16,36,164,93,1
1,1,2,57,165,1,506,112,97,225,71,1
0,1,2,92,276,2,156,214,182,352,78,2
5,1,2,51,131,3,419,16,2,111,53,1
4,1,2,35,87,8,368,78,16,131,31,1
0,1,1,23,55,8,194,51,44,82,23,2
4,2,2,26,105,0,541,7,26,68,41,1
0,1,1,52,211,3,421,82,64,164,74,1
5,1,2,29,91,4,114,2,53,77,28,2
5,2,2,46,152,4,512,95,15,175,35,1
1,2,2,86,172,9,532,18,36,237,74,1
5,2,2,95,364,6,159,275,178,225,56,2
2,1,1,62,238,2,292,25,63,199,60,1
5,1,2,32,128,9,227,9,45,83,40,2
4,2,2,33,99,5,33,76,64,78,34,2
3,2,2,30,97,8,232,33,1,95,21,2
2,1,1,47,128,8,454,82,33,162,72,1
0,1,1,11,45,1,535,5,1,30,8,2
4,1,2,23,51,4,292,34,15,96,29,1
0,1,2,73,270,9,253,116,28,259,61,1
2,1,2,5,17,3,506,19,11,19,4,1
4,1,1,80,282,0,78,68,112,261,115,1
1,2,2,67,259,1,234,145,119,146,94,1
1,2,1,13,56,7,100,42,24,45,15,2
3,1,2,61,180,8,243,18,94,174,35,2
0,2,1,86,253,4,415,252,25,346,86,1
4,1,1,87,204,2,384,11,92,201,67,1
3,2,1,19,58,3,46,55,6,42,29,2
1,1,1,90,289,2,369,99,129,231,117,1
2,2,2,34,77,5,266,105,30,86,27,1
0,2,1,84,233,0,61,257,53,244,75,2
5,1,2,28,77,2,33,32,4,79,22,2
3,2,1,50,160,3,35,95,70,133,73,2
3,1,1,70,201,4,258,0,132,269,106,1
1,2,1,38,153,5,136,104,28,145,32,2
1,2,2,22,49,0,71,61,31,82,14,2
2,2,1,53,181,4,215,68,44,182,41,2
0,2,1,88,240,4,299,129,34,266,64,1
0,2,1,77,237,9,428,186,156,215,74,1
2,2,1,60,213,9,379,186,25,242,91,1
3,1,1,77,289,1,99,232,55,299,69,1
3,2,2,10,42,2,519,14,11,41,9,1
1,1,2,45,114,2,8,118,11,148,37,2
5,1,1,57,153,0,430,126,47,156,59,1
4,2,1,12,48,6,12,40,10,29,14,2
3,2,1,45,125,7,440,22,86,114,61,1
5,1,1,74,197,4,222,215,14,201,43,2
4,1,2,70,166,1,402,159,71,217,96,1
4,2,1,12,40,7,147,36,12,50,10,2
5,1,2,12,26,1,529,8,6,51,16,1
2,1,2,77,182,8,427,202,124,193,71,1
5,2,1,74,184,6,209,85,85,219,37,2
3,1,1,94,339,0,445,25,20,327,67,1
1,2,2,21,63,8,213,46,9,87,16,2
2,2,2,79,182,2,72,191,102,307,79,2
2,1,1,1,4,1,111,6,0,9,1,2
4,1,2,45,105,9,195,113,68,167,45,2
5,2,2,9,22,1,527,24,10,38,6,1
4,2,2,84,248,2,520,144,50,257,83,1
5,1,1,85,278,4,360,254,8,256,101,1
0,2,2,20,83,1,263,9,10,41,28,1
1,2,1,3,11,4,583,9,0,14,3,1
0,2,1,89,217,5,87,252,156,314,70,2
1,1,2,20,84,5,313,5,18,54,24,1
0,2,1,20,77,6,35,28,37,66,29,2
1,1,1,94,342,0,495,95,9,317,93,1
1,1,1,63,136,3,69,96,3,169,83,2
4,1,1,22,71,8,588,27,16,73,32,1
4,2,2,53,120,2,442,129,27,195,43,1
0,1,2,48,141,1,574,30,93,138,39,1
1,1,2,25,78,7,391,20,36,78,21,1
3,2,1,83,300,5,462,127,37,197,42,1
1,1,2,42,104,8,24,22,33,124,54,2
4,2,2,3,15,9,477,9,3,10,2,1
0,1,2,81,211,0,362,61,123,242,102,1
2,2,1,58,127,5,162,21,25,143,56,2
3,2,1,38,101,6,309,21,69,114,46,1
5,1,1,42,114,9,290,9,27,152,23,1
3,1,1,42,155,8,479,72,54,146,36,1
2,1,1,17,47,6,341,10,9,52,24,1
0,1,1,48,181,5,452,146,40,102,65,1
0,1,2,78,234,4,5,222,116,169,120,2
4,2,2,80,204,4,246,108,70,247,106,2
2,1,2,68,239,3,533,137,41,258,91,1
2,2,2,22,85,8,121,32,15,64,14,2
5,1,2,64,185,1,339,32,11,248,43,1
3,1,2,30,66,9,435,15,37,89,31,1
0,2,1,24,51,0,77,1,49,58,27,2
3,2,2,67,153,9,10,45,36,201,48,2
4,1,2,46,137,0,395,113,17,151,46,1
1,2,1,1,9,1,55,7,3,5,2,1
1,2,1,41,138,5,225,21,11,138,55,2
5,2,2,5,21,9,30,13,7,22,5,2
5,1,2,92,255,6,325,271,154,305,111,1
3,2,1,6,26,4,344,6,5,26,4,1
5,2,2,42,146,1,565,82,62,146,35,1
1,1,1,45,145,2,361,85,60,133,64,1
2,2,2,21,47,3,584,14,17,58,15,1
5,1,1,83,264,4,503,5,166,241,96,1
2,1,2,74,280,5,500,197,148,153,78,1
2,1,2,30,123,8,496,62,35,93,20,1
4,2,2,22,47,1,416,15,28,66,14,1
0,1,1,3,8,8,179,15,5,15,6,2
3,2,1,83,280,0,510,251,43,182,107,1
0,1,1,87,206,8,268,188,7,324,53,1
0,1,2,26,53,3,542,0,13,58,19,1
3,2,1,27,67,1,506,57,56,56,30,1
1,1,1,47,174,3,422,92,73,161,30,1
5,2,2,94,204,6,142,257,98,315,82,2
3,1,1,31,95,2,60,45,6,107,44,2
3,2,2,26,56,1,161,16,4,86,28,2
2,1,2,76,219,4,435,97,46,227,69,1
4,1,1,23,81,5,461,63,13,81,16,1
0,1,2,42,103,9,353,68,46,165,54,1
0,2,2,77,305,1,426,50,146,235,55,1
1,1,2,87,223,8,317,84,155,276,117,1
0,1,2,54,131,0,160,34,41,145,41,2
1,2,2,12,30,3,6,32,8,24,8,2
5,1,1,3,11,1,171,5,1,10,3,2
1,1,1,49,150,1,328,69,33,173,27,1
3,1,2,96,253,4,104,243,67,365,115,2
2,1,1,84,213,7,504,154,3,265,71,1
3,2,2,14,36,9,504,9,25,29,8,1
1,2,1,23,64,0,202,34,26,91,14,2
0,1,2,93,223,2,561,246,132,287,56,1
2,2,1,28,75,6,255,66,27,93,17,1
0,2,2,49,133,8,51,17,37,141,76,2
2,2,1,74,233,2,58,202,29,218,109,2
5,1,2,86,185,6,536,173,101,324,54,1
4,2,1,9,26,1,254,28,10,38,16,1
3,1,2,85,302,0,143,118,18,243,81,1
5,2,2,59,233,1,425,174,51,153,48,1
2,2,1,17,67,6,518,48,35,42,21,1
1,2,2,97,375,2,370,194,126,354,65,1
0,1,2,56,208,2,114,79,24,157,56,2
2,2,1,93,364,3,587,218,180,189,117,1
3,1,1,77,263,5,109,171,14,222,87,2
1,2,1,11,42,6,379,27,21,34,16,1
4,1,1,5,23,8,178,6,6,18,3,2
3,1,2,4,9,0,452,11,5,20,7,1
0,1,2,92,327,1,316,154,50,248,78,1
2,2,1,36,122,6,542,37,67,143,53,1
3,1,1,76,260,9,540,12,113,238,53,1
3,1,1,76,274,2,130,20,80,258,53,2
4,2,2,25,67,1,51,11,23,80,27,2
5,2,2,4,20,1,47,0,0,16,2,2
3,2,1,78,285,4,276,188,75,160,119,1
0,2,1,38,107,3,499,44,61,144,42,1
1,2,1,31,105,0,250,60,38,107,47,1
2,1,2,56,130,1,578,84,54,183,45,1
3,1,1,22,45,5,595,68,3,70,33,1
4,2,2,74,294,2,303,32,29,275,110,1
2,2,1,23,66,5,25,58,16,61,36,2
2,1,2,31,115,1,93,57,37,65,26,1
3,1,2,96,300,0,312,107,46,318,56,1
0,1,1,8,35,3,253,25,10,18,13,1
0,2,1,23,85,6,89,73,14,82,36,2
0,1,2,17,65,1,482,1,34,46,24,1
3,1,2,29,82,5,193,87,51,117,20,2
5,1,1,58,116,0,329,25,0,189,42,1
5,2,2,63,213,4,119,16,109,220,66,2
2,2,1,57,155,0,144,143,43,200,55,2
5,2,1,63,155,7,1,92,99,171,71,2
0,1,1,36,109,9,179,11,64,117,54,2
3,2,1,28,111,4,124,18,42,106,15,2
0,1,2,41,166,8,169,2,58,117,62,2
4,2,1,33,80,0,597,79,55,123,18,1
3,2,2,1,2,0,177,7,2,5,4,2
3,2,1,4,11,7,209,6,3,21,9,2
0,1,1,6,14,1,452,23,11,29,4,1
0,2,1,54,188,6,575,167,47,148,77,1
2,2,1,16,33,1,43,34,11,59,15,2
0,1,2,66,205,9,519,165,119,264,80,1
2,1,1,40,165,0,133,33,0,138,37,1
1,2,1,0,1,2,468,3,1,3,0,1
2,1,1,83,315,2,414,170,9,263,56,1
2,2,1,26,98,7,231,29,29,69,41,2
0,1,1,34,83,2,229,35,33,110,52,2
1,2,2,60,192,9,148,33,71,221,80,2
1,1,2,25,97,0,284,65,27,74,34,1
1,1,2,66,226,1,201,39,94,170,44,1
2,2,2,61,242,8,548,102,35,179,82,1
4,2,2,86,188,2,286,176,88,203,124,1
1,1,2,57,127,0,86,163,50,117,38,2
5,2,1,96,370,8,1,67,49,340,62,2
2,1,2,31,80,2,353,47,31,80,46,1
4,1,1,1,2,6,148,7,1,5,1,2
1,2,1,46,113,7,396,14,94,115,65,1
1,1,2,73,280,7,407,97,11,160,67,1
2,2,2,84,214,1,129,55,108,306,60,2
4,2,2,87,208,2,331,42,2,255,62,1
5,2,1,94,293,1,146,229,35,361,131,1
0,1,1,75,178,8,405,61,51,235,63,1
3,2,1,68,149,0,409,103,125,204,40,1
4,2,1,76,192,6,439,19,90,201,44,1
4,1,2,92,323,1,598,182,40,217,102,1
4,2,1,4,18,2,258,13,10,19,3,1
3,1,2,49,130,1,289,112,27,199,61,1
2,1,1,36,141,0,1,23,14,73,24,2
2,2,1,51,209,6,216,22,50,206,77,2
5,2,2,9,33,5,15,13,7,28,14,2
3,2,2,62,141,4,246,106,100,209,51,2
0,2,1,49,142,6,259,110,11,120,60,1
3,1,1,51,166,0,50,158,31,140,68,1
1,1,2,65,184,3,283,93,41,168,69,1
2,2,2,38,91,3,574,44,37,99,48,1
2,2,1,37,113,3,508,58,31,126,50,1
1,1,1,14,46,7,187,43,11,36,20,2
3,1,2,25,75,6,570,54,53,54,21,1
3,1,2,12,35,3,540,17,2,50,15,1
4,2,1,78,189,8,382,25,89,187,53,1
3,1,1,80,286,4,368,237,45,284,109,1
5,1,1,46,100,3,481,48,68,108,43,1
4,1,2,79,187,2,75,41,145,188,119,2
4,2,2,57,146,6,557,26,95,157,35,1
5,1,1,79,318,2,523,182,18,238,65,1
0,1,2,12,47,3,386,18,19,29,15,1
1,1,2,14,60,0,421,30,6,49,9,1
4,1,2,44,91,8,245,8,24,112,63,2
1,2,2,27,86,2,223,9,56,94,18,2
2,1,1,84,246,9,307,136,76,315,54,1
4,2,2,36,146,9,128,65,35,119,25,2
0,2,2,80,200,1,366,131,102,256,78,1
3,1,2,30,98,9,404,34,48,87,39,1
0,2,1,79,235,4,494,54,155,204,88,1
1,1,1,96,230,5,130,32,126,302,138,2
0,2,2,0,2,9,315,5,2,3,2,1
0,2,2,64,138,9,60,68,51,251,78,2
0,2,2,89,180,6,158,61,92,338,100,2
2,2,2,53,201,5,587,88,94,120,33,1
4,2,2,70,271,3,435,141,142,191,95,1
1,2,2,22,53,7,79,37,6,69,34,2
4,1,2,94,252,9,244,40,114,235,111,2
1,1,1,56,164,5,421,11,97,169,75,1
4,2,2,21,57,3,376,60,4,45,22,1
1,2,2,1,9,1,42,8,1,8,2,1
0,2,2,97,267,7,266,35,172,364,115,1
2,2,2,33,137,0,55,87,16,115,29,1
2,1,2,46,182,9,305,57,55,144,58,1
2,2,2,14,49,7,225,3,29,53,16,2
5,1,1,6,22,5,103,5,0,29,8,2
1,1,1,88,332,8,427,188,105,278,53,1
1,1,2,81,286,5,229,183,39,322,58,2
4,1,2,26,58,8,115,22,42,81,20,2
1,1,1,62,170,4,579,100,11,151,82,1
2,2,1,58,123,7,349,48,53,236,51,1
0,1,2,27,95,7,95,54,43,83,24,2
0,1,2,63,238,9,188,33,60,226,97,2
1,1,1,0,1,3,269,2,2,4,3,1
1,2,2,82,243,6,517,18,131,310,82,1
1,1,1,59,175,9,406,160,109,166,43,1
2,1,1,78,309,3,253,68,35,207,103,1
5,2,1,7,15,6,164,23,3,15,7,2
2,1,2,71,197,2,429,131,107,176,91,1
4,2,1,35,71,5,63,48,68,102,44,2
2,1,2,50,169,5,265,35,13,197,63,1
1,1,2,70,207,6,121,35,116,215,46,2
0,2,1,92,339,4,212,131,156,323,63,2
3,2,1,32,121,0,430,25,39,119,46,1
0,1,2,4,20,3,327,18,5,19,3,1
0,2,1,31,97,7,134,30,41,126,41,2
2,1,1,57,140,0,110,119,44,166,41,2
3,2,2,11,33,7,324,24,23,30,19,1
4,1,1,55,166,1,356,130,74,217,84,1
2,2,2,75,270,7,458,73,46,245,91,1
4,2,1,68,232,8,36,150,95,194,78,2
5,1,2,79,216,8,78,52,34,159,96,2
1,1,1,17,39,1,320,47,28,72,9,1
0,2,1,94,337,5,410,237,103,374,78,1
1,2,1,52,204,3,453,19,8,187,36,1
1,2,1,76,269,7,154,161,34,168,114,2
1,1,1,80,188,3,319,172,122,312,66,1
2,1,2,87,282,2,67,222,166,212,93,2
1,1,2,12,28,9,84,2,12,39,18,2
2,1,2,15,56,7,310,31,3,34,13,1
0,1,2,51,192,5,502,98,33,149,32,1
3,1,2,63,249,4,558,154,109,137,81,1
2,1,2,57,137,3,299,47,95,175,67,1
4,1,1,96,267,0,95,187,30,227,97,2
3,1,1,75,159,2,80,115,151,222,64,2
1,1,2,77,268,4,503,200,98,219,66,1
4,1,2,33,86,9,509,71,15,134,32,1
4,2,2,22,63,0,422,61,33,53,30,1
5,1,2,97,353,4,92,79,43,378,129,2
0,1,2,37,142,3,245,59,30,100,34,2
2,2,1,71,282,4,499,215,31,155,43,1
0,1,1,62,216,5,427,154,101,237,53,1
4,1,2,69,195,8,230,71,34,206,71,2
2,2,2,86,187,6,337,137,139,268,61,1
5,1,2,72,207,1,261,213,38,261,39,1
2,2,2,42,117,9,121,93,27,154,34,2
3,1,1,84,300,6,159,120,41,235,91,2
3,2,2,67,257,6,528,148,42,182,36,1
4,1,2,94,272,9,379,234,75,371,63,1
2,1,1,79,254,3,155,223,115,195,95,2
0,2,2,24,91,8,579,28,14,48,23,1
3,1,1,91,258,6,336,47,161,342,116,1
2,2,1,19,53,7,126,4,3,68,12,2
4,2,1,88,212,6,208,166,172,240,130,2
3,2,1,68,189,1,468,86,137,189,77,1
3,2,2,20,61,9,367,63,39,80,29,1
5,1,1,73,279,0,140,82,58,241,60,1
1,1,1,81,165,0,66,220,66,270,45,2
2,2,2,1,3,0,83,6,3,8,4,2
0,2,1,1,5,1,303,8,2,3,2,1
3,1,2,37,146,1,428,47,40,146,55,1
0,2,2,64,200,2,249,108,9,228,98,2
0,1,2,39,104,3,555,115,7,109,31,1
5,1,1,16,50,5,161,28,20,44,20,2
3,2,1,68,158,7,79,20,52,227,100,2
2,2,1,49,134,2,259,78,98,124,51,1
1,2,1,1,3,3,516,6,3,8,2,1
4,2,1,41,111,0,260,100,39,86,33,1
0,1,1,30,117,6,345,52,14,118,34,1
4,2,1,40,112,2,251,106,76,110,50,1
0,2,1,94,226,3,215,43,147,330,78,2
4,1,2,11,33,4,357,32,19,26,11,1
3,2,2,22,90,0,382,31,44,49,15,1
0,1,2,4,13,4,288,16,1,8,3,1
5,1,1,94,371,4,59,21,136,375,94,2
0,1,2,2,9,1,466,9,3,9,3,1
4,1,2,57,196,6,169,142,68,218,32,2
0,1,1,5,11,4,318,13,2,14,5,1
0,2,1,84,174,9,411,220,0,305,74,1
0,1,1,88,337,1,249,20,89,197,124,1
3,1,1,49,201,2,454,17,26,115,76,1
4,2,1,3,12,2,161,13,5,14,2,2
2,1,2,14,35,4,537,38,11,52,16,1
0,1,1,96,236,6,159,10,134,208,72,2
4,1,2,76,294,9,314,220,7,265,63,1
4,2,2,63,237,7,73,56,51,153,67,2
5,1,1,73,262,5,212,165,29,234,60,2
4,1,1,87,231,8,481,165,31,246,58,1
4,1,1,16,55,6,5,6,33,33,20,2
1,2,1,74,275,2,147,13,7,198,109,2
4,1,1,10,43,2,457,19,2,45,15,1
5,1,1,25,101,0,423,28,7,100,14,1
1,2,1,44,106,5,163,12,12,106,66,2
2,2,2,67,184,4,399,128,57,209,52,1
4,1,1,82,249,0,8,81,93,274,105,1
0,1,2,1,2,8,402,3,4,9,1,1
2,2,1,93,366,1,156,102,168,338,128,1
3,1,1,17,56,3,351,7,21,59,15,1
3,2,2,40,142,9,540,45,59,86,46,1
4,1,1,20,76,8,548,51,17,82,16,1
5,1,1,69,194,1,427,77,129,233,58,1
4,1,2,33,113,4,35,63,52,100,23,2
5,2,2,2,5,8,4,9,5,11,4,2
2,1,1,86,341,0,412,105,125,290,59,1
0,2,2,16,63,4,437,50,20,57,15,1
1,1,1,74,290,6,390,139,40,297,91,1
1,1,1,8,29,1,588,20,15,19,13,1
2,2,1,80,269,4,539,92,64,252,60,1
5,2,1,34,121,3,33,88,10,104,40,2
5,1,2,92,234,8,562,215,35,221,56,1
5,2,2,24,88,1,9,64,14,56,34,1
5,2,2,93,304,4,523,163,37,300,130,1
0,1,1,33,114,6,349,27,7,111,48,1
5,2,1,96,353,4,426,94,185,309,120,1
4,1,2,6,28,8,412,4,7,16,11,1
0,2,2,95,365,9,401,121,162,238,105,1
3,1,2,60,210,5,355,65,116,189,50,1
1,2,1,42,163,8,85,8,53,131,51,2
2,1,2,16,35,1,477,51,27,43,14,1
3,1,2,15,50,6,396,3,7,42,8,1
3,1,2,37,138,7,196,25,22,134,29,2
2,1,1,20,76,2,359,34,18,83,24,1
3,2,1,61,174,0,242,168,9,161,53,2
2,2,2,20,84,8,429,39,33,73,13,1
1,1,2,79,281,2,444,203,105,215,77,1
4,2,2,66,167,0,449,180,38,268,94,1
0,1,2,45,145,9,455,123,50,151,37,1
3,1,1,20,50,0,206,16,17,55,28,2
3,1,1,33,127,2,91,61,35,130,43,2
1,2,1,33,113,4,598,31,27,87,45,1
5,2,2,3,12,5,227,1,6,8,2,2
5,2,2,97,354,9,170,95,181,377,145,2
1,1,2,82,247,5,394,53,149,227,77,1
1,1,2,48,185,6,25,131,57,125,43,2
4,2,1,53,131,4,580,3,8,196,28,1
5,1,1,28,116,6,159,60,48,114,42,2
3,2,1,92,211,4,23,51,155,293,113,2
4,1,2,74,287,3,439,221,81,218,88,1
0,2,1,53,160,4,424,119,15,116,62,1
1,1,2,29,71,8,187,84,12,89,45,2
3,1,2,75,274,1,139,139,75,268,62,1
2,1,2,96,251,0,355,199,46,210,79,1
3,2,2,30,89,6,143,33,11,69,45,2
2,1,2,5,23,9,189,1,2,21,9,2
4,2,1,29,83,6,127,31,38,96,37,2
0,1,1,43,102,9,117,98,20,93,58,2
5,2,1,87,245,8,542,162,50,197,81,1
3,2,2,57,229,0,7,155,100,208,63,1
2,2,2,13,42,8,128,45,12,53,11,2
4,2,1,61,149,7,115,155,18,204,79,2
3,2,1,63,179,9,105,104,28,210,67,2
4,1,2,78,312,8,383,103,79,298,96,1
1,1,1,31,103,6,442,3,6,81,45,1
4,2,2,37,97,4,230,109,2,120,19,2
3,1,2,14,32,4,544,45,22,49,16,1
2,2,1,37,136,8,415,50,56,96,21,1
3,1,1,78,260,5,176,217,66,161,90,2
2,1,2,20,45,2,421,18,1,66,22,1
4,2,2,74,300,5,39,204,80,219,58,2
5,2,1,25,65,2,161,45,20,79,17,2
2,1,1,61,229,5,256,70,83,239,53,1
3,2,2,75,184,3,183,151,56,243,102,2
2,1,2,43,169,8,106,41,63,135,33,2
2,1,1,92,245,6,213,241,179,366,75,2
0,2,2,44,123,7,274,34,62,148,36,1
0,1,1,50,154,2,392,38,70,125,55,1
5,1,1,78,295,8,567,177,141,225,92,1
1,2,1,97,374,0,575,196,29,199,65,1
4,1,1,83,183,4,297,166,32,207,116,1
2,1,1,47,117,9,213,142,81,180,48,2
3,1,1,68,239,0,54,182,70,156,79,1
2,2,2,94,256,8,347,118,99,352,115,1
1,1,2,95,234,2,575,115,144,374,104,1
1,1,2,60,140,9,519,75,117,164,43,1
4,2,1,39,93,4,221,119,71,138,49,2
0,1,1,59,196,9,461,45,37,124,71,1
0,1,2,5,16,8,272,14,10,17,3,1
3,1,2,62,238,5,271,190,115,129,75,1
4,1,1,36,75,9,591,46,70,140,33,1
1,2,2,47,145,5,595,86,82,180,52,1
2,1,2,19,63,9,280,38,41,59,21,1
2,1,2,60,231,3,305,100,108,215,92,1
4,2,2,14,48,3,405,24,8,48,19,1
1,2,1,11,47,9,123,9,8,36,16,2
5,2,1,71,222,0,546,98,47,200,57,1
2,2,2,19,47,1,242,7,6,63,31,2
5,2,2,4,21,8,331,6,3,18,9,1
4,1,2,68,242,8,18,43,17,160,36,2
1,2,1,28,65,4,241,58,57,104,29,2
1,1,2,7,26,9,482,0,15,32,8,1
2,1,2,94,347,0,588,126,65,372,58,1
0,1,2,13,33,6,447,2,14,27,12,1
0,1,1,48,186,2,341,43,85,193,67,1
3,1,1,3,14,1,340,4,7,10,2,1
4,2,2,74,278,5,24,125,85,196,111,2
4,1,2,53,209,9,59,42,53,183,64,2
0,2,1,64,230,5,38,24,8,186,93,2
0,1,2,12,29,6,84,31,8,31,20,2
5,2,1,86,263,7,245,191,166,301,76,2
5,2,2,60,239,8,310,102,78,193,83,1
2,1,1,81,276,8,540,126,35,188,92,1
3,2,2,22,78,2,330,51,29,88,23,1
1,1,2,89,309,1,208,128,117,308,78,1
0,2,1,93,346,1,235,8,141,253,139,1
1,1,2,10,31,9,417,31,15,22,9,1
2,1,1,75,190,3,435,12,19,235,104,1
5,1,1,76,217,9,228,58,88,244,49,2
0,1,1,92,197,1,50,33,14,366,47,2
0,2,2,15,54,5,122,34,11,62,9,2
4,2,2,40,152,8,494,73,7,131,22,1
2,1,2,22,74,2,419,60,17,64,16,1
3,2,1,25,58,6,330,39,28,103,23,1
3,2,1,4,15,1,543,14,3,14,4,1
2,1,2,44,153,0,464,77,15,157,58,1
3,1,2,70,174,1,362,131,115,160,53,1
0,2,2,45,152,7,11,128,2,172,27,2
4,2,2,41,98,0,306,99,18,86,55,1
5,1,2,45,99,7,574,108,77,108,70,1
4,2,1,85,297,1,70,176,156,343,121,1
1,1,2,68,202,4,114,197,75,204,51,2
2,2,2,4,8,4,500,12,2,20,9,1
1,2,2,66,166,5,479,138,102,231,44,1
1,2,2,62,138,9,253,117,45,197,36,1
4,2,2,74,296,8,145,48,139,181,57,2
3,2,2,88,211,3,196,164,73,315,125,2
0,1,1,22,56,4,350,51,37,50,23,1
3,2,2,66,176,2,483,200,98,233,55,1
5,1,1,33,132,4,235,31,57,122,31,2
4,1,1,87,337,9,115,135,31,333,127,2
0,2,2,58,150,3,409,89,17,161,35,1
3,2,2,5,22,6,519,16,10,18,9,1
0,2,1,66,170,8,541,105,86,157,87,1
4,2,1,51,104,5,400,158,19,202,29,1
1,1,1,12,39,1,581,28,12,48,13,1
2,1,1,12,43,1,504,19,22,49,7,1
4,2,2,90,214,2,353,227,46,291,86,1
1,1,1,77,289,0,363,196,121,283,101,1
0,2,2,43,172,4,195,103,35,94,62,2
1,2,2,36,95,3,35,1,51,139,18,2
5,1,1,13,46,2,318,34,10,29,9,1
3,2,2,10,21,5,180,30,1,28,17,2
4,2,2,15,46,8,543,48,22,59,18,1
4,1,2,50,138,7,183,118,8,189,27,2
1,2,2,14,48,5,248,22,27,33,8,2
4,1,1,64,157,7,79,65,126,244,45,2
5,2,1,92,263,9,471,102,126,364,117,1
4,1,1,1,2,0,53,6,1,9,4,2
5,2,2,44,112,7,368,65,31,99,55,1
3,2,1,59,210,0,87,71,31,160,41,1
0,2,1,13,38,5,489,36,16,55,13,1
0,2,2,85,333,6,451,71,137,225,70,1
3,2,2,68,213,5,439,16,76,242,84,1
4,1,2,45,128,6,192,10,45,138,64,2
4,2,1,74,235,7,596,37,45,151,64,1
1,2,1,90,242,1,245,256,0,203,132,2
5,2,2,92,363,9,591,139,166,190,89,1
0,1,2,46,148,2,548,13,3,185,35,1
3,2,1,4,21,5,584,6,8,11,6,1
3,1,1,47,140,6,139,103,56,171,51,2
3,1,1,31,82,5,286,75,51,75,39,1
3,1,1,89,185,9,8,145,102,202,48,2
5,1,2,59,232,7,0,3,7,225,48,2
3,1,1,82,193,0,441,215,2,184,83,1
4,1,2,77,311,3,398,165,114,284,51,1
2,2,1,59,220,4,433,121,97,169,56,1
3,2,1,18,39,7,271,17,39,55,13,1
3,1,1,97,296,9,190,105,91,268,74,2
2,2,2,93,251,7,151,190,29,335,114,2
4,1,1,17,65,2,259,36,22,59,12,1
4,1,1,67,211,4,277,125,22,146,63,1
2,2,1,13,47,1,313,44,13,49,21,1
4,2,2,17,35,9,485,10,6,58,15,1
0,1,1,21,57,3,390,55,29,57,20,1
2,2,2,76,168,6,51,190,72,190,71,2
4,2,2,2,7,4,147,0,3,6,3,2
0,1,1,92,189,9,408,212,163,231,131,1
2,1,2,89,214,5,249,254,110,344,122,2
1,1,1,88,185,3,497,41,94,226,75,1
4,2,2,69,140,6,237,137,104,179,61,2
3,1,2,6,22,5,528,17,0,12,7,1
0,1,1,43,93,6,171,32,77,107,36,2
5,1,2,83,251,1,36,85,12,303,90,2
3,2,1,23,95,7,124,47,32,55,13,2
2,1,2,13,30,8,140,8,23,27,18,2
0,2,2,60,170,3,283,37,39,133,33,1
1,2,1,11,26,2,180,29,3,26,14,2
5,2,2,64,255,4,370,46,72,203,85,1
0,1,1,51,134,2,29,88,76,109,28,2
5,2,2,12,27,2,454,35,27,50,14,1
2,2,1,27,75,8,288,4,1,113,42,1
3,2,2,63,162,1,251,53,8,182,76,1
3,1,2,81,186,1,16,202,97,210,82,2
2,2,1,87,319,5,82,0,113,202,54,2
3,1,2,51,147,2,417,70,41,168,53,1
0,1,2,26,70,2,376,35,22,54,32,1
1,2,2,78,275,2,367,60,126,222,99,1
3,2,2,37,102,9,521,16,63,107,39,1
0,1,2,60,198,9,45,93,59,171,41,2
3,2,1,57,189,4,142,95,5,180,47,2
1,1,1,58,230,5,372,20,113,193,64,1
3,2,1,89,290,0,208,190,51,313,119,1
5,1,1,32,120,4,315,70,16,111,35,1
1,1,1,16,41,3,389,32,25,35,16,1
1,1,2,1,9,8,447,1,0,4,2,2
1,1,1,88,225,4,112,0,156,317,47,2
1,1,2,62,166,0,403,63,73,156,74,1
5,2,2,56,219,7,584,12,48,192,85,1
5,1,1,24,83,8,351,10,1,75,26,1
4,2,2,64,170,6,493,167,14,172,39,1
2,2,2,59,215,1,107,98,1,199,58,1
2,2,2,39,108,3,90,8,31,98,34,2
3,2,1,1,7,5,169,6,4,4,3,2
4,1,2,45,101,2,73,68,86,140,54,2
4,1,1,13,55,0,4,24,16,30,14,1
5,2,2,25,80,3,533,46,13,65,33,1
2,1,2,67,206,0,2,187,107,266,92,1
0,1,2,74,284,2,97,110,132,243,38,2
1,1,2,39,97,2,591,49,3,123,36,1
3,2,2,39,119,0,157,7,5,138,49,2
4,2,2,14,29,7,357,2,1,54,12,1
2,2,1,2,11,0,180,2,7,13,2,1
5,1,1,42,170,9,540,36,51,126,23,1
2,2,1,36,77,5,566,60,6,81,19,1
0,2,2,41,167,3,319,41,66,168,39,1
1,1,1,88,332,0,448,79,98,254,115,1
3,2,1,93,252,5,581,265,141,213,89,1
2,1,1,67,136,3,529,143,81,221,46,1
3,2,2,41,108,2,12,48,38,98,33,2
3,2,2,64,211,4,167,152,60,200,52,2
1,1,1,50,140,8,350,54,23,173,36,1
3,1,1,2,8,2,411,1,3,11,1,1
4,2,2,11,38,8,586,28,5,35,6,1
5,2,2,95,281,1,194,53,120,241,100,2
2,1,1,52,106,6,441,13,60,201,56,1
4,2,2,10,30,5,576,4,1,35,10,1
0,1,1,68,261,6,310,143,0,136,53,1
5,1,2,74,257,2,478,129,24,252,109,1
5,1,1,5,15,6,271,2,4,16,4,1
3,1,1,73,248,8,254,125,79,282,47,1
0,2,1,21,59,3,412,68,17,85,15,1
5,2,1,54,112,1,395,95,71,114,78,1
0,2,1,52,106,9,66,37,5,207,48,2
1,2,1,16,52,4,126,50,15,56,16,2
0,2,2,27,66,4,20,51,5,74,15,2
3,2,1,12,43,3,243,15,12,24,20,2
2,1,2,26,107,7,225,82,18,55,24,2
0,2,1,31,128,5,512,48,49,72,43,1
0,2,2,68,250,6,397,151,104,140,67,1
1,2,2,37,148,5,227,106,51,108,38,2
1,2,2,55,169,1,212,43,70,211,30,1
0,1,2,39,89,1,371,34,63,101,49,1
1,1,1,20,84,9,239,10,40,79,26,2
5,2,2,20,69,4,232,27,3,72,16,2
3,2,1,23,74,7,185,20,36,53,32,2
0,2,1,7,18,2,221,1,17,18,7,2
1,2,2,27,71,4,574,4,12,98,33,1
2,2,2,96,226,4,488,13,103,269,139,1
2,2,2,50,145,5,359,115,52,178,41,1
1,1,1,84,193,7,198,148,30,207,53,2
2,1,1,46,129,9,10,118,46,126,42,2
0,1,2,18,44,2,485,29,18,64,17,1
0,1,2,34,84,4,9,63,10,83,33,2
3,2,1,51,193,0,133,147,99,105,30,1
1,2,1,2,10,8,501,1,0,12,6,1
3,1,1,63,221,2,188,168,117,214,68,2
0,2,1,21,57,7,456,29,21,72,12,1
3,1,2,8,25,1,457,25,1,35,9,1
5,2,2,30,98,2,528,85,60,84,30,1
3,1,1,32,69,5,433,48,27,78,22,1
0,2,2,94,372,3,121,16,141,333,137,2
3,2,2,51,200,1,572,43,73,181,76,1
3,1,2,45,171,4,93,124,53,184,53,2
3,1,2,95,369,5,400,134,61,255,119,1
5,1,2,86,213,8,313,154,121,297,84,1
5,1,2,57,131,2,155,32,112,213,69,2
4,1,1,22,68,7,571,70,3,82,35,1
4,1,1,77,212,7,197,22,52,228,77,2
0,1,2,12,24,0,349,26,10,52,11,1
0,1,1,33,97,6,409,53,18,89,50,1
4,1,2,32,132,5,405,100,11,80,49,1
2,1,2,59,233,0,176,46,29,222,38,1
2,2,1,28,68,1,519,54,48,57,21,1
5,2,1,32,91,7,235,31,56,126,32,2
0,1,1,2,9,6,589,11,2,4,2,1
0,1,2,57,115,5,168,91,100,172,62,2
5,1,1,2,5,0,459,1,5,10,3,1
3,1,1,88,333,0,126,216,162,204,119,1
0,1,1,86,233,3,412,4,113,190,111,1
4,1,1,18,44,0,315,5,1,64,30,1
2,1,2,45,137,5,484,134,27,145,69,1
4,2,2,25,58,7,377,1,33,62,38,1
1,2,2,24,76,5,6,20,24,73,33,2
1,2,1,88,251,7,355,220,88,288,72,1
4,2,2,49,191,3,455,22,3,146,53,1
2,1,2,64,255,8,298,38,31,161,59,1
2,1,2,42,95,8,412,54,2,85,64,1
4,2,1,13,43,2,224,37,20,47,14,2
1,2,2,60,228,7,538,91,14,232,70,1
4,1,1,7,26,2,260,15,9,28,9,1
3,2,2,75,261,5,459,34,29,216,108,1
2,1,1,4,21,2,154,1,6,20,3,2
4,2,2,41,162,1,239,106,61,90,21,1
2,2,1,80,275,7,527,115,87,257,107,1
0,2,2,33,116,5,386,44,48,98,25,1
1,1,1,97,338,6,71,243,71,290,62,2
5,1,2,5,16,1,484,5,10,18,6,1
1,1,1,19,70,7,526,16,35,74,14,1
2,2,2,30,102,5,202,43,15,97,45,2
0,1,2,27,75,3,67,7,37,74,36,2
0,2,2,68,180,2,241,63,64,205,83,2
1,1,2,35,133,7,308,4,22,131,28,1
3,2,1,43,128,5,270,105,20,98,58,1
3,1,2,0,5,8,452,2,2,0,2,1
5,2,1,54,202,3,573,55,95,191,78,1
5,1,2,52,183,0,238,77,27,185,40,1
4,2,2,1,7,4,519,7,3,6,2,1
1,1,1,73,295,8,470,14,52,277,87,1
5,2,1,23,93,2,45,19,19,65,26,2
4,1,1,29,78,5,430,63,45,87,45,1
1,1,1,74,190,9,535,58,23,217,82,1
3,2,1,3,14,0,511,5,5,11,2,1
2,2,2,25,56,6,362,32,16,70,38,1
2,2,1,33,130,1,120,64,17,77,23,1
5,2,2,35,114,1,113,84,55,117,27,1
2,2,1,54,197,4,67,137,50,188,60,2
5,2,1,46,161,6,90,84,24,92,40,2
4,2,1,50,119,0,302,103,8,202,77,1
3,1,2,27,112,7,543,23,26,104,43,1
1,1,2,25,65,9,413,5,33,58,19,1
3,1,2,48,159,3,291,19,34,137,50,1
2,2,1,25,91,6,401,4,34,96,19,1
4,2,1,26,97,5,355,49,36,82,33,1
3,2,1,71,197,8,420,155,99,227,98,1
0,1,1,57,148,4,494,60,43,146,54,1
0,1,2,79,210,0,92,142,66,312,110,2
3,1,1,17,68,2,283,4,28,62,20,1
5,1,2,16,65,8,157,22,11,35,14,2
0,2,1,74,175,6,270,152,121,212,99,1
1,1,2,89,298,6,590,178,124,322,75,1
2,2,1,51,120,6,172,100,16,201,33,2
2,2,2,35,106,5,488,17,7,119,26,1
0,2,2,93,350,2,305,100,127,308,70,1
3,1,2,81,302,4,173,133,94,230,118,2
5,1,2,62,212,7,428,3,52,171,96,1
5,1,1,51,175,7,205,92,85,143,41,2
0,1,1,54,190,2,107,34,36,139,84,2
1,1,1,7,14,8,164,13,0,16,7,2
0,1,1,22,69,9,214,41,21,64,18,2
1,1,2,93,227,4,327,274,115,214,91,1
2,2,1,72,146,9,327,159,101,187,103,1
4,2,1,13,29,4,558,15,0,44,17,1
3,1,1,86,299,3,307,136,127,212,59,1
5,2,1,47,140,1,363,85,61,193,55,1
1,2,1,79,266,2,222,230,21,184,42,2
2,2,1,21,88,9,310,37,6,75,34,1
5,2,1,28,63,7,162,55,35,88,36,2
2,2,1,37,90,3,291,109,27,93,33,1
4,1,1,15,62,9,336,17,9,59,23,1
0,2,1,19,46,4,59,10,8,58,10,2
4,1,1,95,247,1,242,98,120,290,133,2
5,2,1,33,115,1,342,23,29,116,36,1
5,2,1,13,52,1,114,8,14,26,12,1
3,2,1,86,259,9,565,193,98,274,125,1
3,1,2,7,28,4,69,14,1,14,5,2
0,1,1,33,105,6,538,47,68,136,17,1
5,2,2,53,209,1,282,121,83,168,31,1
5,2,1,96,229,4,116,110,172,213,85,2
5,1,2,19,52,9,405,54,14,43,12,1
0,1,2,16,54,8,6,5,7,53,17,2
5,1,1,56,127,3,551,67,87,174,41,1
5,1,2,65,169,8,313,97,68,243,71,1
3,1,2,41,160,4,66,69,67,120,55,2
1,1,2,10,25,5,131,9,4,26,9,2
5,2,1,95,256,0,454,90,100,282,67,1
5,1,1,52,109,4,147,3,79,211,60,2
1,2,1,51,138,6,210,133,104,186,78,2
1,1,2,71,239,9,24,129,37,181,90,2
5,1,2,93,189,0,223,135,15,207,67,2
0,2,1,70,153,0,62,27,24,205,59,2
3,1,1,88,326,2,357,99,6,289,120,1
5,2,2,63,230,5,490,6,97,152,95,1
1,1,1,93,302,8,200,13,33,202,55,2
2,2,1,97,329,1,165,261,170,241,50,1
4,2,2,27,84,2,109,37,55,79,22,2
4,1,1,5,15,9,326,5,6,11,3,1
5,2,2,40,131,7,245,98,82,122,35,2
3,2,2,40,111,4,354,88,4,159,57,1
0,2,2,74,262,2,215,62,149,217,40,2
2,1,1,69,185,5,538,11,52,163,49,1
1,2,1,45,157,6,106,40,53,140,33,2
0,1,1,96,229,4,273,238,33,233,144,1
0,1,1,96,375,0,311,66,104,327,60,1
0,2,2,49,131,7,349,68,16,154,39,1
0,2,1,31,74,5,475,82,21,71,42,1
3,1,2,43,122,5,169,41,76,139,34,2
0,1,1,37,125,8,287,45,53,123,50,1
3,1,1,30,96,4,16,91,55,85,36,2
2,1,2,30,101,4,256,82,56,112,45,1
2,2,2,94,309,5,278,99,22,262,134,1
2,2,1,85,186,0,254,39,19,177,115,1
2,2,1,17,65,2,592,26,22,61,9,1
2,2,1,27,99,4,15,81,4,62,16,2
0,2,2,60,126,4,395,19,37,219,42,1
0,2,2,57,200,1,506,3,37,161,48,1
4,2,1,30,125,3,338,43,26,77,38,1
1,2,1,11,47,1,310,34,8,42,9,1
2,2,1,11,29,1,510,38,21,40,8,1
1,1,2,85,329,1,566,196,159,234,105,1
3,2,2,61,235,4,460,127,13,181,88,1
3,1,2,41,109,2,256,110,43,142,51,1
3,2,1,62,232,5,384,172,103,250,74,1
5,2,1,75,255,8,278,50,77,269,106,1
2,2,2,67,236,5,514,130,19,263,60,1
0,2,2,40,145,9,210,92,57,116,26,2
4,2,2,37,87,0,374,87,57,137,31,1
0,1,1,18,46,6,270,38,3,63,13,1
1,2,2,3,14,0,380,7,8,11,7,1
0,1,2,33,85,5,503,54,3,81,34,1
2,2,1,29,104,7,57,92,19,74,38,2
3,2,1,47,187,1,275,141,91,162,46,1
1,2,2,8,33,1,246,25,0,23,5,1
2,1,2,65,211,3,70,32,118,198,86,2
1,1,2,39,91,2,413,0,10,108,31,1
4,2,1,14,35,0,596,12,4,45,20,1
3,1,1,22,89,6,326,3,36,82,20,1
0,1,2,20,61,1,554,9,16,62,13,1
4,1,2,30,81,8,502,4,0,88,47,1
4,2,1,14,41,9,82,17,3,49,19,2
2,2,2,37,146,2,115,22,43,92,46,2
5,1,1,18,60,1,66,53,22,51,28,1
1,1,1,74,251,4,295,79,4,246,110,1
1,2,2,96,210,0,56,230,123,254,144,2
5,2,2,77,296,2,268,58,139,156,87,1
1,1,2,14,37,4,315,22,27,52,14,1
1,1,1,62,136,5,13,186,63,183,49,2
1,1,1,62,176,2,275,66,76,228,53,1
4,1,2,14,52,4,277,4,12,38,14,1
0,1,2,90,304,4,155,248,20,326,52,2
1,2,2,76,246,2,200,153,100,162,45,2
1,2,1,38,91,3,209,10,41,105,55,2
2,2,1,59,191,3,79,53,108,140,41,2
5,1,2,69,142,6,364,53,129,154,92,1
0,2,1,23,96,2,323,60,18,59,18,1
5,1,2,30,84,7,258,26,25,88,18,1
4,1,2,15,40,8,280,15,24,63,17,1
4,1,2,61,173,2,312,160,33,232,32,1
4,1,1,5,21,6,405,0,1,17,7,1
4,1,1,9,24,8,1,28,16,30,15,2
1,2,1,87,317,7,411,43,12,218,52,1
3,1,2,1,4,9,435,9,2,6,4,1
1,2,2,20,49,6,382,26,6,58,18,1
3,2,2,32,132,4,48,79,37,79,47,2
0,1,1,77,232,9,450,168,153,209,40,1
3,2,1,56,179,7,535,10,61,143,79,1
0,1,1,92,197,2,89,160,71,191,102,2
2,1,2,46,186,1,566,102,60,136,59,1
3,2,2,74,263,1,389,53,6,240,86,1
0,2,2,57,173,7,345,130,31,231,86,1
1,1,1,41,98,0,497,44,45,160,47,1
5,1,2,59,175,2,549,29,109,158,78,1
5,1,2,52,194,9,123,65,100,154,73,2
1,2,1,50,109,0,70,99,102,164,64,2
5,2,2,83,310,5,78,214,131,301,88,2
4,2,2,7,16,9,117,10,8,25,9,2
1,2,2,12,38,9,230,12,11,27,19,2
1,2,1,22,90,9,243,7,8,47,34,2
4,1,2,61,147,8,450,8,65,151,77,1
1,1,2,29,73,9,46,7,46,78,44,2
4,1,1,67,187,6,30,93,71,185,84,2
2,2,1,28,71,4,412,51,10,113,38,1
0,2,2,29,98,6,76,64,26,113,43,2
4,2,2,4,9,6,38,5,5,20,5,2
4,2,1,45,134,6,300,121,84,174,50,1
1,1,2,23,66,9,195,48,33,54,37,2
0,1,2,95,301,1,0,171,166,374,92,1
4,2,1,74,197,8,391,50,87,231,112,1
1,1,2,82,244,3,219,129,167,170,60,2
3,1,1,36,148,9,240,94,10,90,36,2
3,2,1,29,111,7,262,36,36,69,31,1
2,2,2,55,210,4,23,16,112,159,51,2
1,1,1,53,194,4,12,128,48,192,33,2
1,2,1,0,3,0,211,5,1,5,2,1
3,2,1,35,135,4,321,40,8,116,53,1
2,2,1,14,40,9,212,32,25,60,9,2
4,1,2,37,107,0,486,79,16,104,21,1
3,2,1,5,13,8,3,6,5,17,6,2
3,1,1,56,164,8,333,81,84,144,37,1
4,1,1,36,137,2,411,95,73,142,31,1
2,1,2,62,166,7,172,111,60,160,45,2
1,1,1,53,118,1,50,63,92,169,69,2
1,2,1,66,134,4,579,5,26,217,68,1
4,2,2,65,131,4,136,36,12,229,75,2
1,1,1,51,112,6,548,13,36,144,57,1
2,1,2,64,229,7,255,99,65,230,33,1
2,1,2,64,128,9,585,109,43,203,62,1
0,2,2,74,249,2,588,127,109,242,75,1
4,2,1,23,58,9,178,59,8,92,32,2
4,2,2,9,22,1,303,19,14,36,5,1
1,2,2,21,79,3,484,20,0,73,11,1
1,1,1,31,114,1,382,35,55,120,16,1
4,1,1,24,56,2,171,35,19,70,34,2
4,2,1,91,362,9,508,165,147,262,71,1
4,2,2,51,182,3,170,29,93,146,49,2
2,2,2,52,135,9,274,9,92,106,37,1
4,2,1,33,117,3,14,77,1,123,27,2
2,1,2,40,99,6,107,59,45,117,25,2
0,2,1,90,346,1,402,169,160,238,98,1
2,1,2,41,95,0,199,44,45,123,51,2
1,1,1,73,196,4,369,18,88,178,73,1
5,2,1,52,185,9,26,97,101,145,32,2
3,2,2,53,159,8,478,47,107,150,61,1
2,2,1,19,42,0,487,48,28,57,21,1
0,1,2,35,120,7,531,80,22,109,24,1
0,1,2,86,326,8,276,13,87,323,56,1
5,2,2,56,225,5,300,160,11,204,57,1
4,1,2,77,303,0,269,76,34,198,74,1
1,2,1,29,60,9,567,19,61,63,40,1
0,2,2,39,142,5,141,99,3,154,39,2
2,2,1,96,324,0,4,47,186,242,86,1
5,2,2,31,81,8,220,5,63,107,40,2
0,1,2,18,59,6,313,1,18,51,13,1
2,2,1,4,8,3,585,7,0,9,3,1
4,2,1,34,92,0,541,49,44,132,21,1
2,2,2,73,288,9,515,124,95,250,91,1
5,1,1,0,1,8,522,2,3,3,3,1
4,2,2,97,288,8,472,240,187,265,117,1
5,1,1,59,222,2,476,176,99,135,48,1
4,2,1,33,100,4,37,90,56,102,45,2
0,2,1,76,187,5,33,154,149,303,96,2
3,2,1,85,290,1,12,90,28,297,49,1
3,1,1,16,48,3,490,1,0,34,20,1
2,1,2,78,316,7,506,199,18,229,54,1
5,2,1,73,167,3,0,78,83,186,67,2
5,1,1,35,117,5,305,49,18,129,31,1
2,1,1,14,44,5,282,15,13,49,10,1
5,1,2,11,24,2,307,8,15,44,16,1
5,1,1,22,79,4,409,21,37,85,28,1
4,1,1,39,113,6,554,5,69,124,57,1
2,2,1,71,149,9,476,147,96,261,41,1
1,1,1,78,243,5,349,108,16,215,92,1
3,2,2,77,277,1,94,228,132,179,39,1
4,2,2,70,186,7,71,66,141,186,49,2
3,2,2,60,129,6,407,172,89,228,42,1
2,2,1,55,178,9,191,68,1,174,39,2
0,1,1,56,138,7,270,82,42,161,37,1
1,2,2,7,32,8,95,25,8,27,13,2
0,2,1,20,72,4,197,23,21,54,18,2
3,2,1,16,50,6,140,20,1,34,10,2
0,2,1,6,21,7,525,7,0,28,11,1
2,1,1,74,178,6,20,147,26,278,85,2
2,1,1,39,132,1,546,89,78,111,24,1
3,1,1,44,106,5,556,135,51,91,33,1
3,1,2,21,65,4,118,28,27,60,14,2
0,2,1,78,208,2,6,161,118,279,87,2
2,2,1,36,142,7,267,24,26,102,30,1
2,2,1,93,363,2,193,240,138,318,62,2
2,1,2,91,209,0,209,28,26,354,66,2
4,1,2,45,167,1,64,29,46,185,62,1
5,2,2,58,237,9,339,3,73,148,66,1
2,1,1,53,214,0,9,118,10,213,76,1
0,2,1,44,145,2,133,121,46,108,67,2
5,2,2,97,333,9,280,70,108,368,145,1
4,2,1,2,8,2,344,10,3,13,4,1
1,2,1,76,219,4,463,112,14,267,49,1
0,1,1,27,105,9,394,64,2,103,21,1
3,2,2,3,9,2,457,13,1,9,6,1
0,2,2,23,66,5,171,71,40,49,15,2
5,2,2,88,349,0,137,184,177,180,104,1
4,2,1,50,111,4,106,147,20,127,44,2
5,2,2,58,194,9,76,147,107,168,55,2
1,1,2,49,135,6,50,62,22,123,36,2
5,2,1,78,222,9,484,76,73,257,108,1
4,1,1,90,251,6,465,212,66,248,56,1
4,2,2,96,319,8,293,95,4,337,142,1
3,1,1,74,297,4,44,190,137,273,111,2
1,1,2,49,115,5,14,147,76,121,49,2
4,1,1,13,30,7,82,2,24,29,11,2
2,2,1,60,162,1,210,141,47,179,63,2
2,1,1,61,243,3,164,77,22,127,69,2
1,1,1,53,146,0,103,74,89,194,41,2
3,2,2,79,301,5,306,9,11,316,116,1
1,1,2,61,217,9,346,95,79,132,55,1
1,1,2,9,33,9,195,16,11,28,5,2
3,2,1,70,213,0,326,106,16,266,37,1
1,2,1,28,57,7,218,38,17,113,39,2
5,1,2,25,73,3,446,9,22,69,34,1
0,2,2,48,160,5,437,26,34,115,44,1
0,2,2,82,220,6,71,83,37,220,91,2
1,1,2,75,270,3,209,101,22,199,108,2
1,1,2,45,137,0,111,46,51,103,37,2
2,2,2,41,115,9,401,116,46,139,33,1
5,2,2,23,85,4,469,37,16,79,27,1
5,2,1,42,122,2,440,82,23,96,54,1
5,2,2,55,113,1,592,102,61,195,74,1
2,2,2,51,128,6,117,49,62,179,68,2
5,1,2,44,141,2,485,65,63,144,62,1
3,2,2,2,8,7,204,2,4,5,4,2
0,2,2,19,56,6,102,44,0,45,10,2
2,1,1,10,32,7,240,31,18,32,8,2
2,1,1,78,281,4,307,114,38,287,116,1
1,1,1,48,191,4,110,116,62,114,45,2
0,2,2,83,169,5,324,65,84,183,51,1
4,1,2,44,163,7,505,48,80,112,28,1
2,1,2,44,158,8,409,71,90,135,54,1
2,2,1,83,306,6,211,233,44,216,55,2
1,1,1,76,248,8,466,69,72,163,102,1
3,2,1,12,35,7,151,31,13,40,13,2
1,2,1,35,99,1,147,3,20,142,32,2
3,2,1,8,22,8,463,4,11,18,14,1
5,2,2,7,28,9,534,10,9,18,13,1
2,1,2,54,192,3,129,61,22,208,72,2
4,2,2,30,103,7,393,78,49,101,18,1
1,1,2,27,108,9,178,42,29,82,30,2
2,1,1,1,5,4,452,6,3,7,4,1
0,1,1,22,56,6,19,20,42,92,33,2
3,1,2,48,173,3,3,63,96,125,69,2
3,2,1,48,164,9,120,11,50,184,69,2
2,2,1,0,3,3,252,4,2,4,2,1
3,2,1,58,157,5,306,26,116,190,78,1
2,2,2,54,134,0,258,75,93,118,67,1
1,2,2,43,121,2,204,120,32,128,22,2
4,2,1,60,180,1,600,169,34,150,64,1
4,2,1,96,235,3,334,128,93,369,61,1
5,1,1,37,87,3,40,49,68,87,52,2
3,2,1,81,206,1,315,44,2,187,96,1
2,1,1,47,119,8,53,70,2,141,36,2
4,1,1,67,160,3,306,58,9,234,36,1
2,2,2,43,142,8,198,79,2,132,48,2
4,2,2,73,216,0,285,68,122,272,81,1
1,2,1,21,61,3,278,36,18,67,30,1
1,1,2,72,152,0,393,30,128,215,93,1
4,1,2,46,140,2,495,59,0,108,26,1
1,1,2,24,96,2,294,29,43,64,25,1
3,2,1,25,103,3,540,5,30,87,19,1
3,2,2,35,106,7,1,78,23,93,34,2
4,1,1,24,91,8,181,27,44,83,24,2
5,2,1,86,228,7,231,208,26,218,80,2
2,2,2,73,151,3,32,83,31,234,54,2
0,1,2,45,182,1,216,10,84,101,61,1
2,2,2,69,263,2,427,165,98,208,79,1
3,2,1,53,190,4,44,144,13,121,66,2
2,1,2,93,312,5,350,176,166,219,114,1
3,1,1,40,151,3,62,99,53,152,56,2
5,1,1,67,183,8,7,35,48,250,42,2
5,1,2,97,243,0,230,241,128,201,129,2
5,1,2,65,174,2,182,32,104,182,57,2
0,2,1,91,219,6,401,6,101,355,57,1
2,1,2,54,169,7,286,137,21,140,43,1
0,1,1,79,173,7,84,152,133,314,102,2
4,2,2,58,177,8,582,67,25,119,75,1
5,2,1,40,109,0,458,53,65,93,38,1
5,1,2,14,37,8,229,3,12,50,20,2
3,1,1,6,12,0,289,15,11,15,4,1
1,1,2,3,10,2,370,10,5,11,7,1
5,2,1,41,138,5,232,126,57,117,46,2
0,2,2,38,122,8,568,110,8,141,23,1
2,2,2,27,70,0,476,83,30,82,34,1
5,1,1,21,88,7,344,40,26,63,31,1
0,1,1,16,57,5,358,29,23,42,24,1
1,1,1,85,336,4,466,163,7,192,90,1
3,2,2,76,208,5,417,12,107,196,62,1
2,1,2,30,60,4,39,3,49,70,27,2
0,2,2,14,42,8,163,1,20,38,18,2
4,2,2,22,70,1,240,25,3,75,22,1
1,1,2,16,56,7,504,8,25,47,10,1
1,1,2,73,157,4,241,163,45,221,51,2
4,2,1,65,181,4,71,19,14,154,44,2
5,1,2,56,134,2,69,105,27,118,30,2
0,2,2,3,15,0,351,7,0,14,2,1
0,1,1,92,304,4,177,174,9,272,62,2
4,2,2,14,59,8,254,32,8,52,11,1
0,1,1,91,247,6,62,149,161,320,110,2
5,1,2,35,137,0,169,38,6,77,28,1
3,2,2,7,16,5,247,24,4,27,4,2
4,2,2,3,10,2,509,2,3,6,5,1
1,1,1,76,159,0,35,49,79,284,64,2
5,2,1,51,134,8,408,76,9,189,59,1
0,1,2,1,4,7,479,2,0,7,4,1
0,1,1,48,196,2,448,83,85,110,30,1
0,1,2,77,283,8,241,4,39,220,67,2
4,1,2,51,155,0,227,38,52,194,39,2
0,2,1,53,150,1,559,46,95,211,29,1
0,1,2,13,53,8,304,20,24,41,18,1
5,1,2,64,198,8,48,69,25,222,72,2
4,1,1,60,159,9,434,88,40,143,44,1
3,1,2,61,167,7,88,117,21,158,32,2
0,1,1,36,78,9,531,65,17,74,20,1
2,1,1,48,156,7,399,88,59,178,72,1
0,2,2,43,168,3,3,74,82,171,42,2
4,2,2,8,35,0,311,17,18,22,6,1
2,1,2,15,34,9,258,41,14,47,25,1
4,1,1,10,45,0,452,28,9,27,6,1
5,2,1,83,255,6,486,139,110,321,113,1
0,1,2,84,287,8,181,212,26,274,54,2
2,1,2,2,10,7,207,2,2,12,3,2
4,1,2,85,195,6,415,135,134,317,85,1
0,2,2,16,54,9,92,38,24,32,14,2
0,1,1,45,174,7,587,13,49,129,67,1
0,2,2,71,213,0,179,179,123,156,75,2
2,1,2,82,318,9,28,163,46,192,80,2
2,1,1,46,126,3,440,93,9,107,37,1
2,1,2,90,339,0,156,122,113,255,57,1
1,2,2,60,208,4,167,156,105,232,53,2
0,2,1,23,64,7,269,45,34,59,13,1
3,2,1,78,241,6,99,191,54,203,116,2
1,2,2,44,149,1,293,138,38,114,39,1
3,2,1,47,124,3,109,20,25,190,47,2
4,2,2,93,210,8,53,229,23,211,111,2
5,1,1,43,113,9,6,48,19,116,57,2
2,1,1,57,139,5,199,92,116,199,44,2
4,1,2,40,143,2,24,63,59,114,30,2
2,2,1,31,110,2,347,51,60,125,44,1
2,1,1,47,123,0,467,11,74,127,38,1
4,2,2,51,104,5,521,154,102,173,26,1
4,2,2,70,174,2,38,99,93,275,72,2
0,1,2,82,240,1,485,119,101,263,85,1
3,1,2,36,115,1,394,0,5,80,51,1
0,2,2,97,220,9,313,273,89,233,49,1
4,1,1,27,80,4,18,87,41,106,21,2
3,2,1,58,184,8,483,28,85,200,88,1
2,2,2,15,50,9,461,25,5,34,12,1
4,1,1,51,117,4,29,153,93,170,61,2
5,2,1,73,147,6,361,121,58,296,44,1
4,2,2,2,6,8,39,7,2,5,2,2
1,1,1,81,174,4,373,236,53,284,42,1
3,1,2,43,166,8,448,85,72,148,66,1
3,1,2,44,97,1,402,68,15,158,45,1
4,2,2,45,100,5,410,75,77,166,66,1
0,1,1,7,32,2,31,24,14,32,11,2
1,2,2,22,73,5,72,57,44,63,14,2
0,2,1,37,93,4,483,99,21,106,39,1
0,1,2,81,311,8,258,133,29,256,63,1
4,1,1,45,127,2,252,56,83,116,24,1
4,2,2,37,103,9,244,41,31,106,49,2
2,2,2,2,7,2,125,8,3,5,2,2
2,2,1,15,48,8,21,20,28,48,15,2
2,1,1,59,152,3,458,89,40,130,72,1
5,1,1,71,193,4,73,104,47,192,106,2
3,2,1,1,2,2,576,3,1,8,3,1
2,2,2,41,142,4,294,114,7,137,53,1
3,2,2,68,181,8,537,28,79,151,57,1
0,2,1,47,162,1,300,111,22,117,65,1
4,1,2,60,121,9,247,142,108,169,80,2
1,2,2,39,155,5,131,97,73,149,57,2
0,2,1,71,223,5,551,33,34,245,53,1
4,2,1,90,278,5,460,232,97,220,128,1
0,2,2,6,21,0,416,7,12,28,4,1
4,2,2,27,109,4,444,66,40,70,16,1
3,2,2,79,213,1,440,224,37,166,99,1
0,1,2,91,200,6,459,265,116,262,109,1
4,1,1,90,291,6,217,49,0,332,101,2
3,2,1,29,60,8,595,23,34,102,42,1
3,2,1,68,151,9,15,199,76,161,59,2
4,2,2,37,85,6,227,46,49,146,31,2
3,1,2,53,195,6,553,73,30,152,31,1
0,1,2,64,134,9,447,36,24,236,60,1
2,2,2,97,313,7,592,42,174,311,126,1
4,1,1,64,202,3,556,188,54,148,94,1
3,1,2,84,233,1,24,138,38,282,43,2
5,1,2,77,283,5,512,121,144,297,117,1
5,1,1,66,223,0,504,35,125,179,99,1
4,1,2,5,15,3,574,16,10,10,3,1
2,2,1,36,97,5,216,24,42,139,51,2
5,1,1,67,180,1,102,126,131,229,61,2
1,1,1,35,121,5,30,34,10,101,28,2
1,1,2,77,237,5,567,205,100,304,94,1
4,1,1,86,339,7,544,187,110,204,107,1
5,2,1,31,75,3,10,30,39,80,42,2
4,2,2,56,139,9,235,102,40,208,34,2
1,1,1,72,292,7,23,100,44,291,81,2
1,1,2,80,253,1,386,20,59,170,44,1
0,2,1,31,93,3,165,61,7,94,20,2
4,1,1,51,104,5,247,10,102,113,57,2
1,2,2,55,188,5,349,94,102,161,45,1
2,2,2,88,307,6,370,213,54,308,128,1
3,1,2,57,141,4,108,24,51,227,37,2
2,2,2,52,116,2,3,150,92,151,69,2
0,1,2,96,345,6,197,30,22,235,96,2
4,1,1,96,338,6,440,65,169,268,51,1
4,2,1,36,79,1,9,109,39,99,33,2
0,2,2,93,241,6,469,144,24,305,141,1
3,1,1,23,68,2,120,38,33,84,30,2
1,1,2,17,57,9,240,11,14,40,13,2
5,1,1,42,103,9,506,97,36,105,25,1
4,1,1,12,26,2,423,38,0,44,16,1
5,2,1,30,115,7,265,81,27,89,18,1
1,1,1,29,89,7,74,24,35,68,35,2
4,1,2,43,96,4,209,111,31,119,27,2
3,2,1,91,232,7,428,35,99,270,98,1
2,1,2,67,179,9,96,156,43,226,54,2
0,2,1,37,83,0,367,43,66,132,20,1
5,2,2,30,71,5,283,94,55,103,36,1
1,2,1,54,208,4,159,97,14,136,81,2
4,2,1,35,116,8,335,61,64,109,47,1
3,2,2,82,269,5,304,214,88,234,47,1
0,2,1,40,86,6,496,30,16,130,48,1
4,1,2,36,82,4,116,62,48,146,41,2
3,1,2,30,79,3,11,49,56,104,16,2
1,1,2,95,336,4,533,245,162,280,66,1
1,2,1,41,91,2,243,74,52,145,42,2
5,1,1,79,200,8,451,16,79,314,74,1
5,2,1,92,229,6,585,169,12,346,47,1
4,2,1,79,191,2,46,78,93,290,45,2
4,1,2,63,142,1,288,103,95,225,64,1
2,1,2,92,228,1,188,201,35,283,109,2
1,2,1,24,63,9,465,21,2,49,13,1
3,2,1,78,253,2,37,88,5,186,98,2
1,1,2,45,90,3,215,10,47,143,57,2
2,1,1,74,220,5,255,21,138,174,71,1
1,1,1,66,269,0,402,46,24,268,63,1
2,2,1,64,167,0,157,1,18,230,67,2
2,1,2,80,269,4,125,114,49,290,45,2
1,1,1,42,120,2,283,24,79,169,66,1
1,2,2,81,289,2,577,137,99,312,95,1
0,1,2,90,360,6,222,105,53,221,131,2
5,2,1,25,84,9,387,26,12,87,13,1
0,1,2,59,233,9,556,33,52,174,64,1
4,2,1,89,327,3,243,157,144,192,112,2
5,2,1,74,151,6,276,23,28,242,47,1
2,2,2,70,167,4,556,181,127,155,60,1
0,1,1,24,79,3,422,35,42,68,32,1
4,1,1,63,199,5,353,186,14,235,64,1
5,1,2,87,352,7,180,172,113,249,49,2
2,1,1,52,140,6,177,102,7,108,55,2
0,1,2,1,2,0,585,2,4,4,2,1
0,2,2,82,193,8,230,170,36,239,123,2
3,1,2,81,169,3,570,47,88,180,100,1
4,2,2,15,53,3,95,27,8,32,24,2
2,2,2,13,39,7,471,25,8,54,11,1
1,2,1,0,2,0,279,5,1,2,1,1
1,1,1,8,34,6,498,20,2,35,14,1
3,2,1,86,248,3,173,172,6,241,124,2
0,1,1,8,29,3,4,5,6,34,7,2
0,2,1,84,227,6,378,188,164,226,120,1
5,1,1,22,86,0,445,17,20,89,21,1
1,1,2,22,86,3,535,24,12,52,11,1
5,2,1,58,118,9,548,139,48,177,36,1
5,2,2,74,160,8,572,51,19,204,50,1
3,2,2,78,198,4,308,98,155,258,52,1
0,1,1,52,192,7,458,26,27,180,60,1
0,2,1,12,34,1,541,30,10,43,10,1
0,2,1,6,23,0,318,3,12,17,5,1
4,1,1,1,8,1,157,7,1,8,4,1
0,1,2,39,141,1,544,27,60,96,42,1
2,2,2,13,35,1,476,28,0,50,14,1
1,2,2,44,136,3,220,133,64,95,22,2
1,1,1,31,72,5,348,64,17,84,16,1
4,2,1,77,311,4,354,165,152,251,50,1
0,2,2,79,262,9,42,58,56,234,58,2
5,2,2,7,25,7,508,21,9,28,8,1
1,1,1,47,149,4,129,57,73,141,33,2
3,1,1,59,178,6,238,118,42,159,75,2
3,2,2,43,161,2,233,18,56,119,39,2
2,1,1,27,70,3,94,77,26,74,40,2
1,2,2,77,290,0,471,176,128,201,40,1
5,1,1,39,98,1,492,44,61,83,49,1
5,2,1,75,152,3,107,65,91,260,46,2
0,2,2,54,190,8,244,64,28,196,64,2
5,1,2,88,177,8,209,245,52,197,61,2
4,2,1,62,181,7,20,177,36,136,83,2
4,1,2,67,144,0,196,120,70,152,40,2
3,2,2,89,271,8,352,85,73,314,68,1
2,1,1,9,34,0,506,27,8,26,5,1
4,2,2,15,42,5,521,32,19,46,15,1
5,1,1,90,285,9,318,143,108,336,106,1
2,2,1,81,203,5,429,224,90,311,84,1
5,2,1,48,103,2,539,126,86,195,35,1
3,1,2,20,61,0,18,14,21,40,15,2
2,1,2,43,93,7,104,18,60,167,27,2
5,2,1,39,87,2,281,66,15,110,34,1
1,2,2,26,65,8,296,79,4,70,15,1
1,2,2,64,204,1,115,128,119,174,39,1
3,2,1,30,69,2,428,48,20,77,46,1
0,2,2,61,130,0,366,88,40,139,49,1
2,1,2,45,174,6,375,58,72,128,65,1
0,1,2,39,151,7,4,30,52,159,31,2
5,1,1,69,152,1,174,76,90,221,94,2
4,1,1,47,99,8,70,109,22,134,66,2
4,1,2,54,200,9,296,51,109,124,79,1
4,1,2,32,80,0,267,57,19,99,27,1
3,2,2,43,158,7,371,105,36,121,58,1
2,1,2,1,5,8,519,3,3,6,4,1
5,2,1,74,227,4,529,31,73,173,73,1
5,1,2,3,9,5,154,14,5,7,3,2
0,1,1,57,149,7,99,152,32,119,65,2
0,1,2,69,204,4,484,95,114,276,86,1
2,2,1,83,266,2,238,213,164,212,46,2
0,1,1,62,166,7,459,162,71,149,31,1
2,1,2,69,211,5,399,114,134,223,48,1
5,2,2,16,51,6,47,38,13,46,17,2
3,2,1,64,249,9,298,131,36,204,86,1
4,1,1,86,268,0,106,163,62,258,58,1
2,2,2,46,155,9,560,17,33,131,51,1
5,1,1,42,162,4,506,35,44,109,28,1
0,2,2,18,66,0,148,27,38,68,16,1
2,1,2,66,223,9,93,21,22,200,82,2
5,2,1,64,157,5,511,131,50,144,50,1
2,1,2,31,76,9,529,48,21,129,26,1
3,2,2,72,231,7,400,193,30,204,89,1
0,2,1,43,121,8,419,103,2,89,31,1
1,2,1,93,302,5,130,54,80,305,105,2
1,1,2,6,27,1,38,9,10,23,4,1
2,1,2,38,127,1,395,64,69,151,43,1
2,2,2,68,254,8,74,34,137,146,45,2
3,1,2,33,82,8,309,73,0,124,25,1
3,1,1,95,356,2,331,35,55,282,75,1
0,2,2,32,105,2,139,53,14,113,19,2
1,1,1,44,132,9,537,56,77,116,25,1
4,1,2,36,101,4,533,75,25,138,42,1
4,2,1,40,93,9,563,74,9,88,34,1
2,1,2,23,84,1,384,0,6,94,26,1
0,2,1,68,243,2,242,64,26,242,47,2
1,2,2,51,112,3,453,100,42,141,30,1
0,2,2,62,139,0,212,16,92,228,35,2
3,2,2,32,78,5,85,61,40,104,40,2
4,2,2,65,185,0,449,156,79,196,86,1
1,2,1,44,98,1,318,22,1,126,43,1
4,1,1,7,22,1,283,13,8,15,11,1
0,1,2,49,196,8,355,44,0,168,71,1
0,2,1,68,206,9,80,118,108,208,62,2
3,1,1,39,144,2,379,66,37,102,56,1
2,1,2,44,145,2,110,129,68,158,58,2
2,1,1,34,112,3,290,16,52,106,30,1
5,1,2,57,135,6,97,124,6,201,30,2
2,1,2,4,18,7,125,9,5,20,3,2
0,1,2,47,161,0,83,33,35,147,58,1
5,1,1,62,236,2,106,147,124,251,43,2
2,1,2,68,195,4,263,39,94,225,80,1
3,1,1,65,131,6,482,49,40,255,96,1
1,2,1,6,19,1,552,9,2,19,10,1
5,2,2,74,275,0,453,184,122,166,80,1
5,1,1,30,73,1,189,50,29,103,19,2
2,2,1,47,135,0,286,99,14,96,70,1
3,2,2,70,205,7,260,21,107,208,36,1
3,1,2,54,203,2,187,64,97,199,41,2
4,1,1,71,180,3,134,100,29,265,67,2
4,2,2,31,67,9,204,82,32,70,25,2
2,1,1,90,250,1,527,258,159,190,110,1
3,2,1,79,230,9,357,157,29,278,62,1
5,1,2,64,211,4,147,127,111,199,64,2
0,1,1,40,133,1,534,87,34,117,31,1
2,1,2,56,214,3,54,125,23,119,68,2
2,1,1,54,207,8,583,98,16,206,60,1
0,2,1,34,96,5,341,103,24,88,27,1
1,1,1,75,166,2,321,226,79,271,102,1
0,1,1,76,230,4,287,125,93,272,97,1
3,2,2,55,151,7,124,47,30,161,56,2
5,1,2,61,202,6,215,43,36,180,91,2
5,2,1,21,44,8,292,16,39,59,28,1
4,1,1,94,196,2,19,32,165,278,66,2
1,2,1,8,36,7,60,25,3,18,6,2
5,1,1,70,268,5,235,84,128,278,48,2
2,2,1,36,111,7,366,90,24,77,38,1
4,2,1,91,243,7,119,181,0,264,51,2
2,2,1,70,216,5,340,0,114,143,38,1
0,1,2,74,194,5,245,43,52,292,73,2
4,1,2,43,150,4,543,132,69,105,22,1
1,2,1,97,306,9,259,121,61,376,121,1
0,2,1,5,17,8,350,4,13,25,5,1
0,1,2,33,120,7,179,97,60,76,47,2
1,1,1,1,7,6,24,1,1,8,1,2
5,2,1,52,164,0,54,11,45,190,52,1
4,2,1,26,81,4,221,15,12,88,37,2
5,2,1,47,156,3,205,124,49,146,61,2
4,2,2,4,14,5,136,4,0,14,7,2
0,1,2,28,78,2,383,32,49,99,32,1
0,1,2,16,55,8,48,29,7,64,10,2
4,1,1,49,154,2,567,112,83,189,36,1
5,1,2,12,38,6,580,37,18,25,21,1
2,1,1,65,252,4,373,111,86,248,50,1
3,2,2,41,123,8,182,93,9,129,61,2
3,1,1,76,193,1,467,181,105,202,77,1
3,2,2,52,155,8,460,127,23,161,72,1
0,2,2,3,16,0,557,11,5,15,3,1
1,1,2,84,264,4,435,118,91,204,112,1
3,1,2,23,90,1,510,27,33,91,37,1
4,2,2,28,69,0,380,9,34,93,17,1
5,2,1,68,266,1,589,14,42,221,74,1
1,2,1,2,12,7,388,4,3,9,2,1
5,2,2,50,134,7,231,88,45,154,29,2
3,1,2,31,108,0,360,65,37,120,45,1
1,2,1,22,85,8,114,36,22,68,25,2
4,1,1,56,155,6,228,63,1,211,87,2
4,2,1,92,197,5,517,36,16,341,80,1
2,2,2,59,150,0,499,71,55,175,53,1
1,1,1,73,211,9,355,130,103,278,81,1
2,2,2,39,159,2,246,35,31,148,37,2
3,2,2,83,305,6,445,110,82,191,72,1
0,1,2,41,166,3,584,65,54,117,37,1
5,2,2,91,217,1,522,209,100,239,121,1
4,2,2,58,184,0,323,43,40,188,57,1
1,2,1,51,186,7,61,3,50,116,55,2
5,2,1,72,159,0,478,170,27,191,92,1
1,2,1,9,35,3,479,6,18,37,16,1
1,1,1,64,204,1,294,48,2,261,89,1
3,1,2,80,280,0,230,150,105,199,121,1
3,2,2,31,90,5,24,53,26,72,20,2
4,1,1,23,87,4,94,67,20,70,30,2
3,1,1,31,101,5,516,71,63,115,49,1
5,2,2,8,20,7,123,17,7,26,14,2
5,1,1,60,125,0,239,56,98,220,48,2
1,1,2,68,207,9,254,169,66,143,56,1
2,1,1,68,187,2,223,53,93,255,95,2
1,2,1,51,117,4,552,4,104,186,50,1
0,2,1,16,34,0,205,39,24,42,14,2
0,1,1,21,76,4,130,66,28,78,19,2
2,1,2,38,89,7,484,32,6,127,49,1
1,2,2,87,237,2,80,165,74,274,75,2
3,1,2,78,183,9,265,16,86,222,94,1
4,1,1,77,266,6,146,179,73,162,82,2
5,1,1,65,199,3,106,69,49,150,71,2
4,2,2,22,57,2,412,68,22,57,12,1
4,2,2,84,223,6,429,3,162,202,119,1
1,2,1,51,143,9,208,112,28,167,46,2
0,1,2,72,246,9,348,71,79,230,62,1
0,2,1,85,184,4,46,12,18,304,82,2
5,1,2,80,182,1,94,96,57,271,111,2
0,2,1,35,94,5,201,26,66,89,46,2
5,2,1,90,358,0,355,30,12,319,87,1
4,2,2,59,206,1,362,102,70,230,41,1
2,1,1,86,305,9,520,7,48,256,126,1
5,2,2,90,186,4,221,83,145,231,69,2
3,1,2,70,276,5,173,211,88,275,87,2
1,1,2,4,9,4,261,9,3,11,6,1
5,1,2,78,228,9,161,59,24,290,72,2
4,1,1,67,135,7,415,21,61,206,82,1
0,2,1,41,153,8,140,62,13,97,47,2
3,2,1,83,246,8,449,96,12,314,101,1
4,2,2,84,171,0,487,117,106,181,106,1
3,1,2,61,136,8,448,177,88,214,86,1
3,2,1,56,133,5,21,17,33,220,34,2
3,1,1,8,20,4,3,10,4,22,10,2
0,2,1,15,51,3,382,24,10,36,21,1
2,2,2,30,83,8,338,10,49,83,35,1
0,1,1,73,163,6,140,172,145,238,103,2
1,2,1,18,63,4,573,14,2,60,24,1
3,2,2,89,194,9,137,63,137,234,128,2
4,1,1,82,194,3,496,179,92,199,77,1
4,1,2,69,269,7,524,24,80,221,39,1
2,2,2,0,5,2,38,1,0,1,1,2
0,2,1,48,146,5,275,128,15,120,66,1
0,2,1,43,166,3,473,63,68,137,60,1
2,2,1,49,194,0,433,0,45,126,62,1
3,1,1,39,103,6,175,54,43,136,45,2
1,2,2,70,147,4,377,106,39,242,41,1
3,2,2,76,174,2,103,126,37,244,100,2
3,1,1,73,250,5,467,132,108,191,96,1
3,1,1,62,207,0,513,39,109,202,44,1
4,1,2,68,254,9,297,199,135,272,101,1
4,2,1,88,308,3,596,71,44,231,130,1
2,2,1,42,136,2,510,132,42,147,52,1
2,2,2,7,17,6,37,17,0,18,6,2
1,1,2,96,266,8,492,159,141,249,119,1
4,2,2,4,13,2,484,3,1,16,5,1
5,1,1,95,298,5,134,196,178,207,69,2
2,1,1,82,323,4,84,139,16,213,70,2
1,1,2,81,246,4,342,115,154,213,58,1
4,1,2,77,296,3,14,220,46,257,81,2
1,2,2,84,256,0,306,37,149,324,122,1
5,2,1,65,173,6,543,127,2,192,56,1
0,1,2,25,71,4,478,68,8,53,28,1
0,2,2,64,253,3,418,126,122,214,90,1
1,1,1,69,205,9,137,96,73,244,88,2
5,1,1,1,4,4,286,0,4,7,1,1
2,1,2,20,67,2,477,61,4,41,33,1
1,1,1,85,314,5,225,78,102,300,61,2
4,1,2,70,228,5,332,46,85,191,44,1
0,2,2,18,45,9,37,13,22,52,17,2
4,1,1,84,276,3,158,224,18,337,117,2
2,1,1,21,51,3,64,45,5,67,20,2
2,2,1,94,295,7,199,274,63,315,74,2
2,1,1,17,62,7,587,20,12,42,17,1
1,1,2,19,60,7,582,39,22,74,29,1
1,2,1,37,84,3,517,9,25,104,21,1
5,2,1,0,0,4,404,5,1,5,2,1
1,2,1,17,42,5,442,12,20,41,12,1
0,2,1,30,113,1,93,47,3,77,31,1
0,2,2,9,40,8,528,7,8,26,9,1
5,1,1,78,212,5,479,26,151,295,104,1
4,1,1,59,214,2,560,139,9,138,56,1
5,1,2,30,103,0,132,65,37,109,37,1
4,1,1,88,301,9,232,210,74,302,130,2
0,2,1,10,29,0,378,15,10,31,9,1
3,1,2,77,267,2,301,177,78,273,115,1
3,1,1,75,228,3,507,29,98,201,70,1
2,2,2,42,162,7,579,78,75,100,54,1
1,2,2,29,109,8,365,20,54,117,25,1
5,2,1,24,90,7,397,51,12,74,37,1
4,1,2,53,214,6,567,50,87,149,31,1
1,1,2,55,152,3,244,105,87,206,70,2
5,1,2,59,204,9,182,94,20,166,59,2
2,1,2,80,222,8,557,134,143,281,84,1
1,1,2,58,209,5,249,179,82,166,62,2
1,1,1,78,303,4,420,236,85,246,97,1
4,2,2,18,45,3,2,15,8,37,26,2
5,1,1,11,26,5,369,4,17,36,18,1
1,1,2,68,268,2,291,67,122,212,49,1
3,1,2,39,150,2,140,75,51,79,20,2
3,1,2,78,259,7,590,158,43,247,40,1
4,2,2,79,277,3,363,88,113,257,55,1
4,1,1,93,223,6,133,100,9,228,133,2
0,1,2,90,222,4,17,142,173,282,107,2
2,1,2,37,144,7,60,26,2,80,29,2
1,1,2,89,259,3,427,208,71,275,89,1
3,1,1,28,80,1,385,29,54,110,38,1
4,1,2,18,40,3,73,20,27,74,22,2
5,1,2,61,143,3,169,133,101,242,38,2
3,2,1,39,106,3,248,88,52,129,43,2
0,2,2,96,291,9,318,12,146,335,83,1
2,1,2,50,151,3,358,12,75,125,32,1
3,1,2,74,284,8,481,213,124,293,80,1
3,2,2,90,352,0,415,111,118,195,117,1
5,2,2,20,78,1,109,3,0,46,24,2
2,2,1,81,203,4,204,1,9,329,67,2
3,1,1,59,213,7,128,29,61,148,72,2
2,1,2,43,163,9,404,64,42,166,24,1
3,2,2,64,185,5,534,188,93,134,48,1
4,2,2,87,346,6,394,154,28,203,91,1
4,1,1,37,130,9,153,98,5,120,47,2
3,1,1,87,351,6,104,223,77,261,59,2
5,2,2,62,220,5,476,5,91,238,58,1
1,2,1,93,284,7,226,245,49,315,66,2
3,1,1,1,7,3,341,7,2,8,2,1
5,2,2,39,120,2,282,109,61,138,35,1
2,1,2,79,205,8,478,41,155,164,106,1
4,1,2,97,281,4,463,236,127,354,58,1
0,2,2,46,187,5,350,70,10,153,48,1
0,1,1,27,94,0,520,67,16,88,39,1
1,2,1,33,132,5,524,84,39,113,41,1
1,2,1,47,123,1,418,118,73,115,38,1
2,2,1,49,130,6,13,59,79,177,39,2
5,1,2,71,259,4,451,14,122,264,104,1
0,1,1,0,0,8,220,1,3,3,1,2
2,1,2,12,44,1,55,21,6,41,14,1
3,1,1,85,333,6,14,77,100,214,62,2
1,2,1,26,56,9,428,10,32,100,14,1
3,1,1,89,298,6,264,262,73,224,82,1
0,2,1,66,150,6,399,199,26,136,83,1
0,2,1,48,167,2,324,67,62,151,59,1
0,1,1,42,165,6,495,87,87,123,34,1
5,2,1,82,183,9,403,25,71,285,95,1
4,1,2,76,170,1,94,36,131,240,72,2
4,1,1,46,96,6,479,52,93,183,29,1
1,1,2,30,85,1,105,10,26,104,34,2
5,1,1,21,64,7,312,67,33,85,20,1
5,2,1,90,278,4,148,223,33,329,107,2
2,2,1,45,134,2,206,13,79,164,35,2
0,2,1,78,301,0,476,166,14,288,78,1
1,1,1,24,83,2,430,8,29,57,31,1
3,2,2,0,5,9,430,0,3,1,3,1
5,1,2,71,169,0,45,61,84,229,49,2
4,2,2,31,115,0,547,78,24,118,30,1
4,2,2,81,230,9,98,185,115,168,99,2
5,2,1,39,93,0,7,88,78,82,31,2
1,2,2,71,234,7,552,94,68,223,85,1
1,2,2,91,272,2,64,122,138,250,108,2
2,1,1,41,149,5,252,34,21,124,48,1
3,2,2,24,78,0,121,42,31,59,25,1
5,1,2,27,95,5,288,59,23,65,29,1
2,1,1,7,32,2,463,23,3,17,6,1
3,2,1,47,172,9,523,126,87,140,48,1
0,1,2,75,245,4,342,168,107,271,45,1
1,1,2,45,165,5,347,104,83,103,34,1
5,2,2,28,86,9,586,26,10,103,28,1
4,2,2,95,259,1,218,260,0,222,139,2
0,1,1,67,265,9,215,108,25,164,83,2
2,2,1,36,121,3,40,18,26,94,26,2
3,2,1,4,14,6,221,0,10,14,6,2
2,2,1,10,26,5,30,4,16,35,6,2
4,2,1,76,265,0,174,89,112,181,56,1
0,2,2,88,348,2,598,5,162,204,91,1
1,2,2,26,88,5,136,36,5,75,36,2
1,2,2,76,210,4,26,228,107,182,45,2
4,1,1,45,92,8,576,118,66,177,41,1
2,1,2,44,172,9,297,114,61,138,41,1
4,1,2,49,158,6,136,114,27,128,67,2
3,2,1,59,225,8,340,168,73,193,60,1
0,2,2,58,226,7,2,122,65,174,71,2
2,2,2,82,229,7,176,152,54,184,86,2
2,1,2,91,217,6,93,43,38,281,138,2
0,1,2,40,100,4,206,93,45,121,60,2
3,1,2,94,369,4,118,67,55,346,113,2
3,1,2,54,131,2,565,149,97,120,60,1
4,1,2,76,283,0,403,5,124,292,105,1
2,1,1,43,123,0,268,69,39,175,29,1
3,1,2,22,56,0,125,11,5,71,25,2
0,2,2,37,110,5,5,50,59,85,21,2
5,1,1,94,203,2,156,173,110,214,116,2
4,2,2,7,23,0,302,6,8,29,10,1
3,1,1,9,35,9,514,14,15,29,11,1
4,2,2,62,246,0,340,100,57,184,63,1
2,1,2,44,147,1,517,72,24,127,66,1
4,1,2,74,295,9,61,138,58,150,59,2
5,2,2,66,198,6,539,19,6,153,75,1
5,1,2,69,267,9,292,51,96,199,76,1
4,2,1,65,244,2,198,129,7,185,84,2
5,2,1,56,121,2,547,51,90,138,76,1
0,1,1,84,291,7,343,10,141,327,123,1
0,1,1,33,103,1,89,83,48,88,25,1
2,1,1,46,172,9,81,4,69,131,70,2
5,1,1,59,141,7,100,92,28,235,56,2
5,1,1,50,124,7,418,117,1,178,72,1
5,2,1,39,121,3,9,82,10,127,33,2
5,2,2,30,71,0,538,22,29,99,36,1
3,2,1,73,213,6,378,88,121,198,112,1
2,2,1,13,42,6,526,32,17,43,16,1
4,1,1,10,28,7,48,12,22,32,17,2
1,1,1,82,194,2,176,246,165,315,121,2
0,2,1,77,260,3,366,46,92,181,118,1
1,1,1,19,40,9,596,1,23,72,23,1
2,1,2,23,67,9,247,8,12,49,23,2
2,2,1,35,136,0,105,59,32,88,55,1
5,1,2,9,37,7,198,4,1,20,7,2
5,1,2,63,245,3,479,70,96,154,88,1
0,2,1,80,312,3,103,115,88,187,61,2
2,2,2,48,121,3,409,113,68,130,42,1
1,2,2,13,57,2,207,26,27,45,19,2
5,2,2,35,88,8,68,34,24,81,33,2
3,1,1,39,143,7,460,47,66,146,30,1
2,2,2,70,165,2,496,66,61,141,98,1
1,1,2,18,47,2,576,5,29,55,15,1
3,2,2,18,44,6,373,8,34,56,15,1
1,1,1,49,112,1,447,50,89,138,70,1
1,2,2,58,133,5,289,90,3,123,71,1
1,1,2,47,178,3,82,136,4,152,24,2
3,2,1,7,20,5,600,13,0,30,11,1
1,1,1,73,247,8,328,35,22,214,47,1
2,1,2,62,247,5,367,135,55,252,54,1
2,1,1,85,261,0,478,85,24,285,103,1
4,1,1,71,169,8,531,185,43,227,52,1
5,1,2,72,268,1,20,198,146,249,94,1
2,1,2,25,90,7,356,77,25,61,36,1
3,1,2,32,86,2,596,42,48,99,42,1
3,2,1,19,71,1,20,33,27,60,22,1
2,2,2,29,102,4,451,55,59,87,16,1
5,2,2,45,171,0,223,106,70,106,52,1
5,1,2,29,102,2,284,77,21,106,29,1
2,2,2,55,201,0,330,30,31,223,29,1
3,1,1,21,77,6,172,44,33,74,18,2
0,2,1,64,182,7,502,146,11,215,97,1
2,1,1,25,61,8,247,50,17,89,17,2
1,2,1,6,25,7,426,20,13,28,12,1
1,1,2,64,182,3,412,23,32,241,76,1
3,1,2,37,104,2,490,106,19,122,27,1
5,2,2,0,3,7,96,0,0,2,2,2
3,1,2,18,39,2,531,13,17,66,12,1
2,1,1,89,206,9,332,42,4,297,131,1
3,1,2,45,105,3,227,133,31,133,48,2
3,2,1,30,108,2,408,89,57,78,15,1
2,2,2,15,39,6,529,2,16,43,16,1
1,2,2,24,78,5,554,45,51,60,25,1
3,2,1,25,64,6,599,24,42,57,20,1
0,2,1,34,131,2,289,36,0,109,40,1
4,1,1,70,257,2,271,47,0,223,42,1
2,2,1,23,61,2,408,69,2,96,35,1
2,2,2,53,193,7,28,24,48,106,37,2
3,1,1,90,332,3,264,208,152,295,114,1
3,2,2,88,187,3,393,183,45,293,72,1
4,2,1,57,147,6,326,164,46,173,82,1
4,1,2,54,153,5,170,99,107,143,70,2
2,2,1,30,122,3,549,4,53,101,44,1
5,2,2,89,275,7,247,219,70,316,94,2
0,2,1,44,148,0,117,56,39,115,66,1
4,1,2,71,146,0,58,136,123,201,73,2
5,2,1,11,28,7,526,2,17,48,14,1
0,2,2,16,39,2,536,13,19,65,20,1
3,1,2,3,14,4,209,4,3,11,3,2
2,2,1,55,202,9,281,152,78,111,85,1
4,1,2,1,8,1,59,1,0,7,2,1
5,1,1,19,68,4,217,12,29,51,14,2
1,2,1,55,198,6,142,117,73,176,65,2
1,2,1,9,24,7,46,19,3,19,8,2
5,1,2,91,337,2,442,42,6,325,82,1
1,1,1,33,78,4,326,71,55,69,29,1
0,2,1,80,285,1,319,90,11,227,63,1
2,2,1,73,176,9,434,91,55,227,49,1
1,1,1,68,253,2,120,151,115,150,87,2
5,2,1,37,80,8,300,39,6,101,56,1
3,1,1,45,129,5,140,40,33,163,43,2
5,2,1,15,49,7,520,17,12,37,10,1
0,1,2,23,75,3,137,58,0,55,33,2
1,2,1,2,11,5,168,7,0,12,4,2
0,2,1,22,88,3,68,22,2,53,33,2
4,1,2,55,216,0,571,32,17,141,61,1
1,1,2,96,370,1,516,218,122,258,85,1
5,1,2,88,325,1,473,106,41,186,115,1
3,2,2,6,27,6,276,12,13,23,4,1
1,1,2,14,42,6,373,19,27,34,13,1
0,1,1,96,338,9,460,215,94,331,135,1
5,2,1,27,72,5,378,34,30,106,37,1
4,2,1,37,117,6,593,60,47,126,52,1
0,1,1,31,87,8,454,61,39,66,47,1
3,1,1,5,19,3,317,16,4,21,9,1
3,2,1,82,292,9,361,146,34,286,109,1
1,1,1,38,118,5,56,105,25,153,50,2
0,2,1,17,60,7,511,11,1,48,19,1
0,2,2,37,143,0,430,92,40,143,54,1
5,2,2,72,177,0,492,53,94,196,53,1
5,2,1,57,157,2,498,159,50,120,31,1
2,2,2,12,26,5,190,6,16,52,13,2
2,1,1,16,52,2,148,29,3,53,13,2
0,1,1,8,28,2,225,19,17,25,14,2
1,1,2,72,189,9,115,22,48,289,70,2
5,1,2,25,103,7,196,8,29,94,24,2
1,2,1,34,128,3,243,29,1,96,27,2
5,1,2,68,181,5,220,47,119,167,38,2
4,2,1,48,177,6,7,53,56,125,33,2
2,1,2,16,54,6,202,14,11,41,13,2
2,1,1,45,117,2,205,34,38,177,23,2
2,2,1,65,228,1,4,144,71,240,100,1
5,2,2,56,172,4,419,58,19,121,31,1
0,1,1,57,224,8,555,134,63,142,40,1
4,2,2,58,155,8,293,68,48,129,64,1
1,2,1,5,11,4,223,7,11,13,9,2
0,2,1,35,128,6,85,106,68,89,49,2
0,1,1,69,190,2,483,39,48,215,50,1
5,1,1,9,36,0,238,4,13,40,16,1
3,2,1,93,198,0,206,168,8,324,110,2
4,2,1,20,83,0,161,14,30,44,21,1
4,2,1,53,197,3,366,38,47,177,79,1
3,2,1,42,160,9,261,55,80,117,40,1
5,2,2,48,105,4,45,123,50,138,63,2
4,2,1,59,122,6,562,113,15,216,68,1
3,2,2,79,220,4,386,204,87,189,62,1
4,1,1,68,193,3,408,176,26,240,45,1
4,2,2,54,145,9,356,96,92,113,65,1
4,1,2,16,67,6,443,26,10,42,15,1
2,1,2,34,118,6,108,101,42,127,54,2
5,1,2,4,10,6,108,10,3,13,9,2
1,1,1,47,162,5,139,75,14,100,72,2
3,1,1,28,68,2,115,20,57,92,25,2
0,2,1,36,103,5,190,33,65,141,31,2
1,1,1,74,297,7,584,133,36,169,108,1
4,1,2,76,251,8,125,30,140,302,72,2
0,1,2,66,214,9,430,175,13,183,36,1
4,1,1,57,170,9,357,15,56,127,41,1
2,2,2,47,165,4,180,22,89,123,27,2
3,2,1,9,28,7,56,13,1,27,16,2
1,2,1,96,356,5,329,270,41,295,112,1
1,1,1,10,44,0,367,11,3,39,8,1
0,2,2,45,112,8,259,75,0,184,26,1
4,1,2,65,157,1,491,0,130,204,52,1
0,2,1,35,110,2,238,62,4,101,54,2
2,1,2,72,157,9,58,167,55,265,43,2
2,2,2,31,114,6,139,40,63,80,17,2
2,1,1,46,150,5,203,33,40,117,43,2
4,1,1,44,116,2,510,112,82,172,52,1
1,1,1,78,303,6,2,127,131,236,68,2
0,2,2,39,85,8,0,109,64,83,35,2
4,2,2,24,69,7,312,13,10,55,14,1
3,2,2,11,47,2,386,27,20,38,9,1
0,1,1,21,46,5,109,33,24,44,32,2
5,1,2,1,6,2,192,8,3,4,4,2
0,1,1,68,214,9,198,66,55,144,39,2
3,2,1,42,106,8,311,86,63,85,30,1
5,2,1,49,115,2,476,76,4,102,44,1
1,2,2,57,127,2,479,108,116,128,66,1
3,1,1,76,269,7,260,36,81,215,86,1
4,1,1,20,48,2,8,32,26,63,31,2
4,2,2,52,123,8,486,3,25,207,66,1
1,2,2,72,288,3,297,121,48,160,70,1
4,1,2,56,117,5,511,94,88,139,31,1
1,1,1,56,127,5,562,113,84,117,39,1
3,2,1,46,139,5,69,32,2,137,30,2
1,2,1,72,236,1,387,208,109,258,56,1
0,2,1,94,193,5,200,215,7,369,109,2
2,2,1,0,2,2,446,4,0,2,0,1
4,2,2,5,18,6,319,19,7,21,10,1
2,2,2,74,164,9,392,99,96,248,74,1
1,2,1,12,30,8,21,9,15,27,7,2
2,2,1,36,147,6,430,108,29,104,36,1
3,2,2,25,105,2,180,44,0,100,35,2
2,2,1,48,104,0,453,126,90,112,57,1
4,1,1,88,286,2,337,113,12,327,48,1
3,1,2,35,87,2,183,93,4,96,36,2
4,2,1,1,8,1,15,7,1,6,1,1
4,1,2,16,38,3,477,22,25,33,19,1
2,1,2,77,174,1,102,209,118,253,84,2
4,1,1,19,74,3,193,43,4,41,13,2
0,1,1,7,28,1,55,17,1,27,5,1
3,1,2,97,233,8,257,183,86,227,91,1
0,2,1,54,197,9,306,71,5,197,76,1
1,2,1,58,119,7,443,88,26,203,29,1
5,2,2,55,181,1,279,128,40,169,49,1
0,1,1,88,328,9,434,28,59,250,103,1
0,1,2,71,158,0,190,76,14,215,107,2
5,1,2,51,202,7,502,112,71,208,41,1
1,2,1,33,71,7,567,5,66,92,21,1
0,2,2,8,19,5,2,22,4,34,14,2
0,2,2,49,196,5,567,18,71,180,57,1
0,1,1,27,96,3,12,18,45,109,37,2
3,2,2,74,188,6,462,148,150,232,73,1
5,2,1,58,144,8,162,154,97,135,35,2
1,1,2,61,179,8,549,43,58,152,52,1
3,2,2,17,71,8,292,23,30,57,18,1
4,1,2,4,11,1,207,2,3,14,4,2
2,2,1,39,111,6,205,81,75,98,55,2
0,2,1,6,29,3,167,9,4,28,8,2
2,2,2,64,226,7,243,25,110,260,85,2
4,1,1,1,8,5,374,6,0,5,2,1
3,1,2,59,132,0,417,157,42,158,34,1
5,2,1,46,167,4,366,68,54,121,29,1
4,2,2,43,170,8,530,2,42,117,25,1
2,1,2,36,91,7,83,83,5,89,23,2
2,1,1,68,186,3,284,130,136,203,50,1
2,2,2,42,139,8,499,63,78,105,24,1
5,1,2,51,191,2,210,147,70,133,37,2
0,2,1,24,56,2,272,58,31,70,38,1
3,2,2,31,128,0,254,60,25,64,38,1
1,2,1,10,45,2,44,29,17,29,13,2
3,1,2,41,83,3,581,91,52,147,55,1
0,2,1,82,269,4,214,25,64,198,72,2
0,1,2,4,15,8,496,10,7,9,5,1
2,1,1,45,159,5,502,23,54,145,67,1
3,1,2,40,122,9,75,13,51,106,24,2
2,1,2,41,144,0,571,41,73,136,44,1
0,2,2,6,26,0,139,1,9,24,12,1
0,2,1,91,317,3,138,247,64,346,124,2
5,2,2,60,134,0,168,33,123,136,55,2
3,1,1,33,99,5,345,104,57,97,24,1
2,1,1,34,89,8,400,44,18,104,35,1
5,1,1,93,362,7,48,35,22,313,114,2
5,1,1,4,11,4,577,14,4,17,7,1
0,2,1,36,146,2,599,78,6,121,28,1
3,1,1,12,32,5,310,12,6,35,14,1
1,2,2,61,236,1,442,15,71,215,43,1
1,2,1,26,63,8,501,40,49,68,37,1
4,1,1,52,168,0,233,138,51,119,47,1
3,2,1,61,236,7,356,127,93,149,51,1
3,1,1,37,140,8,485,109,76,136,49,1
2,1,1,40,154,0,32,70,7,130,30,1
0,1,2,29,78,8,468,4,16,113,24,1
1,1,2,32,83,2,340,77,10,75,44,1
4,2,2,13,28,2,585,1,28,35,19,1
3,2,1,7,17,8,472,23,7,32,8,1
4,1,1,76,253,1,365,10,23,270,82,1
1,2,1,33,102,9,154,83,40,73,21,2
1,2,2,82,322,6,398,206,59,170,122,1
4,2,1,62,210,9,32,36,91,159,80,2
1,2,2,94,280,2,236,187,93,270,60,2
5,2,1,19,62,4,496,24,28,70,27,1
2,2,1,58,196,3,186,121,81,198,66,2
0,2,1,81,165,8,122,80,106,230,114,2
1,2,1,51,182,2,201,67,86,163,43,2
1,2,1,95,232,1,366,151,94,230,80,1
3,2,1,80,162,8,71,190,12,182,82,2
5,1,2,32,66,6,12,18,4,100,38,2
5,1,2,26,107,5,453,39,46,104,24,1
0,2,1,22,49,7,440,63,10,72,29,1
1,1,2,80,237,1,66,109,152,249,104,2
4,2,2,40,108,3,226,116,2,165,49,2
4,1,1,53,145,4,54,160,34,209,77,2
5,2,1,27,60,2,419,79,16,77,16,1
5,2,2,61,198,5,474,156,118,159,58,1
5,2,1,95,288,8,432,47,74,352,124,1
1,2,2,63,157,2,562,20,0,237,97,1
5,2,2,47,105,8,313,68,8,142,53,1
5,1,1,67,162,2,147,41,4,138,66,2
4,2,1,9,27,1,430,3,6,33,11,1
2,1,1,80,233,2,195,230,106,269,61,2
5,2,1,65,233,6,554,30,33,191,75,1
3,1,1,72,149,4,248,167,128,190,48,2
1,2,2,10,24,6,479,6,22,21,6,1
0,2,2,93,245,0,264,174,160,193,120,1
5,2,1,38,79,0,271,35,77,92,44,1
0,2,1,84,323,3,478,215,141,333,110,1
4,1,1,89,281,5,508,257,118,190,97,1
0,2,1,69,183,9,470,192,131,228,51,1
0,2,2,88,281,1,312,0,72,266,131,1
3,1,1,12,24,6,519,12,15,37,13,1
1,1,2,86,199,2,327,241,161,173,119,1
3,2,1,52,144,1,59,123,99,148,61,2
1,1,2,59,188,2,41,57,59,121,63,2
1,1,2,8,33,1,270,10,13,34,10,1
3,1,1,75,178,9,436,78,145,288,100,1
1,1,1,59,126,0,2,89,75,153,72,2
2,2,1,75,207,5,120,161,43,271,105,2
4,1,1,45,117,0,116,58,82,127,68,2
2,1,1,89,345,9,536,213,109,303,99,1
0,1,1,56,124,5,228,84,73,193,76,2
4,2,2,83,246,0,105,19,4,214,114,2
2,1,1,97,331,6,483,166,161,207,95,1
4,2,1,18,37,4,336,21,0,37,17,1
1,2,1,48,165,2,411,63,76,157,32,1
1,1,1,30,115,7,548,55,32,72,23,1
1,2,1,78,275,3,504,79,16,268,118,1
0,2,1,10,25,6,592,32,1,30,17,1
2,2,1,56,225,6,396,121,2,205,48,1
1,1,2,23,73,9,588,74,42,61,19,1
1,2,1,4,11,4,399,4,5,10,8,1
5,1,2,47,127,4,565,133,37,144,65,1
2,1,1,92,365,6,83,78,159,268,77,2
2,1,2,51,190,7,68,147,4,113,37,2
5,2,2,49,155,1,307,60,77,123,70,1
4,2,1,27,86,8,527,4,34,109,16,1
1,1,2,89,337,5,372,86,16,324,88,1
3,2,1,86,264,5,408,160,153,266,96,1
4,2,2,24,85,4,382,45,47,100,16,1
1,1,1,95,252,8,441,219,62,345,49,1
5,2,1,4,9,3,43,1,7,13,6,2
0,1,1,39,108,7,485,68,53,82,48,1
1,2,1,78,277,9,530,224,126,253,106,1
2,1,2,86,264,7,396,129,153,200,109,1
1,1,2,0,0,5,397,6,3,4,1,1
0,1,1,36,114,0,51,1,67,122,31,1
3,1,2,66,215,4,256,164,93,188,54,1
0,1,2,84,315,0,595,226,159,193,51,1
2,1,1,26,81,4,234,83,48,103,15,2
0,1,2,78,295,5,436,6,157,305,84,1
2,1,1,21,52,7,329,46,29,67,19,1
4,1,1,74,159,9,357,19,93,282,55,1
2,1,2,27,110,5,539,7,51,78,26,1
4,2,2,77,254,8,289,43,3,250,98,1
2,2,2,17,42,2,505,22,31,45,23,1
3,2,1,44,133,9,429,13,89,169,59,1
1,2,2,24,74,2,99,37,43,86,35,2
2,2,2,25,64,3,113,76,8,89,23,2
5,1,1,61,129,7,21,67,40,149,71,2
0,1,1,24,72,0,553,42,39,93,14,1
4,2,1,75,231,2,100,39,34,205,107,2
0,1,1,72,160,7,330,112,132,281,53,1
3,1,1,71,213,9,257,19,38,261,93,1
1,1,2,27,73,0,58,8,7,98,21,2
3,1,1,64,157,4,210,12,48,130,63,2
2,1,1,25,93,6,254,58,2,99,19,1
3,1,1,81,274,1,296,205,154,211,74,1
0,1,2,47,182,3,359,88,17,144,49,1
4,1,1,77,304,4,22,106,132,300,63,2
5,1,1,86,210,6,552,80,64,282,99,1
5,2,2,38,138,8,353,58,41,91,54,1
4,1,1,37,89,5,437,28,23,120,52,1
3,1,1,75,186,0,283,93,30,164,93,1
1,1,1,36,97,7,573,51,28,100,40,1
5,1,2,78,267,9,295,45,52,245,104,1
5,1,1,32,110,9,571,65,39,94,24,1
5,1,1,53,185,5,303,33,7,207,50,1
0,2,2,75,290,6,501,62,118,231,47,1
5,1,2,38,91,1,423,2,0,118,20,1
5,2,1,57,223,8,330,23,42,162,68,1
0,2,1,24,96,9,68,36,15,49,20,2
3,1,2,64,219,5,459,89,22,184,85,1
0,2,1,8,27,8,82,22,7,32,9,2
4,2,1,6,25,7,345,9,14,20,6,1
0,1,2,30,60,2,578,67,52,78,36,1
4,1,2,82,231,5,50,187,91,272,67,2
3,1,1,56,173,2,420,49,42,185,66,1
0,2,1,71,278,4,373,137,12,160,89,1
1,1,2,37,77,2,148,1,19,95,40,2
2,2,1,44,157,1,420,0,40,120,42,1
0,1,2,34,120,0,0,52,30,140,54,1
4,1,2,73,284,9,220,46,35,149,57,2
1,1,2,50,147,5,494,32,72,162,51,1
3,1,1,42,97,3,575,59,52,114,41,1
1,2,1,49,126,6,233,67,67,141,39,2
0,1,2,58,233,2,476,138,27,231,88,1
2,1,2,36,111,2,406,10,40,118,28,1
3,1,2,26,106,0,410,6,24,53,36,1
5,1,1,63,180,1,33,81,4,214,70,2
2,2,1,14,61,1,487,10,3,52,11,1
4,1,2,53,183,5,269,135,62,194,73,1
0,1,1,94,198,7,127,72,23,342,74,2
0,1,2,68,275,7,340,115,37,157,82,1
2,2,2,38,78,7,12,35,21,148,31,2
1,2,1,79,306,5,164,136,98,176,75,2
2,2,1,64,225,3,190,61,100,177,64,2
5,1,2,39,99,5,131,62,22,134,43,2
1,1,2,64,245,1,200,86,41,164,61,1
4,1,2,49,119,6,211,27,60,180,34,2
4,1,2,80,249,8,391,58,89,282,105,1
1,2,1,93,241,6,396,254,67,292,63,1
0,2,1,74,273,0,137,100,112,273,68,1
2,2,1,82,205,5,35,67,123,182,101,2
4,1,2,74,248,1,371,46,132,271,43,1
4,2,1,12,34,5,321,31,9,48,18,1
4,2,1,25,65,4,155,47,26,71,27,2
1,1,1,0,2,4,556,5,2,2,2,1
3,1,2,4,18,7,592,7,4,21,5,1
4,1,2,50,126,7,519,34,41,165,75,1
0,2,1,49,113,4,8,87,13,104,70,2
4,1,1,90,183,0,589,264,42,330,97,1
5,2,2,63,229,8,413,67,14,131,72,1
0,1,2,83,207,2,365,36,96,272,113,1
4,2,2,18,57,5,537,13,19,60,23,1
4,2,1,73,177,9,95,2,128,232,97,2
0,1,1,73,286,4,332,217,107,244,99,1
2,2,2,18,40,7,197,51,2,54,28,2
3,1,1,12,24,6,394,38,2,33,17,1
1,2,1,15,53,0,582,31,26,64,16,1
2,1,1,51,146,2,204,106,21,167,32,2
4,2,2,87,298,0,447,206,129,204,103,1
3,1,2,95,350,1,162,115,95,334,72,1
5,1,2,88,256,1,238,111,111,310,81,2
2,2,1,83,306,2,364,57,99,195,74,1
1,2,2,33,106,1,224,88,62,133,28,1
1,2,2,3,11,2,164,11,0,16,5,2
3,1,2,87,188,2,507,23,165,296,104,1
2,2,1,76,269,8,322,60,60,261,43,1
5,2,1,96,275,2,527,24,149,325,95,1
0,1,2,50,187,6,387,119,5,191,44,1
4,1,2,72,191,7,535,164,142,232,65,1
3,1,1,10,30,2,472,7,9,26,14,1
1,2,1,8,29,0,410,1,2,30,9,1
3,1,1,93,322,6,281,28,143,356,47,1
3,2,2,43,114,8,475,87,28,124,45,1
2,1,2,47,157,5,410,87,71,97,57,1
3,2,1,5,22,3,21,19,12,14,4,2
0,1,2,92,280,9,461,225,148,305,101,1
3,2,1,81,311,2,374,10,16,169,61,2
4,1,1,54,127,1,599,105,91,111,64,1
5,2,1,42,120,3,267,24,5,126,63,1
3,1,2,19,51,3,471,52,37,59,10,1
1,2,1,42,103,1,60,66,77,148,50,2
0,2,2,61,193,2,125,159,104,130,59,2
4,1,2,97,297,8,196,104,80,290,137,2
3,2,2,5,13,9,405,6,9,20,7,1
4,2,2,34,121,6,127,104,24,88,26,2
1,2,1,54,207,0,252,32,63,218,61,1
3,2,1,8,34,3,425,30,13,37,13,1
5,1,1,62,153,3,253,142,29,201,80,1
0,2,2,87,188,0,425,83,150,187,88,1
4,1,2,97,258,0,181,145,50,233,93,2
2,1,1,38,83,1,547,102,27,140,24,1
0,2,1,71,254,4,366,140,31,287,60,1
1,2,2,79,251,2,177,45,132,229,44,2
4,1,1,66,218,1,146,37,46,186,92,1
0,2,1,24,79,3,330,60,49,72,20,1
5,2,1,1,8,9,313,6,4,4,2,1
2,1,1,22,72,1,551,31,7,53,24,1
0,2,2,58,203,5,39,34,107,169,82,2
4,1,1,36,108,7,557,113,74,114,47,1
0,1,1,68,218,6,167,100,64,258,58,2
0,1,1,52,126,7,55,112,31,179,74,2
1,2,2,62,161,2,128,124,109,236,89,2
5,2,1,68,237,6,150,103,57,208,47,2
2,2,1,19,43,1,48,54,0,71,14,2
4,2,1,42,147,5,159,57,8,111,24,2
0,2,2,78,307,3,547,49,95,293,57,1
2,2,1,37,80,8,223,8,3,96,23,2
0,1,2,45,149,4,486,111,80,93,32,1
0,1,2,66,209,6,0,0,87,162,100,2
0,2,1,16,62,5,428,35,0,58,19,1
3,2,1,84,317,1,197,114,33,183,49,1
1,2,1,34,134,4,248,99,24,86,41,2
1,1,1,66,226,2,276,5,111,135,56,1
3,1,1,9,38,9,563,8,11,34,6,1
4,1,1,38,81,3,417,74,49,116,40,1
1,1,2,23,56,5,368,74,6,60,37,1
2,1,2,52,171,4,35,59,14,178,43,2
5,2,2,64,133,1,561,117,84,143,54,1
4,2,2,58,146,0,21,69,77,177,65,2
0,1,1,20,80,4,285,36,17,40,19,1
1,1,2,86,182,4,404,144,32,263,113,1
0,2,1,38,100,1,519,111,12,149,26,1
4,2,1,34,121,8,194,53,1,99,19,2
5,1,1,79,222,0,508,48,61,166,60,1
3,2,1,50,107,5,530,89,51,157,76,1
5,1,2,9,25,6,173,1,5,39,7,2
2,1,2,73,295,1,92,55,22,205,40,1
5,2,2,75,200,5,506,213,133,186,96,1
0,2,2,55,211,3,40,32,19,169,38,2
3,1,1,48,136,3,255,123,67,178,48,1
5,2,2,3,9,7,199,6,6,12,2,2
3,1,2,87,210,4,167,187,26,315,88,2
1,2,2,15,63,1,497,28,19,58,13,1
4,2,1,3,10,8,462,14,0,13,3,1
3,2,1,97,360,7,262,173,182,220,98,1
1,1,2,82,215,0,192,40,110,179,66,2
3,2,1,3,14,1,524,5,6,11,4,1
2,1,2,15,54,4,302,49,27,42,18,1
1,2,1,63,180,4,422,119,86,189,45,1
1,2,2,87,281,2,409,216,55,259,79,1
1,2,2,2,11,1,2,2,1,12,5,1
3,2,2,55,120,2,64,79,110,197,55,2
0,2,1,94,235,5,89,251,158,267,83,2
0,1,1,83,197,7,486,133,74,174,89,1
0,1,2,38,112,3,134,45,28,81,59,2
2,2,1,61,178,2,371,79,82,129,54,1
3,1,1,38,144,3,76,30,62,86,42,2
4,1,2,92,319,2,598,269,118,192,86,1
5,1,1,39,152,4,536,105,11,149,36,1
4,1,1,9,41,2,215,10,7,40,15,2
3,2,2,85,245,9,60,252,87,308,43,2
4,1,1,47,125,0,391,2,49,144,70,1
1,2,1,26,88,6,210,24,42,101,30,2
0,1,2,94,229,8,89,10,175,219,88,2
3,1,1,67,187,6,48,42,37,191,49,2
2,2,1,21,78,0,204,18,31,43,31,1
2,2,2,66,210,9,358,78,70,256,96,1
1,2,1,20,51,7,341,59,0,45,12,1
2,2,2,57,195,9,27,78,15,194,85,2
1,1,1,68,200,8,426,116,131,168,90,1
1,1,1,94,338,9,528,259,186,205,124,1
0,1,2,63,142,5,455,90,119,205,34,1
2,2,1,36,73,9,488,17,52,89,56,1
2,1,2,92,248,9,532,194,21,220,59,1
0,2,2,19,79,1,254,39,38,56,17,1
1,2,1,83,259,3,511,228,64,322,126,1
5,1,1,36,117,0,349,62,53,100,42,1
1,2,1,32,94,9,530,35,64,100,48,1
1,1,1,54,114,2,407,45,8,187,39,1
0,1,1,83,334,4,183,188,89,287,122,2
4,2,1,19,52,8,49,1,0,63,20,2
4,1,2,2,12,1,546,3,0,13,6,1
4,2,2,77,312,9,86,143,38,235,75,2
5,2,2,67,189,5,108,100,50,246,90,2
0,2,1,16,36,0,464,22,7,32,12,1
0,1,1,10,29,8,173,21,6,21,12,2
3,2,2,34,95,5,354,6,13,72,22,1
1,1,2,70,225,0,251,150,87,210,95,1
5,1,2,92,215,2,550,133,117,245,68,1
5,1,2,88,239,1,346,124,55,178,119,1
1,2,1,8,18,3,493,29,13,19,14,1
3,2,2,54,196,7,251,140,42,158,45,1
1,1,2,7,23,1,46,4,7,26,9,2
5,2,1,88,188,6,240,113,8,180,49,2
2,2,2,29,87,9,592,50,56,68,40,1
1,2,1,78,204,2,270,10,117,229,113,1
4,2,1,33,110,7,574,14,38,98,37,1
4,1,2,37,123,3,253,82,25,120,45,1
2,1,2,95,342,4,349,106,76,245,59,1
4,1,2,43,155,6,139,89,69,149,44,2
5,2,2,66,245,3,321,130,135,230,48,1
2,2,2,61,183,6,572,99,119,158,75,1
2,1,2,47,182,3,192,129,50,99,58,2
0,1,2,46,183,2,318,123,59,165,40,1
5,1,2,73,155,8,158,78,65,221,84,2
5,2,2,50,136,1,122,78,45,117,70,2
3,2,1,92,306,9,573,228,176,190,90,1
5,2,2,30,97,6,310,29,38,83,35,1
1,2,1,34,129,9,246,89,36,136,29,2
1,2,1,32,69,3,441,43,66,112,39,1
3,1,2,19,79,2,454,9,29,46,10,1
1,1,2,70,148,3,79,26,83,214,82,2
5,1,2,43,166,8,155,27,25,104,56,2
0,1,1,24,87,9,315,68,0,81,34,1
4,1,1,62,214,4,84,165,82,148,57,2
0,1,2,62,248,7,328,161,29,178,64,1
3,1,2,29,109,7,565,36,46,63,42,1
2,1,2,16,50,0,379,10,14,55,9,1
1,1,1,91,187,6,389,239,115,348,90,1
5,2,1,63,135,4,336,130,55,191,81,1
1,2,2,29,63,9,537,40,42,120,43,1
3,2,2,21,82,5,257,36,14,59,13,1
2,1,2,3,14,4,24,3,3,15,7,2
0,2,1,35,90,6,231,83,10,86,19,2
4,2,1,84,211,6,176,62,27,277,127,2
4,1,2,24,82,1,475,6,38,101,26,1
1,2,1,69,177,9,177,66,132,190,93,2
4,2,1,68,195,7,382,93,53,142,73,1
5,2,2,81,174,5,34,196,132,222,98,2
3,1,1,66,236,5,265,188,28,185,67,1
1,2,1,97,254,0,40,156,184,292,118,2
2,1,2,49,107,6,22,79,29,104,59,2
4,1,1,33,104,3,583,2,23,81,20,1
3,1,1,41,125,7,46,33,11,116,38,2
0,1,1,51,199,0,561,5,8,162,62,1
5,1,1,62,216,5,399,157,5,169,38,1
0,1,2,91,269,3,329,45,143,266,50,1
3,1,2,9,28,6,59,15,10,37,10,2
2,2,2,69,267,4,130,207,83,242,42,2
4,2,2,9,30,8,117,14,10,39,7,2
2,1,2,17,49,2,596,43,1,59,24,1
0,2,2,11,36,7,390,36,17,44,8,1
5,1,2,73,225,7,47,151,12,158,107,2
4,2,2,22,67,1,239,23,0,93,29,2
4,1,1,23,77,3,164,40,30,87,30,2
4,1,2,73,159,1,10,108,143,146,58,2
3,2,2,91,361,2,131,220,146,326,88,2
5,2,2,31,97,5,189,20,5,69,28,2
4,2,1,55,136,5,475,16,31,156,71,1
2,2,1,10,42,4,255,1,11,24,14,1
4,1,1,80,293,4,157,67,67,211,110,2
3,2,2,53,121,3,280,8,9,190,73,1
4,2,2,16,69,9,196,30,11,69,20,2
0,2,2,33,111,7,537,37,21,97,27,1
4,2,1,58,129,2,155,73,59,162,71,2
0,1,1,25,94,9,251,13,13,68,16,1
4,2,1,57,204,4,525,117,79,207,85,1
1,2,1,19,39,8,254,34,8,61,15,1
0,2,1,18,49,8,100,19,15,47,15,2
5,2,2,88,340,4,553,225,119,319,101,1
1,2,1,74,185,6,103,209,47,244,100,2
3,1,2,3,12,2,92,14,2,15,6,2
1,1,2,61,187,9,373,146,81,157,42,1
0,1,1,29,68,4,198,38,11,119,43,2
1,2,2,9,23,2,558,18,19,24,6,1
4,1,1,37,140,9,177,10,46,88,29,2
4,2,1,85,279,5,248,118,99,195,85,2
4,2,1,62,236,2,0,162,116,246,70,2
2,1,1,0,5,5,183,1,2,3,3,2
1,1,2,22,55,9,84,17,25,81,31,2
3,2,2,87,349,4,594,171,56,274,98,1
3,2,2,59,145,4,192,67,35,176,61,2
5,2,1,74,254,1,307,129,136,288,49,1
3,2,2,7,21,7,401,7,0,17,4,1
2,2,1,69,194,9,590,139,39,219,40,1
2,2,1,48,143,4,508,44,35,170,31,1
4,1,1,18,71,9,296,6,23,46,25,1
4,1,1,24,59,6,121,25,22,86,34,2
2,1,1,68,146,9,195,99,88,137,102,2
3,1,2,37,95,2,304,109,73,74,33,1
3,1,2,82,323,1,209,227,126,321,87,1
0,1,1,0,3,3,552,5,0,1,2,1
2,2,1,17,64,7,593,56,36,60,16,1
2,2,1,90,327,6,574,39,97,309,66,1
3,2,1,1,2,2,86,8,2,9,1,2
5,1,2,61,178,1,290,54,109,221,86,1
2,2,2,59,232,6,210,90,95,121,34,2
3,1,1,76,253,2,223,136,71,205,92,2
0,1,1,18,64,3,161,49,22,69,26,2
4,2,2,17,53,0,532,27,33,68,24,1
2,2,1,31,93,8,596,99,9,118,49,1
0,2,1,93,257,0,432,225,156,201,93,1
0,1,1,33,136,7,1,103,1,84,27,2
5,1,2,42,155,1,401,41,63,168,41,1
2,2,2,18,37,6,202,49,15,51,13,2
3,2,2,90,192,5,442,183,99,192,136,1
1,2,2,20,47,0,455,11,25,64,32,1
1,2,2,17,68,0,534,39,23,55,14,1
5,1,1,85,181,5,94,188,32,243,120,2
3,1,1,95,194,1,363,167,22,358,52,1
3,1,2,92,200,4,349,196,67,357,100,1
4,2,1,78,229,6,438,109,121,196,54,1
5,2,2,8,17,1,224,27,18,19,7,2
5,2,2,51,143,7,555,42,16,109,74,1
3,1,1,12,51,9,4,17,13,26,8,2
2,1,1,14,35,5,232,32,14,51,11,2
3,1,1,32,82,2,284,42,47,65,37,1
3,1,2,76,284,1,147,72,95,198,113,1
4,2,2,69,196,6,552,47,32,194,76,1
1,2,1,58,128,0,68,99,22,134,49,2
3,2,1,80,286,4,147,44,147,291,68,2
4,1,2,37,111,9,567,38,11,133,32,1
5,2,1,82,173,5,97,134,145,242,79,2
4,1,2,95,191,9,498,64,137,200,127,1
1,2,1,81,260,9,230,228,110,329,80,2
4,1,2,23,96,7,56,55,26,58,23,2
3,1,2,59,237,8,418,41,34,163,68,1
3,2,2,48,127,4,159,29,34,179,72,2
3,2,2,93,219,3,271,44,86,241,105,1
2,1,2,55,202,3,112,58,43,209,49,2
1,1,1,48,122,9,304,41,1,119,74,1
4,2,1,84,203,7,149,108,106,284,54,2
5,2,2,12,50,5,478,16,7,41,7,1
3,1,2,57,209,7,176,117,48,145,77,2
4,1,1,39,101,5,427,119,59,161,44,1
3,1,2,72,182,3,518,104,88,277,84,1
1,1,1,69,190,7,438,72,0,240,36,1
5,1,1,51,179,7,246,146,79,131,40,2
2,2,2,64,138,0,171,108,114,204,60,2
3,2,2,26,103,1,560,52,47,64,29,1
1,2,1,14,41,1,64,25,7,40,24,2
0,1,1,83,250,9,257,130,51,236,71,1
1,2,1,50,204,5,312,22,26,162,32,1
2,2,1,62,190,2,114,72,18,188,39,2
5,1,2,11,26,1,72,17,1,25,6,2
0,1,2,54,113,5,166,150,74,215,75,2
3,1,1,88,195,9,48,86,92,250,60,2
1,2,1,76,169,1,297,37,127,171,85,1
4,2,1,38,107,3,491,5,47,100,30,1
0,1,1,5,15,5,100,15,11,19,3,2
5,1,1,71,184,7,513,66,82,197,58,1
0,2,1,50,151,1,375,153,88,125,29,1
1,2,2,60,179,8,24,31,120,189,34,2
4,1,2,9,33,3,393,24,13,35,15,1
1,2,1,54,134,3,191,101,37,182,42,2
5,1,1,32,95,3,259,35,29,80,22,1
4,1,2,13,46,7,92,18,11,27,20,2
2,2,2,56,183,8,232,109,9,120,67,2
4,2,2,96,291,3,292,276,167,355,90,1
5,2,2,81,228,1,159,55,143,281,55,2
4,1,1,3,9,1,327,0,5,15,7,1
4,1,2,17,58,0,162,21,33,51,25,1
1,2,1,95,244,6,300,136,140,351,67,1
5,2,2,16,59,8,66,35,24,60,13,2
0,1,1,31,94,6,56,98,48,91,19,2
5,1,2,7,20,7,290,12,15,18,9,1
5,1,1,80,286,1,185,165,30,191,68,1
1,2,1,3,14,8,317,4,1,11,5,1
5,1,1,8,23,3,364,9,12,32,9,1
3,2,2,69,276,3,283,89,76,193,63,1
1,1,1,0,1,8,559,3,1,1,2,1
2,1,2,29,70,6,204,32,0,69,15,2
4,1,2,5,20,7,388,15,3,16,4,1
3,2,2,16,54,0,122,48,0,34,23,1
3,2,1,82,267,3,446,150,84,267,125,1
3,1,2,72,172,9,17,177,140,267,95,2
2,2,1,65,199,2,401,88,122,136,82,1
1,1,1,15,57,7,454,39,15,61,18,1
3,2,1,1,3,4,215,3,2,7,2,2
1,1,1,36,85,5,370,52,47,119,38,1
5,1,1,11,37,3,107,38,13,32,11,2
5,2,1,29,106,5,584,61,37,120,41,1
1,1,1,0,1,9,582,4,1,0,0,1
2,2,1,79,244,2,295,55,143,270,65,1
1,2,1,87,226,1,457,82,116,175,78,1
5,1,1,40,82,1,86,87,46,102,60,2
5,2,1,39,108,8,456,17,30,105,30,1
3,2,2,81,254,5,153,239,146,201,57,2
3,2,2,73,249,3,16,10,8,180,90,2
3,1,2,19,74,2,403,7,40,79,13,1
3,1,2,12,29,3,453,22,20,33,20,1
0,2,2,67,232,0,321,78,73,228,94,1
0,1,1,23,88,4,552,50,47,71,15,1
3,2,1,36,91,5,1,78,28,146,50,2
3,2,1,75,290,4,59,68,61,216,42,2
1,2,2,30,63,7,234,88,26,62,18,2
0,2,1,84,197,4,404,253,100,305,103,1
3,2,1,36,134,7,362,48,4,121,53,1
3,1,2,82,308,8,299,206,141,202,85,1
1,1,2,14,51,1,19,42,22,39,16,1
2,2,2,76,191,7,249,186,133,238,69,2
1,1,1,92,207,5,143,141,27,229,56,2
3,2,1,97,264,4,250,222,159,363,66,1
2,1,1,73,148,3,188,198,0,282,67,2
5,1,2,31,115,7,545,60,15,89,26,1
2,1,2,53,187,0,82,125,10,149,81,1
5,2,2,22,72,5,57,26,29,58,13,2
1,2,1,85,272,7,515,80,134,233,59,1
1,2,2,94,257,7,68,185,166,296,84,2
0,1,2,82,195,7,374,5,122,271,107,1
5,2,2,90,236,4,35,58,153,350,107,2
2,1,1,44,123,0,55,63,69,145,65,2
5,2,2,74,172,2,210,91,35,154,98,2
4,1,2,83,175,1,398,67,43,283,80,1
4,2,1,29,79,8,108,29,38,105,31,2
3,1,1,47,128,8,101,57,41,161,36,2
5,2,1,56,137,6,118,39,104,148,68,2
0,2,2,55,210,1,397,30,68,197,55,1
4,2,1,78,312,7,463,149,88,173,89,1
4,2,2,48,111,2,36,16,40,152,25,2
2,2,1,27,80,4,393,75,19,94,43,1
2,2,2,62,236,8,445,148,40,160,70,1
5,1,2,61,222,8,329,3,39,228,80,1
0,2,2,57,230,7,281,22,81,146,58,1
1,1,2,79,293,1,372,82,51,208,54,1
5,1,1,69,198,1,400,169,29,153,45,1
1,2,2,12,41,6,487,16,12,39,8,1
3,1,1,21,77,3,0,42,38,70,12,2
1,1,2,72,158,1,355,220,129,250,43,1
0,1,1,51,130,5,272,42,25,177,71,1
5,1,1,75,161,0,363,11,148,155,39,1
0,2,2,48,104,7,426,16,11,154,48,1
5,2,1,58,120,5,380,114,53,135,73,1
0,1,2,12,24,0,385,34,8,51,13,1
5,2,1,92,228,2,462,124,102,220,66,1
3,2,2,50,169,8,468,92,55,114,38,1
0,1,2,29,108,3,204,35,46,111,18,2
3,2,1,82,202,5,496,229,105,173,112,1
0,2,2,10,26,8,48,4,12,26,6,2
5,2,1,46,128,2,417,83,89,180,28,1
5,2,1,90,339,1,265,5,139,233,123,1
2,2,2,51,106,2,347,146,35,184,32,1
3,1,2,45,106,0,326,92,23,143,52,1
0,2,2,63,244,2,254,27,11,224,96,1
4,1,1,30,112,9,564,87,50,118,41,1
4,1,2,44,122,2,106,108,2,137,68,2
5,1,2,5,15,4,350,13,1,12,3,1
5,2,1,74,162,3,234,89,103,246,83,2
4,1,2,10,23,3,572,16,21,24,9,1
2,1,2,49,162,5,545,121,90,111,57,1
1,2,1,41,160,6,492,4,4,99,40,2
4,1,2,1,9,8,244,7,1,5,1,2
2,1,1,38,127,4,252,37,16,153,34,1
5,2,2,37,146,5,537,11,5,141,36,1
0,2,1,67,210,8,545,174,56,211,66,1
4,2,1,68,238,4,377,188,60,213,63,1
1,1,2,61,180,9,130,130,13,227,92,2
3,1,1,87,222,5,587,233,108,332,95,1
0,2,1,55,191,3,244,43,64,196,58,2
4,2,1,50,180,4,55,4,38,103,34,2
4,1,2,72,172,1,240,88,76,176,36,2
5,1,2,63,157,6,144,11,79,228,79,2
3,1,2,60,146,6,267,12,91,205,88,1
5,2,1,22,62,9,213,64,21,49,26,2
0,2,2,23,68,4,290,40,8,58,26,1
2,1,1,25,82,9,68,49,45,56,21,2
5,2,2,28,73,2,113,23,35,111,17,2
4,1,1,59,133,1,101,107,20,202,39,2
3,1,2,13,51,8,387,2,4,42,17,1
2,1,2,63,138,6,277,46,120,248,39,1
4,2,2,0,4,4,276,5,1,1,3,1
1,2,2,97,231,7,387,271,37,293,82,1
4,1,2,53,113,5,174,18,24,198,56,2
4,1,2,10,41,2,409,28,23,38,17,1
4,1,1,67,199,8,138,96,62,265,57,2
3,1,1,78,250,1,6,223,73,241,66,1
3,2,1,39,136,9,83,19,23,155,38,2
2,1,2,12,44,9,263,4,23,25,14,1
4,2,1,14,29,9,71,16,23,43,10,2
1,1,2,19,39,5,79,27,21,78,25,2
1,2,2,86,299,8,597,171,79,284,111,1
3,2,1,69,251,4,425,206,53,157,86,1
1,2,2,84,312,7,378,197,134,219,53,1
2,2,1,52,145,2,424,10,4,128,54,1
3,1,1,8,22,2,508,29,6,17,5,1
0,1,2,52,181,3,325,121,30,127,48,1
2,1,2,40,165,1,471,65,45,102,58,1
2,2,2,73,221,6,395,81,39,150,94,1
4,1,2,10,30,0,264,22,5,44,11,1
4,1,1,61,142,4,49,38,123,162,57,2
4,1,1,1,6,1,497,3,4,3,4,1
3,1,2,72,285,3,91,200,79,233,72,2
5,2,2,20,51,5,533,49,33,67,16,1
5,1,2,38,88,4,215,6,64,96,55,2
4,1,1,25,101,7,371,61,37,53,40,1
0,2,1,18,66,1,104,49,16,39,30,1
4,2,2,62,145,2,237,23,37,183,65,2
5,2,1,12,48,1,48,21,9,37,13,1
0,2,1,26,60,5,347,41,0,84,23,1
2,2,1,80,284,6,16,233,161,174,43,2
3,2,2,88,264,6,338,53,0,310,52,1
5,2,1,6,18,5,63,12,10,28,9,2
4,2,1,59,209,2,508,7,72,220,61,1
4,2,1,22,91,0,571,37,3,68,35,1
4,1,1,58,167,5,307,153,32,218,39,1
2,2,1,77,222,2,271,81,53,176,81,1
3,1,1,93,254,8,146,169,136,290,101,2
3,2,1,16,61,9,136,15,29,41,13,2
3,2,1,56,138,5,438,117,44,151,84,1
3,1,2,26,91,4,219,70,35,74,15,2
3,1,1,38,80,3,231,37,74,149,59,2
1,2,2,8,31,8,278,23,4,28,12,1
0,1,2,89,208,9,278,59,62,334,56,1
0,1,2,44,178,6,142,28,2,153,33,2
2,2,2,76,166,2,451,174,63,201,117,1
4,1,1,64,185,4,53,165,95,197,62,2
5,2,2,96,263,5,364,52,29,222,140,1
1,1,2,72,263,8,205,22,24,221,39,2
3,1,1,41,163,4,271,57,37,125,58,1
2,2,1,96,343,7,454,124,149,344,61,1
5,2,2,9,36,9,558,32,12,35,11,1
3,1,1,84,215,9,341,53,88,237,91,1
0,2,1,92,352,7,292,93,118,302,58,1
3,1,1,51,200,6,132,150,0,169,59,2
1,2,1,85,335,8,258,183,115,312,59,1
3,1,1,46,139,5,247,104,7,95,24,2
4,2,2,42,95,8,432,24,24,148,44,1
1,1,1,52,190,5,484,50,18,200,65,1
5,2,1,82,316,4,305,189,103,217,91,1
1,1,1,52,192,8,388,121,8,167,35,1
3,2,1,92,318,4,317,227,58,291,114,1
0,2,1,6,21,1,218,5,8,25,5,1
0,2,2,36,145,4,90,59,57,92,46,2
4,1,2,29,60,1,70,86,41,85,28,2
3,2,1,58,210,1,502,47,89,170,76,1
2,2,1,66,152,5,38,99,12,215,85,2
5,2,2,50,114,2,358,81,51,111,56,1
0,2,2,17,64,5,295,30,32,46,17,1
5,1,1,34,82,9,294,44,64,71,45,1
3,1,1,13,38,6,311,6,20,45,21,1
3,2,2,18,55,3,499,30,31,52,10,1
5,1,2,90,183,9,197,10,3,239,107,2
0,2,1,59,156,8,156,129,108,188,88,2
5,2,2,1,2,3,96,4,3,9,2,2
1,1,2,6,20,4,470,9,9,26,11,1
0,2,2,31,87,7,497,30,64,100,33,1
1,2,2,56,184,9,286,141,30,153,60,1
5,2,2,83,231,7,304,250,165,242,48,1
0,2,1,39,125,3,499,37,7,91,27,1
2,1,2,76,261,1,463,22,84,163,67,1
0,1,2,73,227,6,425,89,48,199,71,1
2,1,2,21,85,8,36,18,8,49,15,2
4,1,1,4,20,2,195,17,6,17,3,2
1,2,2,27,112,9,131,36,38,56,31,2
5,2,2,7,19,0,115,6,17,26,7,2
5,1,1,88,201,2,151,52,114,279,90,2
1,2,2,46,140,1,189,124,79,174,36,2
1,1,2,14,43,5,115,8,6,36,15,2
3,2,2,24,78,5,125,73,19,65,22,2
4,1,1,16,43,6,153,17,24,44,16,2
5,1,1,42,115,9,334,59,73,149,43,1
2,2,2,0,0,9,219,0,0,1,3,2
4,2,1,6,18,2,53,7,3,26,12,2
3,1,2,13,29,1,467,20,4,34,14,1
0,2,1,75,166,6,173,221,40,287,64,2
5,1,1,70,210,0,501,99,17,201,72,1
4,1,2,8,20,7,243,2,1,17,10,2
1,1,2,61,169,5,414,101,42,244,85,1
3,1,2,17,38,5,530,46,11,50,21,1
5,1,2,42,150,1,101,2,54,172,24,1
0,2,2,89,261,2,218,158,11,349,57,2
2,1,1,7,20,9,67,0,12,31,13,2
0,1,1,44,117,5,193,45,7,159,36,2
2,1,1,92,224,6,205,40,169,244,115,2
5,1,2,67,262,7,22,205,98,168,94,2
2,1,2,1,6,3,435,8,4,2,1,1
5,1,1,17,64,0,322,42,2,36,17,1
4,1,1,42,161,2,213,54,75,128,57,2
4,2,1,10,38,7,285,9,9,20,9,1
1,1,1,8,27,4,513,29,5,30,8,1
0,1,2,29,101,8,322,13,50,69,16,1
1,1,1,19,60,7,599,24,22,41,22,1
0,2,2,19,44,0,159,40,13,78,12,2
4,1,2,92,330,8,69,206,56,319,72,2
2,2,2,95,368,2,301,3,31,235,118,1
4,1,2,12,24,8,403,6,13,51,9,1
2,2,2,45,143,9,297,82,60,138,68,1
3,2,1,39,130,4,370,19,55,129,61,1
4,2,1,10,25,2,66,33,3,39,14,2
5,2,2,77,275,7,557,233,125,169,106,1
2,2,2,64,147,7,101,136,66,232,33,2
0,2,2,20,85,1,137,16,23,80,20,1
3,2,2,53,173,3,582,58,78,200,31,1
4,1,2,49,152,3,92,67,81,133,67,2
2,2,1,37,74,4,121,97,75,138,21,2
5,1,2,0,1,2,422,3,3,1,1,1
4,1,2,56,144,4,392,23,101,174,39,1
5,2,2,81,204,0,237,84,143,194,78,2
5,1,1,24,52,3,376,67,8,69,13,1
1,1,2,19,78,2,517,46,29,46,29,1
4,2,2,37,105,9,133,47,16,142,23,2
1,1,1,50,160,2,224,110,34,204,46,2
3,2,1,76,241,9,190,67,51,174,41,2
3,2,1,52,140,1,295,41,28,190,49,1
2,2,2,27,107,0,535,49,32,112,14,1
4,1,2,69,280,2,550,56,71,257,97,1
1,1,1,6,22,1,109,13,10,28,9,1
5,1,1,32,125,4,460,98,43,107,46,1
1,1,1,66,173,6,44,55,56,178,77,2
4,1,1,68,268,5,581,83,94,169,95,1
0,1,1,91,242,4,300,202,7,323,54,1
2,1,2,73,196,4,490,35,130,196,59,1
3,1,1,78,309,9,92,73,84,157,60,2
5,1,1,14,38,0,448,14,10,39,10,1
1,1,1,65,185,2,498,87,59,177,61,1
3,2,2,36,111,1,23,58,40,93,44,1
1,2,1,25,51,2,113,48,15,58,26,2
3,1,2,11,26,3,433,38,19,35,18,1
4,2,2,32,102,7,243,31,45,108,45,2
3,1,2,32,106,6,457,54,16,74,30,1
5,1,1,22,65,3,164,19,13,92,19,2
0,2,2,17,66,1,449,21,37,40,22,1
4,1,2,5,19,2,380,3,2,22,3,1
1,2,2,67,206,1,274,32,18,247,52,1
5,1,1,1,5,8,474,4,2,6,4,1
3,2,2,58,184,4,87,66,62,230,67,2
1,2,2,41,161,9,97,67,62,99,57,2
4,1,2,56,132,6,516,138,93,201,79,1
2,1,1,31,64,3,545,13,46,120,32,1
2,2,2,2,12,1,443,7,5,9,3,1
5,2,2,1,3,1,118,5,2,4,2,2
1,2,2,40,104,2,166,74,70,137,47,2
2,2,1,4,20,5,35,4,9,9,4,2
5,2,1,42,149,2,146,95,22,164,58,2
0,1,1,90,291,0,568,92,138,317,53,1
2,1,1,67,250,1,463,90,36,210,55,1
5,2,1,49,134,6,227,121,89,191,47,2
4,1,2,32,124,0,441,33,61,74,37,1
4,2,1,84,265,5,502,74,28,318,117,1
3,2,1,90,286,3,238,139,83,321,49,2
5,1,1,46,160,1,223,88,23,97,28,1
4,2,2,26,80,6,81,32,11,88,15,2
1,1,1,32,67,1,234,31,16,127,40,2
5,2,1,6,19,6,274,22,12,14,11,1
1,2,2,39,108,2,105,120,29,87,59,2
0,2,2,17,35,7,242,8,5,37,21,2
5,1,1,65,251,6,520,103,81,182,39,1
0,1,2,50,131,0,205,120,79,201,62,2
3,1,1,65,161,0,208,44,109,250,92,2
1,2,1,45,147,9,535,21,25,98,38,1
0,2,2,58,217,5,526,14,20,138,70,1
5,2,1,63,186,5,127,51,19,179,78,2
3,1,2,3,17,5,590,8,7,15,4,1
4,2,2,55,130,0,33,94,30,115,82,2
4,2,1,66,197,5,379,202,109,266,66,1
5,2,2,29,120,8,505,49,19,58,28,1
3,2,2,49,107,7,526,118,29,126,27,1
1,2,1,61,236,4,544,163,49,165,45,1
5,1,1,42,138,4,363,53,49,172,26,1
1,2,2,79,216,2,584,151,54,272,66,1
1,2,2,9,34,0,208,2,0,19,13,1
0,1,1,22,66,1,281,51,45,57,34,1
3,1,1,68,260,5,181,143,128,148,99,2
1,1,1,85,297,5,243,219,127,303,126,2
0,2,1,33,123,4,148,12,25,101,36,2
1,1,1,14,50,1,413,14,14,46,13,1
5,2,1,76,170,7,193,8,45,160,93,2
2,2,2,35,89,4,519,85,20,99,31,1
0,2,2,46,154,4,98,49,74,168,64,2
0,1,1,27,72,8,392,32,3,72,40,1
5,1,1,48,143,8,209,118,25,195,49,2
0,1,1,74,178,7,139,128,59,295,106,2
1,1,2,28,91,1,322,6,35,93,20,1
3,2,1,0,4,8,226,4,1,2,0,2
5,2,1,66,187,3,565,95,72,247,63,1
5,2,1,95,271,0,28,0,181,217,79,2
0,1,1,10,39,1,468,28,22,25,15,1
5,2,1,72,237,7,554,43,67,203,87,1
4,1,2,67,205,1,539,26,24,158,74,1
0,2,1,89,230,8,114,177,25,335,64,2
0,1,1,11,44,7,230,32,10,35,8,2
3,1,2,64,143,4,541,153,121,145,60,1
3,2,1,16,54,6,370,53,31,32,27,1
5,2,1,80,206,6,426,114,48,257,84,1
4,2,2,26,80,6,52,49,26,68,37,2
1,1,1,68,157,1,254,130,86,263,79,1
4,1,2,5,15,8,428,4,13,19,6,1
0,2,2,72,252,2,163,23,56,265,84,2
5,2,1,21,47,4,131,3,37,84,29,2
1,1,1,4,16,3,145,12,1,13,3,2
5,1,2,8,27,1,596,28,11,17,11,1
1,2,1,20,49,3,120,29,1,47,23,2
1,2,2,78,306,0,15,235,12,192,73,1
4,2,2,84,206,4,567,242,72,234,99,1
3,2,1,73,257,0,42,139,19,266,112,1
5,2,1,50,115,8,411,143,51,152,45,1
2,2,2,77,206,0,423,17,18,160,71,1
1,1,1,40,110,1,404,47,28,146,40,1
0,1,2,63,199,7,542,83,122,140,96,1
0,1,1,72,149,5,300,62,85,185,41,1
3,2,2,89,253,5,388,89,163,276,111,1
0,2,2,6,20,7,439,18,6,17,4,1
1,1,1,6,25,4,498,13,13,22,4,1
5,1,1,39,96,1,19,76,74,117,55,2
5,1,1,40,84,2,283,60,8,82,25,1
3,1,1,46,112,5,235,36,80,153,54,2
3,2,1,81,256,3,396,144,122,232,71,1
4,2,2,74,236,3,372,25,16,199,67,1
4,1,2,49,120,9,110,92,92,184,56,2
5,1,2,34,113,6,246,85,3,117,48,2
3,2,1,52,165,7,250,107,64,131,70,1
5,2,2,5,11,1,44,15,8,23,3,2
2,2,1,96,372,4,443,54,148,240,53,1
4,1,2,95,359,1,472,138,113,374,134,1
0,1,1,92,296,5,2,123,15,353,82,2
3,1,1,30,88,8,76,45,8,87,17,2
0,1,1,35,113,4,447,0,45,87,35,1
2,1,1,40,155,2,410,123,37,123,46,1
2,2,2,68,239,2,592,206,5,211,92,1
3,2,2,30,112,7,192,48,23,101,32,2
5,1,2,77,174,0,259,197,28,286,54,1
3,2,2,20,80,8,14,11,9,55,20,2
0,1,1,25,81,2,444,12,41,72,20,1
5,2,2,66,177,5,390,178,118,247,93,1
3,1,1,61,230,1,47,183,122,208,81,1
5,1,1,88,311,0,377,120,108,204,87,1
1,1,2,45,154,1,168,133,51,159,36,1
2,2,2,79,172,1,374,108,127,229,93,1
2,2,2,88,270,6,53,226,44,266,72,2
4,2,2,36,138,3,427,39,49,79,54,1
4,2,1,86,219,4,212,68,40,316,99,2
3,2,1,85,269,8,154,91,93,306,120,2
5,2,2,48,121,6,15,74,86,167,40,2
0,2,1,58,224,4,180,2,119,134,87,2
2,1,1,89,239,7,385,255,19,308,91,1
1,1,2,72,176,2,160,26,13,256,50,2
1,2,1,81,281,7,404,14,117,166,114,1
1,1,1,74,236,5,392,5,122,267,50,1
1,2,1,33,93,1,98,17,60,76,46,2
5,1,1,8,32,8,582,9,5,26,6,1
5,1,1,97,256,1,560,78,2,373,54,1
2,1,1,55,148,8,30,59,38,163,62,2
5,1,2,5,21,7,147,13,7,23,8,2
0,2,1,94,235,5,488,99,144,209,104,1
1,2,2,91,286,2,226,111,16,194,110,2
0,1,2,93,281,8,277,62,103,299,140,1
4,1,1,85,231,7,72,106,117,197,80,2
5,1,1,71,207,6,459,155,80,200,108,1
3,1,1,39,124,4,165,64,19,138,32,2
2,1,2,27,99,1,489,12,41,58,36,1
3,1,1,73,176,0,380,70,118,247,63,1
1,1,2,77,254,9,381,149,30,178,88,1
1,1,1,67,220,7,373,174,1,210,90,1
0,2,2,67,226,4,13,56,93,259,80,2
0,2,2,46,185,7,251,79,94,170,55,1
5,1,1,75,241,3,153,14,77,217,100,2
3,2,2,67,224,1,350,9,134,152,64,1
1,2,2,10,42,1,139,32,18,26,12,1
1,1,2,27,93,1,358,82,43,67,27,1
4,1,1,53,186,2,79,139,91,182,31,2
4,1,1,30,104,1,150,73,30,79,18,1
5,2,2,24,79,1,549,74,20,86,27,1
0,1,2,3,13,8,565,14,4,7,2,1
0,1,2,16,66,4,553,9,4,34,17,2
0,2,2,11,46,5,255,24,12,38,17,1
1,2,2,97,204,9,521,127,82,374,111,1
0,2,2,18,44,0,520,47,5,76,12,1
1,2,2,49,150,1,421,70,61,150,59,1
4,1,1,80,237,9,531,230,30,245,54,1
5,2,2,40,123,8,271,89,32,114,62,1
2,2,1,11,46,3,282,21,18,31,17,1
1,2,1,44,133,8,187,112,85,152,54,2
1,2,2,64,194,5,458,160,44,185,95,1
2,1,1,81,298,7,336,52,51,328,72,1
0,1,2,67,204,7,557,171,137,143,88,1
4,1,1,45,122,3,378,137,2,95,70,1
1,1,2,77,155,3,251,8,35,184,83,1
3,2,2,86,246,7,368,167,171,297,105,1
1,1,2,63,231,0,372,50,104,164,76,1
3,2,2,33,134,1,139,52,28,127,44,1
2,2,1,80,193,7,336,115,23,285,107,1
0,2,1,18,57,6,93,15,14,56,29,2
5,2,2,25,79,0,548,70,10,59,15,1
0,1,1,51,173,1,490,20,102,194,77,1
2,2,2,97,196,2,12,214,22,311,110,2
2,2,1,48,192,6,475,31,47,96,65,1
2,2,2,89,183,9,103,184,117,200,92,2
3,2,1,74,261,6,567,92,7,276,74,1
0,1,2,50,175,8,258,83,54,127,31,1
5,1,2,16,57,1,248,14,24,62,26,1
0,2,2,71,279,7,186,153,88,161,77,2
4,1,2,30,113,2,335,33,46,62,39,1
5,1,2,50,204,0,238,32,20,143,36,1
4,2,2,69,279,6,196,63,109,274,46,2
4,1,1,12,45,2,111,14,3,41,16,2
4,2,2,25,104,2,557,74,42,79,28,1
5,1,1,63,178,4,60,157,106,199,61,2
4,1,2,91,355,8,161,98,127,259,114,2
0,1,1,65,146,7,338,33,69,220,81,1
5,1,2,66,190,2,565,121,1,226,90,1
5,2,2,54,133,1,149,59,57,185,43,2
1,2,1,17,44,0,570,47,23,36,23,1
5,2,2,82,192,2,515,53,25,237,72,1
2,2,1,23,69,7,154,42,10,68,21,2
1,2,1,27,96,8,483,13,1,107,26,1
3,1,1,30,71,0,243,36,45,109,46,2
4,2,1,28,106,0,486,76,33,77,32,1
3,1,1,6,22,9,95,15,3,13,5,2
2,2,1,2,10,0,585,2,3,8,5,1
2,2,2,42,103,9,188,108,24,129,46,2
2,2,1,85,196,4,529,75,105,199,84,1
4,2,2,72,151,2,377,220,135,286,74,1
4,2,1,55,141,5,345,145,86,126,47,1
5,2,1,95,273,4,488,94,31,315,106,1
2,2,2,68,221,2,349,122,99,175,89,1
2,2,2,87,228,1,219,228,5,249,47,2
3,1,1,29,109,6,472,34,58,80,21,1
4,1,2,20,58,5,30,55,29,47,22,2
5,2,1,69,212,1,257,89,80,261,40,1
4,1,1,80,187,2,34,244,68,283,102,2
3,1,1,96,281,5,187,89,154,305,111,2
2,1,1,37,94,3,239,44,76,76,51,2
2,1,1,20,78,3,410,5,29,70,10,1
5,2,1,4,14,9,579,11,1,20,7,1
4,2,1,67,217,4,212,61,91,203,39,2
2,1,1,72,270,8,261,126,4,268,96,1
3,2,1,38,113,2,239,59,26,118,47,2
3,2,1,5,17,8,244,8,13,12,4,2
2,2,1,17,43,7,331,32,27,42,27,1
2,1,2,20,65,9,246,46,2,42,22,2
1,1,1,18,53,6,269,50,11,76,16,1
4,2,2,72,176,2,84,134,123,221,47,2
2,2,1,21,87,2,283,36,13,66,34,1
5,2,1,38,152,5,217,0,6,118,35,2
3,1,1,13,55,8,120,8,19,38,14,2
2,2,1,50,126,8,344,4,50,117,75,1
2,1,2,52,142,3,49,108,48,208,66,2
3,1,2,75,250,8,362,34,114,188,99,1
0,2,1,17,61,9,404,9,34,50,19,1
4,2,1,62,152,0,24,184,111,136,45,2
5,1,2,5,14,8,457,19,2,18,6,1
3,1,1,56,227,7,61,60,101,227,28,2
1,1,2,16,51,1,115,44,20,53,18,1
5,1,1,41,135,8,318,96,8,137,24,1
4,1,2,78,268,3,224,169,109,253,84,2
0,2,2,9,38,8,587,4,13,23,13,1
2,2,1,86,308,5,429,123,24,216,94,1
4,1,2,46,183,6,474,108,58,124,65,1
0,2,1,0,4,9,424,6,0,2,3,1
5,1,1,12,24,7,20,9,25,24,20,2
5,1,2,23,61,7,290,32,39,55,35,1
5,1,2,79,250,3,496,159,126,212,78,1
0,1,1,59,189,2,590,139,59,164,76,1
0,2,1,18,43,7,351,21,24,69,16,1
4,2,2,46,98,5,334,92,3,147,69,1
4,1,1,7,25,0,360,12,14,21,9,1
4,2,2,11,32,5,212,33,14,29,7,2
4,2,1,40,88,0,600,67,53,106,59,1
2,1,1,31,108,9,523,46,15,114,29,1
2,2,1,85,281,5,580,80,18,191,44,1
1,2,1,6,23,0,139,6,0,15,4,1
5,1,1,72,168,0,141,147,16,203,108,2
3,2,2,67,182,2,60,140,0,185,96,2
1,1,1,86,334,6,261,102,71,254,119,1
2,1,1,84,322,1,458,209,6,177,69,1
2,1,2,52,203,8,321,112,22,113,55,1
4,1,1,27,56,8,321,2,31,82,35,1
3,1,2,96,207,5,42,253,166,266,70,2
4,1,2,31,105,1,252,42,9,83,33,1
0,2,2,1,2,8,76,3,0,5,3,2
0,1,2,13,40,5,501,44,22,30,11,1
3,2,1,52,160,1,212,16,34,128,60,1
0,1,2,64,149,8,197,15,69,142,93,2
0,1,2,55,169,3,86,42,71,141,29,2
3,2,1,83,258,0,383,66,104,238,57,1
0,1,2,72,238,7,479,8,29,286,49,1
3,2,1,76,174,2,576,156,152,248,108,1
3,1,1,70,162,8,215,78,63,170,106,2
2,2,2,74,190,5,163,54,15,157,96,2
4,2,1,68,264,1,186,106,122,185,60,1
0,2,2,55,127,2,28,78,75,204,82,2
2,2,2,80,303,4,43,98,115,166,70,2
0,1,1,88,275,3,412,9,67,241,58,1
3,2,2,37,116,2,307,66,60,85,20,1
0,1,2,63,159,1,512,172,107,199,62,1
4,2,1,21,74,7,289,60,44,60,23,1
1,2,2,55,215,8,357,141,32,215,32,1
4,2,2,6,25,5,153,15,3,26,6,2
4,2,1,82,194,6,589,224,58,217,121,1
1,1,1,41,169,1,264,104,66,112,22,1
1,2,1,1,6,9,119,8,0,3,3,2
1,1,2,85,337,7,363,54,107,175,81,1
1,2,2,42,118,1,584,98,65,147,60,1
1,1,1,54,165,7,228,75,65,120,39,2
2,1,2,4,10,5,175,1,11,20,6,2
4,2,1,23,48,9,395,11,41,64,35,1
5,2,2,36,102,4,459,18,67,78,53,1
2,2,2,23,93,1,336,9,10,70,20,1
3,2,1,53,201,4,246,106,82,132,40,2
5,1,1,43,168,0,339,106,75,117,65,1
4,2,2,17,37,4,88,5,14,53,9,2
5,1,1,62,197,5,294,1,21,162,55,1
1,2,1,36,108,2,460,21,18,84,57,1
4,2,1,61,166,7,282,160,36,234,60,1
3,2,2,1,3,2,596,3,4,3,4,1
5,2,1,69,215,8,591,70,0,186,47,1
2,2,1,4,14,0,195,17,2,9,5,2
3,1,1,42,150,7,565,12,84,147,34,1
4,2,2,74,205,5,475,19,136,189,64,1
5,1,1,85,261,4,18,118,29,229,92,2
3,1,1,54,124,5,95,82,93,217,64,2
4,2,2,39,128,6,472,112,42,102,38,1
2,2,1,77,158,8,18,173,29,296,93,2
3,2,1,54,206,6,349,40,107,127,82,1
3,2,2,10,28,4,138,15,22,36,10,2
5,1,2,67,194,2,288,98,75,168,73,1
5,2,2,25,53,0,515,11,20,68,26,1
4,1,1,96,218,1,64,168,111,262,73,2
2,2,2,91,320,1,286,143,64,365,104,1
4,2,2,65,250,5,255,169,36,232,49,1
4,1,2,11,43,4,12,18,6,28,8,2
2,1,1,77,168,7,305,192,141,216,104,1
5,2,2,65,229,8,372,16,67,205,54,1
2,2,1,19,42,8,291,25,5,52,15,1
4,1,1,45,107,1,21,101,1,93,69,2
2,1,2,35,131,7,93,64,6,139,35,2
0,1,1,56,215,0,261,44,72,147,42,1
5,1,1,22,66,9,425,17,4,85,24,1
1,2,1,79,273,7,138,10,105,319,80,2
5,1,1,52,211,5,99,40,97,121,68,2
0,1,2,12,51,3,292,41,4,40,8,1
2,2,2,23,83,3,535,25,40,74,13,1
0,2,1,14,50,1,433,4,21,52,11,1
0,2,2,35,103,9,184,58,13,136,35,2
5,2,1,3,15,9,315,5,7,8,3,1
3,2,1,51,192,1,291,132,47,195,79,1
0,1,1,26,65,5,49,41,20,108,14,2
1,1,1,94,296,8,178,185,152,375,94,2
4,1,2,20,75,9,333,0,39,81,19,1
1,2,1,82,306,3,78,186,10,256,111,2
1,2,2,19,50,9,161,15,38,78,17,2
2,2,1,26,67,0,534,5,29,78,13,1
0,2,2,23,55,9,371,74,5,72,20,1
3,1,1,15,55,4,224,41,29,63,8,2
3,1,2,59,204,1,516,149,54,239,59,1
3,1,2,39,114,4,429,69,62,151,21,1
5,2,1,43,124,3,7,110,38,123,27,2
2,1,1,54,188,3,50,27,12,139,42,2
3,2,1,56,163,4,144,133,59,147,85,2
4,2,2,84,264,4,595,22,88,223,69,1
2,1,2,27,102,9,408,42,6,74,43,1
2,2,1,81,173,0,55,10,7,281,68,2
5,2,2,22,48,2,456,15,2,50,34,1
4,1,2,54,117,1,419,56,29,142,34,1
1,1,1,93,351,6,139,4,12,199,134,2
4,2,1,47,156,4,368,108,83,146,28,1
4,2,1,57,162,0,465,130,94,197,35,1
5,1,1,3,12,1,176,2,2,8,7,1
3,1,2,68,214,6,481,54,85,190,96,1
1,2,2,33,124,1,50,52,68,126,18,1
0,1,2,50,119,7,483,50,20,111,51,1
3,1,1,61,196,5,470,19,24,152,31,1
2,2,2,82,280,4,522,18,160,327,44,1
1,2,1,73,222,6,169,123,96,159,45,2
2,1,2,31,127,7,0,55,59,71,31,2
2,2,2,86,221,6,392,217,51,183,109,1
5,2,1,78,288,1,358,106,86,285,46,1
3,1,2,8,37,2,325,7,1,25,5,1
1,1,2,92,264,4,43,76,25,283,131,2
5,1,2,19,70,8,58,37,32,69,22,2
4,1,1,52,112,9,405,146,38,132,61,1
2,1,1,45,148,3,499,97,25,104,47,1
3,1,2,86,334,5,97,173,160,219,88,2
5,1,2,30,119,2,193,77,62,64,21,2
0,1,1,70,216,1,146,177,109,242,76,1
2,2,1,23,69,7,15,55,33,46,28,2
5,2,1,67,154,6,587,138,53,249,45,1
5,1,1,55,202,7,129,28,19,221,39,2
4,1,1,53,148,8,373,105,80,136,72,1
4,2,1,90,288,4,431,145,83,354,50,1
5,1,1,55,112,0,432,158,37,153,53,1
5,1,1,48,161,6,225,130,91,150,33,2
0,2,1,28,107,7,31,80,45,63,24,2
0,2,2,77,259,8,545,142,147,271,63,1
2,1,2,18,59,7,396,41,6,51,13,1
5,2,2,25,84,6,472,22,28,73,37,1
3,1,1,62,155,8,328,69,27,245,53,1
0,2,1,80,188,0,464,229,89,202,40,1
1,1,2,26,66,6,253,4,49,65,42,1
1,2,2,87,197,0,353,127,6,175,99,1
1,2,2,49,197,1,206,79,89,200,67,1
3,1,2,26,82,9,131,62,17,75,22,2
2,2,1,59,120,8,397,141,91,123,35,1
2,2,2,82,242,2,288,110,13,226,104,1
1,2,2,14,53,2,546,6,28,43,12,1
5,1,2,39,107,6,79,62,17,82,54,2
1,2,2,1,4,4,445,0,0,6,1,1
3,1,2,94,342,9,223,259,26,240,53,2
4,1,1,81,251,1,324,229,40,245,54,1
1,1,2,44,164,7,107,130,60,95,28,2
3,2,1,54,113,5,456,33,18,181,78,1
3,1,1,39,80,7,51,60,1,108,22,2
3,2,2,35,131,8,73,28,1,129,25,2
4,2,1,6,21,0,161,13,13,20,3,1
4,1,2,79,278,5,372,56,92,169,95,1
2,1,1,25,92,4,134,27,15,78,18,2
2,2,1,68,211,5,241,37,13,195,96,2
3,2,1,79,290,0,113,81,151,252,64,1
1,1,2,30,73,1,292,30,14,78,47,1
4,2,1,2,11,4,365,3,3,12,2,1
1,1,2,76,236,1,13,26,153,227,109,1
0,2,2,56,193,6,373,89,107,177,72,1
0,2,1,24,57,3,82,17,22,79,16,2
5,2,2,52,208,5,361,158,104,198,54,1
3,1,1,4,14,1,276,4,1,18,5,1
1,1,2,4,9,6,143,7,10,19,8,2
5,1,1,93,214,7,7,268,27,282,97,2
4,1,1,17,45,5,356,15,16,51,17,1
1,1,1,96,209,1,585,180,164,367,108,1
3,1,2,76,163,9,596,124,108,302,55,1
5,2,2,47,138,0,502,33,75,158,27,1
3,1,1,81,224,0,350,36,160,177,58,1
4,2,1,37,86,4,365,93,40,89,53,1
2,1,2,88,353,5,39,152,84,192,90,2
1,2,2,94,321,9,147,154,181,195,47,2
5,2,1,8,21,8,313,16,13,23,6,1
5,1,2,26,69,7,124,9,50,58,32,2
2,2,2,81,205,2,367,193,41,251,68,1
4,2,1,67,180,8,415,82,6,147,75,1
5,2,1,36,88,8,354,90,40,99,30,1
2,2,2,78,175,9,249,24,97,271,108,2
4,1,1,96,294,1,73,111,55,371,100,1
0,1,1,27,69,7,32,36,57,73,36,2
4,1,2,77,312,9,234,124,85,213,64,2
3,2,2,44,176,3,96,107,40,120,26,2
2,1,2,8,34,8,592,22,8,27,5,1
5,1,2,88,210,6,302,34,77,350,110,1
0,1,1,92,357,4,315,212,38,271,91,1
5,1,1,72,230,9,182,157,36,288,68,2
0,1,2,64,198,7,97,192,70,169,84,2
0,2,2,11,31,4,164,12,2,32,14,2
0,1,1,9,31,6,532,32,2,41,16,1
5,1,2,90,345,5,502,220,110,195,125,1
2,1,2,68,236,8,328,134,66,249,72,1
4,1,2,49,185,4,394,64,53,132,41,1
1,2,1,30,90,9,441,38,35,66,23,1
1,2,1,35,106,6,448,37,28,129,41,1
5,1,2,34,125,1,20,25,29,123,29,1
1,1,2,54,114,4,474,110,43,128,65,1
0,2,1,93,317,0,200,83,97,242,56,1
4,2,2,13,37,8,406,0,27,41,17,1
4,2,2,72,180,4,301,164,126,285,61,1
2,1,2,58,171,7,506,18,21,199,35,1
0,1,1,28,93,2,344,39,7,102,30,1
4,1,1,58,126,6,423,7,16,133,41,1
5,1,1,4,12,5,209,16,1,16,8,2
0,1,2,16,63,1,598,24,1,43,14,1
2,1,1,53,117,0,267,72,47,112,70,1
1,1,2,8,18,2,415,22,10,19,11,1
2,2,1,15,32,4,554,50,24,31,17,1
1,1,1,32,120,3,223,61,47,80,26,2
1,1,1,94,355,3,234,244,176,316,54,2
0,2,1,24,73,8,170,7,7,52,29,2
1,1,2,14,32,8,319,32,1,60,15,1
0,1,1,41,125,9,272,86,22,107,61,1
3,1,2,12,32,7,65,26,22,26,16,2
0,2,2,78,177,7,491,139,103,231,106,1
4,2,1,48,178,5,124,52,20,142,61,2
5,1,2,43,99,5,426,29,86,172,42,1
1,1,2,32,96,0,436,39,48,103,45,1
5,1,1,55,125,6,188,136,10,129,55,2
2,2,1,24,73,4,100,68,28,98,32,2
0,1,1,43,119,9,11,112,50,124,24,2
2,2,1,49,165,0,204,64,27,168,44,1
4,2,1,49,183,9,12,96,60,162,55,2
5,1,1,15,62,6,287,11,10,61,15,1
1,2,2,50,102,9,17,30,80,190,53,2
4,2,2,82,287,0,163,127,11,198,67,1
1,2,1,88,337,7,542,63,169,226,58,1
4,1,1,32,115,9,316,50,33,96,29,1
1,2,2,52,191,3,500,8,61,192,30,1
0,1,1,5,18,5,513,2,13,19,5,1
2,1,2,74,245,5,264,140,62,244,67,1
2,2,2,48,144,5,537,22,72,114,48,1
5,2,1,23,91,7,435,0,22,92,17,1
4,2,1,18,49,7,424,52,38,43,28,1
5,2,2,88,236,5,358,57,46,318,61,1
5,1,2,81,315,7,558,245,111,260,85,1
0,2,1,29,82,3,314,17,46,107,33,1
2,1,1,83,253,7,414,114,148,169,57,1
2,1,1,10,43,9,305,36,15,43,6,1
4,1,1,26,52,3,575,69,40,57,33,1
5,1,1,26,106,2,59,50,33,73,30,2
5,1,1,63,238,2,141,141,96,150,52,2
4,1,2,85,249,8,490,249,91,181,84,1
1,2,1,52,133,1,521,116,87,196,56,1
2,2,2,84,330,7,75,196,112,252,112,2
3,1,2,45,93,4,245,52,72,117,53,2
5,2,1,9,36,1,591,11,2,31,9,1
0,1,2,62,137,3,186,51,127,236,37,2
0,1,2,41,96,1,396,124,21,167,21,1
5,2,1,27,108,1,383,17,39,91,33,1
5,2,2,94,268,3,294,254,46,265,132,1
3,2,1,7,22,9,229,9,3,29,7,2
5,2,2,79,260,1,129,36,85,219,69,1
0,2,1,86,247,1,100,113,40,233,94,2
0,1,2,86,172,1,548,253,82,313,51,1
1,2,2,62,212,2,189,16,46,173,89,2
2,1,2,27,63,4,26,86,22,71,34,2
5,1,2,14,58,3,363,39,8,61,12,1
1,2,2,14,48,8,429,25,20,59,9,1
2,1,1,29,104,1,98,31,30,71,20,1
2,2,1,54,164,6,556,4,102,144,52,1
3,1,1,79,196,9,47,228,144,295,55,2
3,2,2,89,190,5,396,260,77,298,132,1
0,1,1,53,168,3,53,4,2,168,52,2
1,1,1,95,340,9,456,157,182,265,140,1
4,1,2,21,51,7,190,62,37,52,21,2
1,2,1,54,177,4,231,65,90,195,84,2
2,2,1,43,163,1,379,103,31,114,50,1
1,1,1,3,15,3,577,1,2,8,6,1
0,1,2,40,107,9,517,67,24,114,61,1
1,2,2,89,230,8,492,8,126,318,124,1
4,1,1,30,125,8,364,63,34,73,21,1
4,1,1,60,210,7,582,118,35,126,41,1
3,2,1,23,74,4,468,45,4,77,26,1
0,1,2,89,268,5,487,242,29,345,95,1
3,1,1,3,6,5,238,0,7,12,3,2
4,2,2,67,177,3,47,164,93,180,87,2
0,1,1,16,49,7,17,49,15,37,13,2
0,1,1,38,142,0,413,62,49,119,47,1
1,2,2,37,120,4,383,10,7,114,24,1
2,2,1,78,278,8,465,239,105,174,82,1
5,1,2,7,29,4,503,16,17,20,8,1
0,1,1,80,294,2,105,39,8,236,57,2
5,1,2,21,46,1,229,62,39,89,20,2
5,1,1,67,191,2,501,101,94,167,55,1
3,2,2,86,304,5,407,150,1,325,80,1
1,1,2,24,69,3,49,59,14,91,30,2
1,1,2,35,84,9,585,62,35,106,26,1
2,1,1,60,235,1,189,29,75,210,33,1
3,1,1,8,23,2,41,29,17,33,11,2
1,2,2,58,197,5,337,108,43,197,86,1
1,2,1,89,311,1,4,141,167,299,96,1
1,1,2,15,64,7,237,43,29,32,11,2
5,2,1,15,43,5,203,9,22,45,12,2
1,1,2,69,140,5,420,46,5,270,84,1
5,1,2,92,363,4,209,207,74,221,63,2
5,2,2,60,161,2,60,9,72,221,63,2
1,1,2,81,315,7,518,234,74,319,85,1
1,1,1,87,209,3,416,54,92,235,79,1
1,1,1,63,145,5,60,35,21,147,73,2
3,1,1,79,264,4,595,51,98,168,99,1
2,2,2,47,132,3,28,105,81,180,34,2
4,1,2,89,263,0,512,233,119,328,104,1
3,1,1,88,328,7,156,237,70,257,71,2
4,1,1,11,36,7,266,7,2,31,16,1
1,2,2,65,247,9,298,53,129,133,70,1
5,2,2,30,90,2,356,70,32,124,42,1
0,2,2,73,284,0,595,20,41,212,72,1
3,1,2,47,125,6,353,73,10,127,72,1
1,2,1,5,15,7,341,21,4,13,9,1
2,1,2,62,162,3,244,121,63,149,54,2
0,2,1,37,138,9,511,57,36,102,53,1
4,1,2,95,266,4,160,114,39,311,93,2
5,1,1,34,122,5,495,106,27,108,48,1
2,1,1,32,100,1,445,49,40,97,39,1
0,2,2,96,198,7,306,62,8,367,87,1
1,2,2,49,139,2,151,61,76,111,56,2
4,1,1,57,115,3,179,110,12,154,39,2
5,1,2,10,21,6,195,18,18,38,13,2
2,2,2,95,299,6,469,236,136,261,75,1
5,2,1,45,115,1,339,36,7,91,55,1
5,1,2,40,122,8,423,12,3,126,61,1
4,1,2,91,258,7,323,117,105,208,107,1
3,2,1,51,205,2,187,97,34,182,42,2
0,1,2,74,298,0,443,207,87,273,96,1
2,1,2,60,166,5,454,23,42,150,79,1
0,1,2,87,213,4,252,23,99,204,119,1
4,2,1,77,270,4,260,231,144,282,109,1
1,1,1,33,105,6,332,69,15,106,42,1
2,1,2,51,164,8,39,46,33,117,41,2
2,2,2,12,28,1,581,37,4,47,11,1
1,2,1,89,233,9,235,28,175,261,45,2
4,2,2,42,169,1,263,41,37,124,29,1
5,2,2,26,79,6,315,74,33,64,27,1
3,2,2,11,30,3,495,14,8,43,16,1
4,1,2,82,284,6,578,234,83,236,86,1
5,1,1,51,137,2,333,118,45,125,61,1
2,1,2,58,136,1,233,30,96,143,41,2
2,2,1,19,65,5,495,61,19,69,24,1
0,2,2,41,107,1,74,71,73,90,47,2
4,2,1,71,226,5,548,63,29,282,41,1
2,1,2,50,159,5,590,105,96,155,39,1
3,1,2,45,95,6,144,82,3,154,38,2
4,1,2,76,282,1,503,155,113,208,98,1
1,2,1,58,200,6,545,50,78,234,87,1
4,1,2,46,105,5,533,30,40,161,71,1
3,1,1,87,190,5,467,120,22,244,77,1
1,1,1,16,37,7,447,7,2,43,9,1
2,1,2,28,67,1,288,53,34,116,34,1
4,2,2,75,242,9,282,98,66,288,65,1
1,2,2,81,201,6,48,56,125,288,47,2
4,2,2,40,91,1,426,100,81,158,55,1
4,1,1,78,309,2,182,198,115,219,57,2
2,1,1,92,297,7,265,12,39,279,90,1
1,1,2,6,21,7,572,24,12,16,9,1
0,1,1,3,10,1,525,6,0,15,2,1
2,1,1,59,220,3,394,162,109,226,72,1
3,1,1,83,305,9,148,230,14,226,79,2
5,1,1,74,177,5,152,79,43,235,47,2
3,2,2,85,176,5,597,164,35,313,125,1
4,2,2,92,199,4,503,247,10,341,48,1
1,2,1,2,6,3,528,6,5,12,3,1
0,1,2,25,72,2,532,77,12,97,25,1
1,2,1,21,52,2,561,16,12,44,17,1
0,1,2,73,156,0,235,175,57,233,45,2
4,2,1,69,191,7,63,179,26,223,40,2
1,2,1,86,283,3,331,110,132,247,77,1
2,2,2,82,204,2,213,5,164,185,79,2
0,1,1,45,159,7,17,127,4,91,25,2
1,1,2,67,192,0,509,61,106,226,93,1
3,2,2,22,79,4,231,68,19,54,20,2
1,2,1,14,45,6,244,22,2,59,12,2
0,1,2,33,75,6,66,64,30,134,49,2
0,2,2,35,124,6,497,13,11,120,37,1
1,2,2,30,117,7,297,68,19,74,22,1
2,2,1,68,222,5,332,125,46,201,49,1
5,2,2,91,280,5,441,76,129,321,52,1
0,2,2,0,5,9,31,3,0,2,1,2
4,1,2,67,162,3,126,39,52,180,90,2
3,2,2,88,262,3,233,171,124,275,60,2
1,2,2,67,224,7,94,38,43,271,87,2
0,1,2,73,248,6,577,210,114,166,107,1
5,2,2,90,277,3,227,187,77,241,64,2
1,1,2,44,124,3,168,104,0,142,39,2
4,1,1,48,193,8,311,134,44,141,46,1
2,1,2,43,169,2,532,27,85,106,67,1
0,1,2,77,224,8,208,66,70,313,89,2
5,2,2,49,132,9,540,14,53,144,45,1
4,1,2,35,73,6,494,95,73,118,45,1
1,2,2,51,175,5,589,153,5,146,68,1
4,2,2,0,2,7,465,6,1,3,1,1
3,1,1,88,183,7,218,184,175,286,103,2
3,2,2,67,168,1,394,42,61,267,60,1
2,2,2,5,20,3,363,7,5,25,10,1
0,1,2,23,86,0,362,40,21,94,30,1
0,2,2,44,141,6,342,101,87,108,48,1
4,1,2,8,36,4,401,22,10,37,9,1
4,2,1,90,298,2,332,236,66,339,62,1
3,1,1,20,41,0,561,13,26,42,23,1
4,1,1,95,330,5,484,146,158,372,65,1
0,1,1,53,179,1,32,81,40,161,56,1
4,2,1,11,31,0,463,38,2,48,14,1
1,2,1,77,188,0,293,208,122,258,78,1
2,2,2,41,85,2,212,72,65,166,27,2
0,2,2,36,130,2,355,96,0,83,26,1
3,2,2,85,244,3,69,40,8,308,48,2
3,1,2,11,28,6,48,15,6,36,6,2
1,2,1,66,165,4,436,20,26,235,56,1
1,2,2,89,237,9,53,250,92,258,109,2
0,1,2,28,110,7,178,56,20,95,20,2
0,2,1,10,27,1,527,32,6,20,15,1
1,2,1,48,166,5,217,22,15,152,54,2
5,1,1,95,244,8,348,151,6,249,68,1
2,2,1,68,235,4,389,84,54,154,78,1
1,1,2,39,88,9,250,99,52,105,48,1
0,1,1,51,126,9,526,155,68,117,52,1
1,2,2,71,189,6,299,184,54,156,37,1
1,1,2,63,182,7,515,63,100,131,40,1
4,1,1,4,11,1,461,8,5,18,3,1
3,2,1,50,147,9,132,69,50,153,51,2
4,2,1,26,89,8,142,58,48,81,13,2
1,1,1,76,230,2,320,35,21,219,76,1
2,1,2,28,62,1,176,79,3,91,15,2
4,1,2,91,346,2,537,267,8,211,85,1
3,2,1,49,177,2,210,134,66,169,76,2
4,2,1,41,158,8,549,38,66,168,64,1
3,1,2,9,18,3,437,29,20,22,9,1
2,1,2,63,159,4,509,140,47,129,86,1
3,2,2,62,227,3,220,121,114,157,38,2
2,2,2,72,222,7,534,64,126,154,60,1
4,1,2,85,318,3,97,89,170,344,48,2
0,2,2,90,244,6,138,48,160,203,107,2
1,1,1,60,194,8,520,112,34,153,47,1
1,2,2,10,43,9,23,20,17,23,14,2
1,2,1,68,200,6,537,77,22,194,55,1
5,1,1,36,98,0,271,74,66,123,33,1
0,1,2,47,160,6,179,16,64,183,27,2
2,1,1,76,218,2,233,119,25,190,108,2
1,2,1,72,169,3,599,165,87,164,49,1
1,2,2,68,263,7,160,205,33,274,46,2
1,2,2,47,122,0,336,142,64,136,50,1
3,2,2,56,203,9,134,84,27,223,70,2
5,2,2,18,66,8,216,46,34,62,16,2
4,1,2,81,243,0,82,14,12,164,66,2
0,1,1,8,25,5,316,7,7,36,7,1
3,1,2,53,113,2,445,94,80,125,54,1
5,1,2,12,31,2,397,20,5,43,16,1
4,1,2,35,120,2,64,59,42,134,44,2
2,2,1,19,66,0,266,7,15,78,10,1
4,2,2,60,216,5,162,94,20,163,83,2
0,2,2,91,316,0,31,71,112,234,80,1
3,2,1,49,100,5,539,134,54,104,75,1
0,1,1,68,137,1,402,90,31,211,76,1
3,1,1,51,176,0,280,102,64,113,36,1
3,1,2,7,25,4,260,27,3,16,13,1
4,2,1,92,254,6,545,266,41,262,122,1
4,2,1,24,82,1,92,55,1,85,29,1
1,1,1,16,60,5,449,42,2,35,27,1
3,1,1,76,197,6,427,46,72,170,86,1
3,1,1,19,71,6,356,56,4,49,28,1
0,2,1,81,172,9,343,247,89,185,51,1
2,2,1,42,165,1,7,128,72,94,58,1
2,2,2,21,47,7,288,20,35,67,15,1
3,1,1,75,220,9,595,222,133,236,91,1
0,2,1,91,291,4,51,241,68,354,61,2
5,2,2,57,161,5,591,102,104,193,47,1
5,2,1,17,46,1,142,32,21,55,9,2
0,2,2,67,192,9,386,23,87,161,62,1
4,1,1,19,79,9,132,60,9,53,10,2
0,2,2,80,206,6,466,44,123,181,121,1
4,2,2,75,169,2,261,60,50,151,68,1
5,2,2,75,187,0,239,40,145,290,41,2
1,1,2,5,11,2,459,10,5,23,7,1
5,1,2,69,179,3,450,210,79,205,53,1
2,1,2,37,133,4,73,116,10,81,36,2
1,2,1,50,202,4,107,11,34,179,38,2
4,2,2,53,199,6,311,137,57,148,72,1
3,1,2,24,60,4,483,65,24,62,26,1
0,2,1,71,237,8,351,166,1,193,45,1
3,1,2,85,308,7,460,4,18,190,48,2
3,1,2,88,224,7,493,117,108,347,70,1
4,1,2,2,5,7,385,5,3,10,6,1
2,2,1,31,104,3,506,57,6,112,49,1
1,2,2,61,175,5,470,60,30,167,32,1
0,2,2,68,233,6,363,138,91,210,72,1
2,1,1,19,78,1,292,20,25,76,27,1
3,2,2,74,260,8,280,191,146,252,51,1
1,1,2,80,172,1,309,45,56,238,77,1
3,2,1,90,229,3,80,131,155,186,61,2
3,1,2,36,118,9,64,41,51,113,30,2
1,1,2,30,86,5,566,51,7,96,24,1
4,2,2,95,314,4,42,7,1,362,120,2
5,1,2,45,141,7,584,99,44,90,38,1
4,1,1,36,122,8,559,39,46,79,27,1
4,1,2,2,7,9,392,5,4,13,2,1
4,2,1,30,65,7,375,80,19,65,40,1
5,1,1,37,124,3,586,35,58,146,54,1
1,1,1,33,128,4,177,32,62,72,31,2
2,1,2,20,80,2,296,47,30,82,18,1
4,2,2,62,194,9,100,23,61,198,62,2
3,1,2,89,196,0,411,22,178,240,129,1
0,2,1,31,86,0,118,42,60,90,37,2
3,1,2,76,215,3,217,77,51,192,91,2
0,2,1,60,159,2,208,56,57,212,36,2
3,2,1,68,258,8,389,172,57,202,59,1
0,1,2,90,279,5,155,192,64,344,59,2
5,2,1,73,205,2,317,1,142,190,82,1
2,1,2,51,129,4,200,47,98,201,29,2
5,2,1,66,225,6,82,176,7,214,58,2
1,2,2,77,205,8,238,100,97,296,106,2
1,1,2,8,27,8,314,18,17,34,7,1
2,1,1,76,251,4,213,221,6,232,98,2
5,1,1,28,85,6,102,56,53,83,42,2
5,1,1,55,147,9,519,155,98,138,34,1
4,2,2,64,251,5,322,92,35,196,75,1
4,1,1,69,179,1,490,25,22,252,96,1
3,1,1,11,45,6,508,31,20,48,15,1
2,2,2,50,165,8,69,54,86,167,68,2
3,1,2,54,200,1,30,161,51,150,42,1
2,1,2,69,162,6,557,37,107,182,82,1
2,1,2,49,188,3,157,132,51,161,76,2
3,2,1,74,290,3,543,215,30,225,112,1
0,1,1,23,51,2,163,19,35,79,18,2
3,1,2,67,225,7,282,177,22,232,44,1
0,1,2,29,62,0,91,1,38,96,24,2
2,1,1,95,348,9,312,134,135,375,65,1
0,2,1,56,123,0,559,135,47,209,45,1
4,2,2,74,183,8,479,91,56,149,100,1
5,2,2,5,25,0,261,9,4,16,8,1
3,1,2,21,53,8,120,13,6,64,21,2
3,2,2,14,30,3,309,47,1,57,8,1
4,2,2,79,190,6,521,165,85,255,83,1
1,1,2,75,168,6,303,111,121,300,71,1
4,1,2,13,31,4,478,38,3,37,22,1
3,2,2,72,232,0,160,206,122,256,92,1
4,2,1,87,268,8,63,78,96,251,126,2
0,1,2,22,50,7,182,55,42,81,26,2
5,1,2,54,200,1,472,106,60,133,76,1
4,1,2,57,141,2,445,153,51,162,30,1
1,1,2,14,30,0,213,4,13,43,22,2
5,2,2,9,37,0,62,18,13,32,11,1
2,1,1,64,253,2,440,109,19,186,92,1
3,1,2,87,241,4,474,112,61,311,73,1
1,1,1,62,161,9,255,60,25,198,74,1
4,2,1,80,170,5,288,97,12,204,48,1
1,1,2,3,10,6,319,15,1,17,5,1
0,1,2,95,313,8,307,242,79,321,75,1
3,2,1,69,164,1,135,17,96,240,62,2
4,2,1,12,31,6,535,31,1,38,21,1
1,2,2,70,278,6,467,100,104,272,40,1
1,1,1,82,259,6,343,194,115,176,69,1
4,2,2,41,136,0,594,101,1,83,33,1
0,2,1,86,295,3,43,200,49,330,122,2
4,2,2,38,148,3,500,87,69,119,44,1
3,2,1,67,176,8,194,77,112,151,87,2
4,1,2,94,327,6,36,58,85,298,49,2
2,2,2,67,162,7,485,196,86,268,36,1
1,2,1,34,131,7,432,52,67,70,33,1
2,2,2,17,43,5,287,30,13,45,11,1
3,2,1,95,305,8,171,127,38,367,104,2
2,2,2,10,38,3,197,27,7,34,13,2
1,2,2,2,13,7,484,8,7,4,1,1
2,1,2,64,212,8,171,137,98,168,48,2
2,1,2,13,30,1,463,3,12,51,7,1
4,2,2,33,92,0,355,99,66,91,31,1
3,2,1,38,83,1,367,115,63,150,35,1
3,2,2,39,138,3,67,9,8,86,53,2
4,1,2,56,182,7,136,14,55,168,65,2
4,1,1,84,230,5,485,188,38,232,45,1
2,1,2,43,111,4,88,116,30,140,29,2
2,1,1,97,365,3,85,6,9,271,141,2
1,2,1,30,78,4,370,91,38,89,19,1
5,1,1,87,188,9,29,133,114,292,100,2
5,2,1,19,46,5,351,25,21,58,18,1
1,1,2,69,257,7,427,43,95,186,89,1
2,1,1,76,286,6,346,18,18,174,110,1
3,2,1,84,229,5,594,221,139,289,45,1
3,1,1,49,167,4,177,17,33,134,63,2
5,2,2,4,17,9,511,3,4,16,6,1
0,1,1,64,209,8,77,10,96,145,95,2
0,2,1,45,167,8,502,36,16,175,27,1
2,1,1,75,194,6,585,199,146,217,80,1
4,1,1,62,216,2,137,70,100,243,41,2
2,1,2,9,22,9,315,28,17,20,13,1
2,2,2,87,175,9,303,33,175,287,130,1
4,2,1,21,55,3,169,61,42,76,24,2
3,1,2,81,174,7,548,105,11,184,59,1
4,1,2,7,24,9,27,4,12,19,12,2
3,2,1,90,347,1,416,11,102,333,114,1
3,1,2,96,280,0,415,195,96,285,92,1
0,2,2,0,3,5,383,4,2,1,0,1
2,2,1,30,94,2,437,73,35,94,26,1
5,2,2,76,267,2,428,44,131,182,74,1
1,1,2,81,297,8,50,128,108,235,94,2
1,1,1,19,49,6,502,1,6,61,25,1
5,2,1,2,11,1,183,11,7,5,1,1
3,1,1,75,215,8,384,1,6,153,55,1
4,1,1,54,162,9,392,145,78,177,74,1
0,1,2,82,307,1,483,190,133,303,69,1
3,1,1,11,40,8,112,6,9,49,12,2
0,2,2,85,299,4,147,142,148,279,61,2
0,2,2,25,81,6,310,9,19,58,28,1
5,1,1,6,15,3,581,3,11,23,4,1
5,1,1,36,100,7,306,77,19,96,27,1
5,1,1,5,23,0,569,11,5,11,5,1
4,1,1,2,11,0,196,4,2,8,4,1
1,1,1,30,90,2,183,67,19,75,36,2
3,1,2,73,219,3,441,66,69,173,110,1
2,2,2,35,132,1,520,47,16,137,53,1
5,1,2,31,88,8,397,88,18,110,26,1
1,1,1,0,2,9,413,0,2,2,1,1
1,2,2,69,167,2,454,11,5,267,68,1
3,2,1,13,48,6,537,41,10,30,14,1
0,2,2,28,62,0,391,78,45,86,25,1
3,1,1,17,50,5,136,23,35,47,26,2
0,2,2,89,298,3,22,260,95,185,59,2
0,2,2,20,72,0,33,34,6,59,15,1
0,2,1,82,227,6,155,4,134,295,94,2
1,1,1,2,4,4,487,10,2,13,5,1
2,1,1,54,155,7,448,103,1,214,63,1
5,2,1,80,268,1,343,154,77,210,41,1
3,2,2,16,53,9,560,19,17,40,9,1
5,2,1,63,236,0,207,5,102,156,80,1
1,1,1,29,112,1,571,15,24,68,36,1
3,2,2,29,95,5,520,64,52,106,44,1
4,1,1,51,142,1,52,126,49,102,35,2
4,1,2,9,37,6,587,24,15,39,16,1
1,1,1,58,131,5,431,13,43,210,69,1
0,1,1,59,143,8,345,145,2,227,46,1
3,2,2,39,138,4,0,76,21,81,22,2
5,1,1,68,259,5,596,131,66,233,57,1
0,2,1,87,274,2,72,182,149,334,61,2
4,1,2,46,117,2,141,84,13,179,32,2
3,1,1,72,180,1,48,143,126,176,98,2
0,1,2,95,272,8,43,134,165,197,82,2
5,1,1,95,223,7,46,235,129,265,129,2
0,2,1,43,112,6,209,134,23,151,59,2
5,1,2,86,290,4,260,168,139,308,99,1
3,1,1,28,72,2,581,14,45,58,23,1
5,1,2,11,27,9,240,10,23,29,19,2
3,1,2,48,124,6,565,47,81,192,63,1
5,1,1,8,20,5,17,28,5,30,8,2
0,2,1,31,110,9,259,42,29,107,19,1
2,2,2,63,236,8,157,12,124,178,73,2
1,2,2,39,125,3,480,82,7,138,58,1
1,1,2,90,294,4,307,178,118,353,120,1
