 no_of_dependents, education, self_employed, income_annum, loan_amount, loan_term, cibil_score, residential_assets_value, commercial_assets_value, luxury_assets_value, bank_asset_value, loan_status
2,1,2,0.9690721649484535,0.7551020408163265,0.5555555555555556,0.7966666666666669,0.08247422680412371,0.9072164948453608,0.5758354755784062,0.54421768707483,1
0,2,1,0.4020618556701031,0.30357142857142855,0.3333333333333333,0.19500000000000006,0.09278350515463918,0.1134020618556701,0.21850899742930593,0.22448979591836737,2
3,1,2,0.9175257731958762,0.7499999999999999,1.0,0.3433333333333334,0.24398625429553264,0.23195876288659792,0.8483290488431877,0.870748299319728,2
3,1,2,0.8247422680412371,0.7755102040816326,0.3333333333333333,0.27833333333333343,0.6254295532646048,0.17010309278350516,0.5912596401028278,0.5374149659863946,2
5,2,1,0.9896907216494845,0.6096938775510203,1.0,0.13666666666666671,0.4261168384879725,0.422680412371134,0.7480719794344474,0.34013605442176875,2
0,1,1,0.4742268041237113,0.336734693877551,0.4444444444444445,0.03166666666666673,0.23367697594501718,0.42783505154639173,0.3444730077120823,0.34693877551020413,2
5,1,2,0.8762886597938143,0.8341836734693877,0.1111111111111111,0.6300000000000001,0.7731958762886598,0.7628865979381443,0.7429305912596402,0.29251700680272114,1
2,1,1,0.5670103092783505,0.375,1.0,0.13666666666666671,0.4536082474226804,0.29381443298969073,0.29562982005141386,0.40816326530612246,2
0,1,1,0.061855670103092786,0.04846938775510204,1.0,0.8033333333333335,0.044673539518900345,0.041237113402061855,0.06426735218508997,0.04081632653061225,1
5,2,2,0.09278350515463918,0.10204081632653061,0.4444444444444445,0.14666666666666672,0.10996563573883161,0.07216494845360824,0.07712082262210797,0.108843537414966,2
4,1,1,0.27835051546391754,0.2780612244897959,0.0,0.41166666666666674,0.27835051546391754,0.2422680412371134,0.2365038560411311,0.2108843537414966,1
2,2,1,0.6701030927835051,0.5714285714285714,0.8888888888888888,0.3966666666666667,0.5257731958762887,0.29896907216494845,0.5167095115681235,0.435374149659864,2
3,2,1,0.49484536082474223,0.288265306122449,0.7777777777777777,0.018333333333333313,0.21993127147766323,0.49484536082474223,0.3676092544987147,0.29251700680272114,2
2,1,1,0.9175257731958762,0.7959183673469387,0.6666666666666665,0.6316666666666668,0.3711340206185567,0.8556701030927835,0.5295629820051414,0.34013605442176875,1
1,2,2,0.17525773195876287,0.18112244897959182,0.2222222222222222,0.28166666666666673,0.06529209621993128,0.06185567010309278,0.14395886889460155,0.1292517006802721,2
5,2,2,0.4639175257731959,0.2653061224489796,0.4444444444444445,0.8233333333333335,0.1958762886597938,0.20103092783505155,0.4138817480719794,0.29931972789115646,1
2,1,1,0.03092783505154639,0.033163265306122444,0.1111111111111111,0.605,0.044673539518900345,0.005154639175257732,0.025706940874035994,0.04761904761904762,1
4,2,1,0.27835051546391754,0.23214285714285712,0.6666666666666665,0.8,0.09965635738831614,0.14432989690721648,0.16452442159383035,0.29251700680272114,1
2,1,2,0.2577319587628866,0.25510204081632654,0.4444444444444445,0.7266666666666668,0.034364261168384876,0.0,0.15167095115681237,0.22448979591836737,1
5,1,2,0.6288659793814433,0.3647959183673469,0.5555555555555556,0.5866666666666667,0.3539518900343642,0.18041237113402062,0.596401028277635,0.40136054421768713,1
2,1,2,0.49484536082474223,0.4872448979591837,0.5555555555555556,0.025000000000000022,0.32646048109965636,0.08247422680412371,0.455012853470437,0.41496598639455784,2
4,1,2,0.5773195876288659,0.3494897959183674,0.7777777777777777,0.3833333333333334,0.13058419243986255,0.5824742268041236,0.5629820051413882,0.3673469387755102,2
4,1,1,0.6494845360824741,0.6479591836734693,0.8888888888888888,0.018333333333333313,0.45017182130584193,0.08762886597938144,0.49357326478149105,0.5782312925170069,2
0,2,1,0.03092783505154639,0.028061224489795915,0.0,0.41833333333333345,0.03092783505154639,0.03092783505154639,0.020565552699228794,0.020408163265306124,1
0,2,2,0.4845360824742268,0.2423469387755102,0.7777777777777777,0.040000000000000036,0.13058419243986255,0.44845360824742264,0.2493573264781491,0.22448979591836737,2
5,2,2,0.29896907216494845,0.2346938775510204,1.0,0.3566666666666667,0.27147766323024053,0.15979381443298968,0.16195372750642675,0.17687074829931973,2
4,1,2,0.8247422680412371,0.7091836734693877,0.5555555555555556,0.6600000000000001,0.3951890034364261,0.5463917525773195,0.6426735218508998,0.489795918367347,1
4,2,1,0.22680412371134018,0.13520408163265304,0.1111111111111111,0.6033333333333335,0.15463917525773196,0.21649484536082475,0.13110539845758357,0.17006802721088438,1
5,2,1,0.7010309278350515,0.6045918367346939,0.2222222222222222,0.06000000000000005,0.07903780068728522,0.61340206185567,0.699228791773779,0.6598639455782314,2
3,2,1,0.9072164948453607,0.7959183673469387,0.4444444444444445,0.9166666666666667,0.7491408934707904,0.6391752577319587,0.8586118251928021,0.54421768707483,1
2,2,2,0.9896907216494845,0.6377551020408162,0.5555555555555556,0.021666666666666723,0.6941580756013745,0.26804123711340205,0.647814910025707,0.6326530612244898,2
2,1,2,0.5670103092783505,0.29846938775510207,0.2222222222222222,0.1050000000000001,0.12371134020618556,0.38144329896907214,0.5501285347043703,0.29251700680272114,2
1,2,1,0.061855670103092786,0.033163265306122444,0.4444444444444445,0.22666666666666668,0.024054982817869414,0.010309278350515464,0.048843187660668384,0.06802721088435375,2
5,2,1,0.845360824742268,0.5535714285714285,0.0,0.8833333333333335,0.13058419243986255,0.20103092783505155,0.5038560411311055,0.3673469387755102,1
3,1,2,0.4845360824742268,0.29591836734693877,0.3333333333333333,0.52,0.3333333333333333,0.06185567010309278,0.480719794344473,0.39455782312925175,1
2,1,1,0.15463917525773194,0.07908163265306123,0.3333333333333333,0.6516666666666668,0.09278350515463918,0.14432989690721648,0.14652956298200515,0.06122448979591837,1
3,2,2,0.14432989690721648,0.15051020408163263,0.8888888888888888,0.56,0.11683848797250859,0.03608247422680412,0.12853470437017997,0.09523809523809525,1
5,1,1,0.8041237113402061,0.6862244897959183,0.2222222222222222,0.08000000000000007,0.21993127147766323,0.015463917525773195,0.42159383033419023,0.4829931972789116,2
5,1,2,0.3505154639175258,0.18877551020408162,0.7777777777777777,0.8833333333333335,0.24054982817869416,0.06701030927835051,0.2493573264781491,0.19727891156462588,1
3,2,1,0.13402061855670103,0.12244897959183675,0.2222222222222222,0.08666666666666667,0.003436426116838488,0.010309278350515464,0.13624678663239076,0.06122448979591837,2
1,1,2,0.7835051546391752,0.45408163265306123,0.0,0.6866666666666668,0.29553264604810997,0.5773195876288659,0.5501285347043703,0.6122448979591837,1
2,2,2,0.9175257731958762,0.6275510204081632,0.7777777777777777,0.8700000000000001,0.7663230240549828,0.6237113402061856,0.7892030848329049,0.35374149659863946,1
3,1,2,0.12371134020618556,0.07908163265306123,0.2222222222222222,0.4,0.006872852233676976,0.07731958762886598,0.09254498714652956,0.054421768707483,2
2,1,1,0.061855670103092786,0.0510204081632653,0.5555555555555556,0.07000000000000006,0.07560137457044673,0.06701030927835051,0.038560411311053984,0.054421768707483,2
5,1,2,0.6494845360824741,0.33418367346938777,0.8888888888888888,0.8116666666666668,0.6254295532646048,0.015463917525773195,0.4087403598971722,0.3673469387755102,1
4,1,2,0.8041237113402061,0.7015306122448979,0.7777777777777777,0.05166666666666675,0.4467353951890034,0.3247422680412371,0.5424164524421594,0.7414965986394558,2
3,2,1,0.4123711340206186,0.3647959183673469,0.2222222222222222,0.6316666666666668,0.08247422680412371,0.3556701030927835,0.21593830334190234,0.33333333333333337,1
1,1,1,0.4845360824742268,0.47959183673469385,0.6666666666666665,0.6283333333333334,0.18556701030927836,0.4690721649484536,0.4473007712082262,0.44217687074829937,1
3,2,2,0.5463917525773195,0.5153061224489796,0.5555555555555556,0.5566666666666666,0.027491408934707903,0.44329896907216493,0.46786632390745503,0.5578231292517007,1
1,2,1,0.9587628865979381,0.47959183673469385,0.7777777777777777,0.6033333333333335,0.003436426116838488,0.5412371134020618,0.9614395886889461,0.7959183673469389,1
4,1,2,0.7319587628865979,0.6403061224489796,0.7777777777777777,0.33666666666666667,0.017182130584192438,0.09278350515463918,0.519280205655527,0.7142857142857143,2
2,1,2,0.8762886597938143,0.6224489795918366,0.4444444444444445,0.2250000000000001,0.23367697594501718,0.18041237113402062,0.5526992287917738,0.7687074829931974,2
5,2,2,0.3711340206185567,0.18622448979591835,0.1111111111111111,0.6483333333333334,0.29896907216494845,0.005154639175257732,0.23136246786632392,0.23129251700680273,1
1,2,1,0.845360824742268,0.5790816326530611,0.5555555555555556,0.595,0.5292096219931272,0.7628865979381443,0.8123393316195373,0.5578231292517007,1
2,1,1,0.5051546391752577,0.49489795918367346,1.0,0.4833333333333334,0.2542955326460481,0.47938144329896903,0.4910025706940874,0.23129251700680273,1
5,2,2,0.6701030927835051,0.6173469387755102,0.5555555555555556,0.8633333333333335,0.041237113402061855,0.28865979381443296,0.41131105398457585,0.4217687074829932,1
2,2,2,0.422680412371134,0.2627551020408163,0.8888888888888888,0.21833333333333338,0.07216494845360824,0.07731958762886598,0.23136246786632392,0.35374149659863946,2
5,1,1,0.9381443298969071,0.770408163265306,0.8888888888888888,0.9016666666666668,0.6632302405498282,0.5309278350515464,0.8817480719794345,0.5918367346938775,1
1,1,2,0.7422680412371133,0.461734693877551,1.0,0.20166666666666666,0.6357388316151202,0.4690721649484536,0.442159383033419,0.27891156462585037,2
2,2,2,0.8556701030927835,0.4744897959183673,0.8888888888888888,0.29666666666666675,0.8178694158075601,0.8402061855670103,0.6580976863753214,0.7755102040816327,2
3,2,1,0.9690721649484535,0.770408163265306,0.8888888888888888,0.615,0.16151202749140894,0.0979381443298969,0.673521850899743,0.6326530612244898,1
5,2,1,0.8865979381443299,0.7295918367346939,0.2222222222222222,0.10833333333333339,0.8384879725085911,0.44329896907216493,0.6966580976863754,0.3197278911564626,2
3,2,1,0.3195876288659794,0.18367346938775508,1.0,0.4766666666666667,0.054982817869415807,0.28865979381443296,0.2622107969151671,0.19727891156462588,1
4,1,1,0.3814432989690722,0.30612244897959184,0.8888888888888888,0.8066666666666666,0.2611683848797251,0.3556701030927835,0.32904884318766064,0.1904761904761905,1
1,1,2,0.4020618556701031,0.25510204081632654,0.5555555555555556,0.10666666666666669,0.32646048109965636,0.31443298969072164,0.37532133676092544,0.1904761904761905,2
3,2,2,0.8350515463917525,0.7346938775510203,0.4444444444444445,0.6916666666666667,0.20962199312714777,0.61340206185567,0.6118251928020566,0.8095238095238095,1
0,2,1,0.2577319587628866,0.24999999999999997,1.0,0.655,0.006872852233676976,0.08762886597938144,0.14395886889460155,0.09523809523809525,2
4,1,2,0.556701030927835,0.3086734693877551,0.1111111111111111,0.7950000000000002,0.18900343642611683,0.15979381443298968,0.29562982005141386,0.3741496598639456,1
0,1,2,0.17525773195876287,0.11989795918367348,0.5555555555555556,0.020000000000000018,0.1374570446735395,0.14432989690721648,0.11825192802056554,0.163265306122449,2
4,2,1,0.03092783505154639,0.030612244897959183,1.0,0.06666666666666665,0.003436426116838488,0.010309278350515464,0.04113110539845759,0.04081632653061225,2
5,1,1,0.5257731958762886,0.46683673469387754,0.1111111111111111,0.14333333333333342,0.09278350515463918,0.5,0.2982005141388175,0.28571428571428575,1
5,2,2,0.7010309278350515,0.45918367346938777,0.1111111111111111,0.19666666666666666,0.6323024054982818,0.6030927835051546,0.544987146529563,0.5170068027210885,2
3,2,1,0.5773195876288659,0.41836734693877553,0.7777777777777777,0.7250000000000001,0.13402061855670103,0.4845360824742268,0.3161953727506427,0.380952380952381,1
2,2,2,0.24742268041237112,0.20663265306122447,0.2222222222222222,0.32333333333333336,0.2233676975945017,0.1958762886597938,0.13624678663239076,0.1360544217687075,2
2,2,2,0.17525773195876287,0.15816326530612243,0.8888888888888888,0.6183333333333334,0.020618556701030927,0.12886597938144329,0.11568123393316196,0.07482993197278912,1
4,1,2,0.5670103092783505,0.36989795918367346,0.7777777777777777,0.6616666666666668,0.49140893470790376,0.4020618556701031,0.32390745501285345,0.4285714285714286,1
0,1,2,0.9072164948453607,0.846938775510204,0.3333333333333333,0.8350000000000002,0.3986254295532646,0.4587628865979381,0.9023136246786633,0.7551020408163266,1
2,2,2,0.8556701030927835,0.7423469387755102,0.5555555555555556,0.4600000000000001,0.6048109965635738,0.28865979381443296,0.6401028277634963,0.6122448979591837,1
0,2,2,0.05154639175257732,0.028061224489795915,0.6666666666666665,0.5650000000000002,0.06529209621993128,0.03608247422680412,0.053984575835475584,0.06122448979591837,1
4,1,2,0.3402061855670103,0.21938775510204078,0.1111111111111111,0.28333333333333344,0.044673539518900345,0.1134020618556701,0.30848329048843187,0.1360544217687075,2
0,2,2,0.8865979381443299,0.7882653061224489,0.1111111111111111,0.8766666666666667,0.09965635738831614,0.02577319587628866,0.8483290488431877,0.5850340136054423,1
2,2,1,0.9999999999999999,0.5331632653061223,0.7777777777777777,0.1050000000000001,0.8762886597938144,0.5876288659793815,0.6760925449871465,0.46258503401360546,2
3,1,2,0.3505154639175258,0.211734693877551,1.0,0.5216666666666667,0.3230240549828179,0.015463917525773195,0.2570694087403599,0.22448979591836737,1
3,2,1,0.288659793814433,0.20153061224489793,0.7777777777777777,0.6883333333333335,0.18213058419243985,0.29896907216494845,0.2750642673521851,0.23129251700680273,1
2,1,2,0.6804123711340205,0.5331632653061223,0.7777777777777777,0.2316666666666667,0.5876288659793815,0.2422680412371134,0.5912596401028278,0.2448979591836735,2
5,2,1,0.09278350515463918,0.08928571428571429,0.8888888888888888,0.14500000000000002,0.044673539518900345,0.06185567010309278,0.08997429305912596,0.108843537414966,2
1,2,1,0.8762886597938143,0.7142857142857142,0.3333333333333333,0.17000000000000004,0.7010309278350515,0.7010309278350515,0.7095115681233933,0.6938775510204083,2
4,1,1,0.18556701030927833,0.1964285714285714,0.2222222222222222,0.895,0.17525773195876287,0.13402061855670103,0.09254498714652956,0.19727891156462588,1
2,2,2,0.9896907216494845,0.9515306122448979,0.4444444444444445,0.5683333333333334,0.8281786941580755,0.0,0.5938303341902315,0.5170068027210885,1
4,1,2,0.5670103092783505,0.5306122448979591,0.8888888888888888,0.31500000000000006,0.017182130584192438,0.22164948453608246,0.31362467866323906,0.40816326530612246,2
4,1,2,0.8865979381443299,0.520408163265306,0.8888888888888888,0.4,0.6597938144329897,0.16494845360824742,0.5681233933161954,0.8639455782312926,2
4,1,2,0.3711340206185567,0.21938775510204078,0.1111111111111111,0.9066666666666667,0.3127147766323024,0.18041237113402062,0.32904884318766064,0.3197278911564626,1
1,1,2,0.15463917525773194,0.15561224489795916,0.4444444444444445,0.2533333333333334,0.03092783505154639,0.05670103092783505,0.13624678663239076,0.14285714285714288,2
2,1,2,0.08247422680412371,0.0433673469387755,0.4444444444444445,0.10999999999999999,0.041237113402061855,0.020618556701030927,0.07455012853470437,0.08843537414965986,2
5,1,2,0.010309278350515462,0.020408163265306124,0.0,0.0,0.003436426116838488,0.02577319587628866,0.010282776349614397,0.0272108843537415,1
2,1,1,0.6597938144329897,0.375,0.8888888888888888,0.28333333333333344,0.041237113402061855,0.24742268041237112,0.4601542416452442,0.4761904761904762,2
2,2,2,0.8762886597938143,0.6301020408163265,1.0,0.935,0.5051546391752577,0.4381443298969072,0.5886889460154242,0.49659863945578236,1
4,1,2,0.9484536082474226,0.7423469387755102,0.5555555555555556,0.43666666666666676,0.8900343642611683,0.7835051546391752,0.9280205655526993,0.4829931972789116,1
0,1,2,0.4329896907216495,0.26785714285714285,0.6666666666666665,0.2716666666666667,0.08247422680412371,0.24742268041237112,0.34704370179948585,0.3197278911564626,2
4,2,2,0.020618556701030927,0.01530612244897959,0.5555555555555556,0.29666666666666675,0.024054982817869414,0.005154639175257732,0.023136246786632394,0.006802721088435375,2
2,2,1,0.010309278350515462,0.020408163265306124,0.0,0.6700000000000002,0.010309278350515464,0.010309278350515464,0.005141388174807198,0.01360544217687075,1
2,2,1,0.422680412371134,0.32142857142857145,1.0,0.53,0.3917525773195876,0.18556701030927836,0.2853470437017995,0.163265306122449,1
4,1,2,0.14432989690721648,0.10714285714285714,0.5555555555555556,0.5550000000000002,0.024054982817869414,0.08762886597938144,0.09768637532133675,0.1292517006802721,1
5,2,1,0.6185567010309277,0.5943877551020408,0.4444444444444445,0.05166666666666675,0.6357388316151202,0.5309278350515464,0.6041131105398458,0.5918367346938775,2
3,2,1,0.4123711340206186,0.23979591836734693,0.7777777777777777,0.9016666666666668,0.26804123711340205,0.015463917525773195,0.42159383033419023,0.34693877551020413,1
4,2,1,0.9072164948453607,0.45408163265306123,0.5555555555555556,0.7733333333333334,0.020618556701030927,0.8505154639175257,0.5269922879177379,0.7891156462585035,1
0,1,2,0.2577319587628866,0.2627551020408163,0.2222222222222222,0.4850000000000001,0.044673539518900345,0.13917525773195877,0.24678663239074553,0.12244897959183675,1
1,1,1,0.979381443298969,0.9081632653061223,0.0,0.6983333333333335,0.6735395189003436,0.3917525773195876,0.5167095115681235,0.7414965986394558,1
2,1,2,0.3195876288659794,0.16581632653061223,0.6666666666666665,0.02833333333333332,0.11683848797250859,0.015463917525773195,0.2930591259640103,0.2448979591836735,2
0,2,2,0.010309278350515462,0.020408163265306124,0.3333333333333333,0.7966666666666669,0.027491408934707903,0.010309278350515464,0.015424164524421594,0.006802721088435375,1
3,1,1,0.7422680412371133,0.45663265306122447,0.6666666666666665,0.0033333333333334103,0.1924398625429553,0.15979381443298968,0.4524421593830334,0.34013605442176875,2
5,2,2,0.7113402061855669,0.49489795918367346,0.3333333333333333,0.33666666666666667,0.2508591065292096,0.28865979381443296,0.6426735218508998,0.6666666666666667,2
5,2,1,0.7319587628865979,0.5561224489795917,0.8888888888888888,0.9650000000000001,0.6701030927835051,0.5463917525773195,0.4884318766066838,0.6666666666666667,1
1,2,2,0.845360824742268,0.5892857142857142,0.6666666666666665,0.2283333333333334,0.5292096219931272,0.29896907216494845,0.8508997429305913,0.5510204081632654,2
0,2,1,0.3195876288659794,0.26785714285714285,0.5555555555555556,0.8283333333333334,0.020618556701030927,0.30927835051546393,0.19023136246786634,0.22448979591836737,1
4,2,1,0.5773195876288659,0.5841836734693877,0.8888888888888888,0.26,0.5532646048109966,0.21649484536082475,0.5732647814910027,0.5102040816326531,2
0,2,2,0.04123711340206185,0.033163265306122444,0.2222222222222222,0.5783333333333334,0.05154639175257732,0.03092783505154639,0.030848329048843187,0.04761904761904762,1
0,2,2,0.7216494845360825,0.39540816326530615,0.5555555555555556,0.1316666666666667,0.436426116838488,0.6288659793814433,0.544987146529563,0.2448979591836735,2
1,2,1,0.9175257731958762,0.8316326530612244,0.0,0.6950000000000001,0.07560137457044673,0.10309278350515463,0.5989717223650386,0.40136054421768713,1
5,1,2,0.07216494845360825,0.0510204081632653,0.7777777777777777,0.40833333333333344,0.003436426116838488,0.010309278350515464,0.06169665809768638,0.054421768707483,2
2,1,2,0.061855670103092786,0.07397959183673469,0.3333333333333333,0.02833333333333332,0.010309278350515464,0.05154639175257732,0.043701799485861184,0.06122448979591837,2
1,2,2,0.8556701030927835,0.8316326530612244,0.4444444444444445,0.45000000000000007,0.17525773195876287,0.31958762886597936,0.519280205655527,0.3741496598639456,1
0,2,1,0.9072164948453607,0.46938775510204084,0.8888888888888888,0.9416666666666667,0.9209621993127147,0.0,0.5295629820051414,0.7687074829931974,1
3,1,2,0.7010309278350515,0.4897959183673469,0.6666666666666665,0.6983333333333335,0.41924398625429554,0.5309278350515464,0.4601542416452442,0.6938775510204083,1
3,1,2,0.0,0.007653061224489796,0.7777777777777777,0.8683333333333334,0.013745704467353952,0.005154639175257732,0.005141388174807198,0.006802721088435375,1
4,2,1,0.020618556701030927,0.012755102040816325,0.4444444444444445,0.9316666666666669,0.03092783505154639,0.02577319587628866,0.012853470437017997,0.01360544217687075,1
3,2,2,0.5051546391752577,0.45663265306122447,0.4444444444444445,0.15833333333333333,0.003436426116838488,0.41237113402061853,0.390745501285347,0.4285714285714286,2
2,2,1,0.05154639175257732,0.05867346938775509,0.5555555555555556,0.21500000000000008,0.054982817869415807,0.06701030927835051,0.06169665809768638,0.054421768707483,2
3,1,2,0.020618556701030927,0.022959183673469385,0.5555555555555556,0.935,0.006872852233676976,0.03092783505154639,0.020565552699228794,0.01360544217687075,1
0,2,1,0.9587628865979381,0.5229591836734693,0.6666666666666665,0.44166666666666676,0.5189003436426116,0.61340206185567,0.8637532133676094,0.9115646258503403,1
5,1,2,0.8865979381443299,0.568877551020408,0.4444444444444445,0.09500000000000008,0.27147766323024053,0.44329896907216493,0.4601542416452442,0.33333333333333337,2
3,2,1,0.16494845360824742,0.08418367346938775,0.8888888888888888,0.275,0.020618556701030927,0.02577319587628866,0.13110539845758357,0.17687074829931973,2
4,2,1,0.6804123711340205,0.3469387755102041,0.3333333333333333,0.29833333333333334,0.4020618556701031,0.4690721649484536,0.6529562982005142,0.653061224489796,2
3,2,2,0.13402061855670103,0.13265306122448978,0.7777777777777777,0.6950000000000001,0.07216494845360824,0.041237113402061855,0.10539845758354756,0.08843537414965986,1
3,1,2,0.14432989690721648,0.13265306122448978,0.5555555555555556,0.20833333333333337,0.020618556701030927,0.041237113402061855,0.13110539845758357,0.06122448979591837,2
2,2,2,0.4536082474226804,0.41836734693877553,0.0,0.81,0.006872852233676976,0.30412371134020616,0.3496143958868895,0.41496598639455784,1
5,2,1,0.20618556701030927,0.16326530612244897,0.2222222222222222,0.13666666666666671,0.15120274914089346,0.06701030927835051,0.21336760925449874,0.07482993197278912,2
3,2,1,0.27835051546391754,0.20918367346938774,0.5555555555555556,0.44000000000000006,0.034364261168384876,0.15979381443298968,0.18508997429305915,0.12244897959183675,1
0,1,2,0.0,0.01020408163265306,0.3333333333333333,0.3350000000000001,0.017182130584192438,0.010309278350515464,0.010282776349614397,0.006802721088435375,2
2,2,1,0.23711340206185563,0.23214285714285712,0.4444444444444445,0.7116666666666667,0.2268041237113402,0.211340206185567,0.2365038560411311,0.22448979591836737,1
4,2,2,0.3505154639175258,0.18367346938775508,0.2222222222222222,0.99,0.037800687285223365,0.33505154639175255,0.18251928020565555,0.1904761904761905,1
0,1,1,0.5463917525773195,0.41836734693877553,0.8888888888888888,0.8816666666666668,0.18900343642611683,0.06701030927835051,0.3213367609254499,0.40136054421768713,1
4,2,2,0.6597938144329897,0.4362244897959184,1.0,0.3433333333333334,0.08934707903780069,0.5154639175257731,0.6580976863753214,0.489795918367347,2
2,1,1,0.8659793814432989,0.8112244897959183,0.2222222222222222,0.8366666666666667,0.3230240549828179,0.8608247422680412,0.622107969151671,0.6666666666666667,1
5,2,2,0.04123711340206185,0.030612244897959183,0.6666666666666665,0.405,0.010309278350515464,0.04639175257731959,0.04627249357326478,0.020408163265306124,2
3,1,1,0.12371134020618556,0.07397959183673469,1.0,0.7866666666666668,0.08247422680412371,0.04639175257731959,0.12339331619537276,0.108843537414966,1
3,1,2,0.3917525773195876,0.2755102040816327,0.5555555555555556,0.45333333333333337,0.3333333333333333,0.005154639175257732,0.31362467866323906,0.163265306122449,1
0,2,1,0.4845360824742268,0.29591836734693877,0.7777777777777777,0.6816666666666666,0.5017182130584192,0.04639175257731959,0.46786632390745503,0.2585034013605442,1
5,1,2,0.18556701030927833,0.15051020408163263,0.8888888888888888,0.17000000000000004,0.1374570446735395,0.10824742268041238,0.17737789203084833,0.07482993197278912,2
1,2,1,0.5154639175257731,0.4846938775510204,0.3333333333333333,0.30166666666666675,0.49140893470790376,0.4896907216494845,0.4755784061696658,0.28571428571428575,2
5,1,1,0.8969072164948453,0.7270408163265305,0.2222222222222222,0.7866666666666668,0.46735395189003437,0.28350515463917525,0.5167095115681235,0.5714285714285715,1
1,1,1,0.6494845360824741,0.5178571428571428,0.0,0.010000000000000009,0.5463917525773195,0.0979381443298969,0.45758354755784064,0.217687074829932,1
2,2,2,0.1134020618556701,0.10714285714285714,0.2222222222222222,0.19166666666666676,0.0,0.04639175257731959,0.06683804627249357,0.0816326530612245,2
3,2,2,0.9484536082474226,0.885204081632653,0.7777777777777777,0.41333333333333344,0.6254295532646048,0.2268041237113402,0.9203084832904885,0.326530612244898,2
5,2,2,0.49484536082474223,0.2780612244897959,0.3333333333333333,0.6683333333333334,0.3127147766323024,0.02577319587628866,0.35218508997429304,0.3129251700680272,1
2,1,2,0.288659793814433,0.18877551020408162,0.5555555555555556,0.9833333333333334,0.16151202749140894,0.22164948453608246,0.20822622107969152,0.14285714285714288,1
5,2,1,0.9999999999999999,0.8418367346938774,0.2222222222222222,0.10666666666666669,0.18213058419243985,0.9639175257731959,0.7069408740359898,0.5646258503401361,2
5,1,1,0.05154639175257732,0.025510204081632647,1.0,0.6733333333333333,0.054982817869415807,0.0,0.048843187660668384,0.04081632653061225,1
3,1,1,0.3917525773195876,0.2627551020408163,0.4444444444444445,0.030000000000000027,0.05154639175257732,0.26288659793814434,0.19794344473007713,0.33333333333333337,2
5,2,2,0.29896907216494845,0.23724489795918366,0.0,0.7683333333333333,0.1993127147766323,0.09278350515463918,0.2596401028277635,0.28571428571428575,1
4,2,2,0.44329896907216493,0.37755102040816324,0.2222222222222222,0.655,0.12714776632302405,0.07731958762886598,0.4498714652956298,0.40816326530612246,1
3,2,2,0.979381443298969,0.5178571428571428,0.7777777777777777,0.3733333333333334,0.831615120274914,0.5721649484536082,0.6966580976863754,0.41496598639455784,2
2,2,1,0.18556701030927833,0.12755102040816324,0.4444444444444445,0.635,0.1683848797250859,0.07216494845360824,0.10282776349614396,0.19727891156462588,1
2,1,1,0.8144329896907216,0.5612244897959183,0.8888888888888888,0.7283333333333335,0.7663230240549828,0.6494845360824743,0.686375321336761,0.49659863945578236,1
0,2,2,0.5670103092783505,0.3979591836734694,0.7777777777777777,0.5633333333333335,0.003436426116838488,0.4896907216494845,0.41131105398457585,0.30612244897959184,1
4,2,2,0.5773195876288659,0.31887755102040816,0.0,0.5933333333333335,0.017182130584192438,0.25773195876288657,0.40359897172236503,0.1904761904761905,1
1,1,2,0.16494845360824742,0.15816326530612243,0.2222222222222222,0.4,0.0859106529209622,0.16494845360824742,0.12082262210796914,0.07482993197278912,2
4,2,1,0.9175257731958762,0.8903061224489796,0.2222222222222222,0.06833333333333336,0.034364261168384876,0.015463917525773195,0.5861182519280206,0.5578231292517007,2
0,2,1,0.4742268041237113,0.4387755102040816,0.0,0.1183333333333334,0.4020618556701031,0.35051546391752575,0.4730077120822622,0.2380952380952381,1
3,2,1,0.3711340206185567,0.2602040816326531,0.5555555555555556,0.9766666666666668,0.1374570446735395,0.02577319587628866,0.37532133676092544,0.1564625850340136,1
0,2,2,0.17525773195876287,0.09693877551020408,0.8888888888888888,0.8350000000000002,0.013745704467353952,0.041237113402061855,0.11568123393316196,0.0816326530612245,1
3,2,1,0.3505154639175258,0.2346938775510204,0.7777777777777777,0.7466666666666668,0.2646048109965636,0.12371134020618556,0.24164524421593833,0.17687074829931973,1
2,2,1,0.7422680412371133,0.711734693877551,0.3333333333333333,0.1266666666666667,0.7525773195876289,0.25773195876288657,0.43958868894601544,0.35374149659863946,2
4,2,1,0.6597938144329897,0.35714285714285715,0.3333333333333333,0.1183333333333334,0.3711340206185567,0.4896907216494845,0.46786632390745503,0.5034013605442177,2
2,1,2,0.16494845360824742,0.12755102040816324,0.2222222222222222,0.8766666666666667,0.15463917525773196,0.03608247422680412,0.15938303341902316,0.08843537414965986,1
4,2,2,0.9278350515463917,0.6862244897959183,0.5555555555555556,0.9550000000000001,0.15463917525773196,0.09278350515463918,0.8611825192802057,0.7755102040816327,1
5,2,1,0.22680412371134018,0.211734693877551,0.3333333333333333,0.015000000000000013,0.017182130584192438,0.03092783505154639,0.13881748071979436,0.1904761904761905,2
4,2,2,0.556701030927835,0.33163265306122447,1.0,0.9483333333333335,0.1134020618556701,0.3865979381443299,0.506426735218509,0.44217687074829937,1
5,1,2,0.3711340206185567,0.3469387755102041,0.5555555555555556,0.39,0.16151202749140894,0.14948453608247422,0.20308483290488433,0.1904761904761905,2
3,2,1,0.44329896907216493,0.4489795918367347,0.2222222222222222,0.8116666666666668,0.3367697594501718,0.18556701030927836,0.35989717223650386,0.28571428571428575,1
0,1,1,0.07216494845360825,0.04846938775510204,0.7777777777777777,0.44333333333333336,0.003436426116838488,0.03608247422680412,0.043701799485861184,0.04081632653061225,1
0,2,2,0.26804123711340205,0.24489795918367344,0.3333333333333333,0.7366666666666668,0.1683848797250859,0.06701030927835051,0.16452442159383035,0.11564625850340136,1
2,2,2,0.7525773195876289,0.5816326530612245,0.1111111111111111,0.8733333333333335,0.415807560137457,0.5618556701030928,0.6683804627249358,0.6462585034013606,1
4,1,2,0.12371134020618556,0.07142857142857142,0.6666666666666665,0.45833333333333337,0.10309278350515463,0.10824742268041238,0.11825192802056554,0.09523809523809525,1
2,1,1,0.3711340206185567,0.27040816326530615,0.4444444444444445,0.7766666666666668,0.06529209621993128,0.20103092783505155,0.21336760925449874,0.20408163265306123,1
1,2,1,0.15463917525773194,0.11989795918367348,0.4444444444444445,0.9800000000000002,0.09965635738831614,0.04639175257731959,0.09768637532133675,0.14965986394557823,1
3,1,1,0.9072164948453607,0.7678571428571428,0.2222222222222222,0.5633333333333335,0.5773195876288659,0.5670103092783505,0.6838046272493574,0.6258503401360545,1
5,2,1,0.7319587628865979,0.586734693877551,0.2222222222222222,0.5366666666666666,0.24398625429553264,0.5979381443298969,0.6709511568123394,0.7142857142857143,1
1,2,2,0.7422680412371133,0.4974489795918367,0.8888888888888888,0.2633333333333334,0.4329896907216495,0.31958762886597936,0.7043701799485862,0.272108843537415,2
1,2,2,0.9072164948453607,0.711734693877551,0.7777777777777777,0.04500000000000004,0.058419243986254296,0.11855670103092783,0.609254498714653,0.761904761904762,2
0,2,2,0.288659793814433,0.15816326530612243,0.0,0.52,0.3024054982817869,0.17525773195876287,0.16452442159383035,0.11564625850340136,1
1,1,2,0.061855670103092786,0.0663265306122449,0.3333333333333333,0.6366666666666667,0.07560137457044673,0.05670103092783505,0.06683804627249357,0.04761904761904762,1
2,1,2,0.4742268041237113,0.32908163265306123,0.0,0.4716666666666667,0.47079037800687284,0.29896907216494845,0.2365038560411311,0.35374149659863946,1
5,2,2,0.6391752577319587,0.45918367346938777,0.3333333333333333,0.6616666666666668,0.3436426116838488,0.18556701030927836,0.5706940874035991,0.2448979591836735,1
3,1,2,0.9278350515463917,0.6836734693877551,0.5555555555555556,0.010000000000000009,0.1993127147766323,0.5927835051546392,0.712082262210797,0.653061224489796,2
2,2,2,0.26804123711340205,0.14540816326530612,0.8888888888888888,0.8600000000000001,0.21649484536082475,0.21649484536082475,0.19794344473007713,0.23129251700680273,1
4,2,1,0.8556701030927835,0.7295918367346939,1.0,0.2583333333333334,0.5223367697594502,0.29896907216494845,0.5706940874035991,0.6394557823129252,2
3,1,1,0.4639175257731959,0.4107142857142857,0.4444444444444445,0.030000000000000027,0.3917525773195876,0.4175257731958763,0.4087403598971722,0.29251700680272114,2
4,2,1,0.9896907216494845,0.5331632653061223,1.0,0.09166666666666667,0.7560137457044673,0.4587628865979381,0.8097686375321338,0.979591836734694,2
2,2,1,0.3711340206185567,0.21938775510204078,0.7777777777777777,0.14833333333333343,0.006872852233676976,0.28865979381443296,0.30591259640102825,0.14965986394557823,2
2,1,2,0.03092783505154639,0.030612244897959183,0.0,0.9800000000000002,0.05154639175257732,0.015463917525773195,0.030848329048843187,0.04081632653061225,1
2,1,1,0.6907216494845361,0.3903061224489796,0.2222222222222222,0.08666666666666667,0.4467353951890034,0.27319587628865977,0.5732647814910027,0.6802721088435375,2
4,2,1,0.9690721649484535,0.760204081632653,0.5555555555555556,0.9500000000000002,0.010309278350515464,0.34536082474226804,0.9742930591259641,0.380952380952381,1
3,2,2,0.27835051546391754,0.15816326530612243,0.8888888888888888,0.8783333333333334,0.2852233676975945,0.03092783505154639,0.2596401028277635,0.217687074829932,1
2,1,2,0.9896907216494845,0.5255102040816326,0.5555555555555556,0.78,0.11683848797250859,0.5257731958762887,0.9845758354755785,0.9115646258503403,1
0,1,2,0.7113402061855669,0.3852040816326531,0.8888888888888888,0.6783333333333335,0.3539518900343642,0.5567010309278351,0.49614395886889456,0.39455782312925175,1
1,2,1,0.7731958762886597,0.47959183673469385,0.4444444444444445,0.09166666666666667,0.38831615120274915,0.25257731958762886,0.5552699228791774,0.44897959183673475,2
3,1,2,0.12371134020618556,0.07653061224489796,0.0,0.5866666666666667,0.003436426116838488,0.10824742268041238,0.08226221079691516,0.1292517006802721,1
3,1,2,0.7835051546391752,0.3979591836734694,0.0,0.6083333333333334,0.49484536082474223,0.04639175257731959,0.6915167095115682,0.3673469387755102,1
5,2,1,0.15463917525773194,0.14540816326530612,0.8888888888888888,0.20000000000000007,0.017182130584192438,0.08247422680412371,0.08740359897172237,0.1564625850340136,2
2,2,2,0.8556701030927835,0.8265306122448979,0.8888888888888888,0.28500000000000003,0.4329896907216495,0.4845360824742268,0.8637532133676094,0.8503401360544218,2
5,2,2,0.17525773195876287,0.18367346938775508,1.0,0.6916666666666667,0.17525773195876287,0.14432989690721648,0.15938303341902316,0.1904761904761905,1
2,2,1,0.6701030927835051,0.38010204081632654,0.4444444444444445,0.6483333333333334,0.0,0.422680412371134,0.37789203084832906,0.46258503401360546,1
3,1,1,0.6907216494845361,0.4107142857142857,0.1111111111111111,0.8116666666666668,0.38144329896907214,0.31443298969072164,0.6709511568123394,0.2585034013605442,1
2,1,2,0.24742268041237112,0.1913265306122449,0.1111111111111111,0.865,0.10652920962199312,0.22164948453608246,0.13881748071979436,0.10204081632653061,1
4,1,1,0.9690721649484535,0.5306122448979591,0.2222222222222222,0.8483333333333334,0.5532646048109966,0.4896907216494845,0.8843187660668381,0.5918367346938775,1
1,2,1,0.6804123711340205,0.4260204081632653,0.0,0.74,0.5326460481099656,0.20103092783505155,0.6015424164524422,0.2380952380952381,1
0,2,2,0.30927835051546393,0.28061224489795916,0.2222222222222222,0.30666666666666675,0.12027491408934708,0.28350515463917525,0.21079691516709514,0.14285714285714288,2
4,2,2,0.27835051546391754,0.2576530612244898,0.2222222222222222,0.6216666666666668,0.17525773195876287,0.08762886597938144,0.2647814910025707,0.11564625850340136,1
3,1,1,0.7938144329896907,0.5331632653061223,0.8888888888888888,0.6583333333333334,0.4742268041237113,0.5463917525773195,0.5526992287917738,0.33333333333333337,1
4,2,1,0.3814432989690722,0.3086734693877551,0.5555555555555556,0.28833333333333333,0.21993127147766323,0.2422680412371134,0.32904884318766064,0.2585034013605442,2
4,1,1,0.4536082474226804,0.2729591836734694,0.0,0.31833333333333336,0.30927835051546393,0.20618556701030927,0.40616966580976865,0.2380952380952381,2
3,2,1,0.05154639175257732,0.03571428571428571,0.3333333333333333,0.7216666666666667,0.041237113402061855,0.041237113402061855,0.053984575835475584,0.034013605442176874,1
0,2,2,0.5154639175257731,0.3903061224489796,1.0,0.22333333333333338,0.4845360824742268,0.29896907216494845,0.45758354755784064,0.3741496598639456,2
3,2,1,0.5876288659793814,0.5178571428571428,0.4444444444444445,0.7950000000000002,0.06529209621993128,0.23711340206185566,0.5372750642673523,0.435374149659864,1
4,1,2,0.7216494845360825,0.47959183673469385,0.1111111111111111,0.79,0.3230240549828179,0.36082474226804123,0.4524421593830334,0.2448979591836735,1
1,2,1,0.8762886597938143,0.6811224489795917,0.4444444444444445,0.6950000000000001,0.8762886597938144,0.44329896907216493,0.442159383033419,0.6190476190476191,1
3,2,1,0.09278350515463918,0.0816326530612245,0.5555555555555556,0.3383333333333334,0.10309278350515463,0.020618556701030927,0.048843187660668384,0.0816326530612245,2
1,1,1,0.3917525773195876,0.27040816326530615,0.6666666666666665,0.4966666666666667,0.12371134020618556,0.3402061855670103,0.34190231362467866,0.29931972789115646,1
2,1,2,0.9896907216494845,0.818877551020408,0.0,0.405,0.831615120274914,0.9020618556701031,0.6529562982005142,0.5238095238095238,1
0,2,1,0.2577319587628866,0.16581632653061223,1.0,0.8266666666666667,0.024054982817869414,0.21649484536082475,0.17223650385604114,0.1292517006802721,1
3,2,1,0.8865979381443299,0.8749999999999999,0.3333333333333333,0.14333333333333342,0.5085910652920962,0.8505154639175257,0.4652956298200514,0.40816326530612246,2
5,2,1,0.3195876288659794,0.1913265306122449,0.7777777777777777,0.5533333333333335,0.2920962199312715,0.02577319587628866,0.17480719794344474,0.33333333333333337,1
1,1,1,0.6907216494845361,0.5892857142857142,0.1111111111111111,0.30166666666666675,0.6426116838487972,0.05670103092783505,0.5938303341902315,0.6938775510204083,1
3,1,1,0.07216494845360825,0.0816326530612245,0.1111111111111111,0.7833333333333334,0.024054982817869414,0.0,0.043701799485861184,0.04081632653061225,2
3,1,1,0.4020618556701031,0.3877551020408163,0.2222222222222222,0.6116666666666668,0.09621993127147765,0.08247422680412371,0.37017994858611825,0.272108843537415,1
3,2,1,0.4639175257731959,0.4387755102040816,0.3333333333333333,0.4750000000000001,0.041237113402061855,0.15979381443298968,0.23907455012853474,0.33333333333333337,1
5,1,1,0.32989690721649484,0.288265306122449,0.7777777777777777,0.29833333333333334,0.3161512027491409,0.29381443298969073,0.2802056555269923,0.163265306122449,2
2,1,2,0.9690721649484535,0.5663265306122448,0.8888888888888888,0.9183333333333334,0.2542955326460481,0.8350515463917526,0.6169665809768639,0.8639455782312926,1
3,2,1,0.7010309278350515,0.40561224489795916,0.2222222222222222,0.13,0.6872852233676976,0.6494845360824743,0.5141388174807199,0.3741496598639456,2
5,1,2,0.5670103092783505,0.32142857142857145,0.8888888888888888,0.8450000000000002,0.140893470790378,0.04639175257731959,0.4704370179948586,0.3741496598639456,1
1,2,1,0.8247422680412371,0.818877551020408,0.8888888888888888,0.885,0.7835051546391752,0.634020618556701,0.4473007712082262,0.5306122448979592,1
2,2,2,0.1958762886597938,0.12244897959183675,0.5555555555555556,0.6233333333333333,0.07560137457044673,0.16494845360824742,0.15681233933161956,0.163265306122449,1
1,2,1,0.8041237113402061,0.7091836734693877,0.8888888888888888,0.7083333333333335,0.06529209621993128,0.6597938144329897,0.5835475578406171,0.5102040816326531,1
2,2,2,0.8041237113402061,0.7397959183673468,0.1111111111111111,0.5,0.5670103092783505,0.6804123711340206,0.7480719794344474,0.44217687074829937,1
0,2,1,0.9484536082474226,0.6811224489795917,0.4444444444444445,0.3933333333333334,0.15120274914089346,0.08762886597938144,0.8611825192802057,0.326530612244898,2
0,1,2,0.845360824742268,0.5178571428571428,0.4444444444444445,0.29500000000000004,0.05154639175257732,0.07731958762886598,0.634961439588689,0.8095238095238095,2
1,2,1,0.17525773195876287,0.11989795918367348,0.2222222222222222,0.43333333333333335,0.034364261168384876,0.0979381443298969,0.15424164524421596,0.09523809523809525,1
0,2,1,0.4123711340206186,0.4107142857142857,1.0,0.39833333333333343,0.32646048109965636,0.10824742268041238,0.2853470437017995,0.2108843537414966,2
5,1,2,0.24742268041237112,0.22448979591836732,0.3333333333333333,0.9200000000000002,0.12714776632302405,0.03608247422680412,0.2570694087403599,0.22448979591836737,1
3,2,2,0.36082474226804123,0.20918367346938774,1.0,0.9216666666666669,0.2852233676975945,0.29381443298969073,0.18508997429305915,0.33333333333333337,1
0,1,2,0.8865979381443299,0.7806122448979591,0.5555555555555556,0.7150000000000001,0.058419243986254296,0.03608247422680412,0.6529562982005142,0.7755102040816327,1
2,2,2,0.1958762886597938,0.11224489795918367,0.0,0.41000000000000003,0.20618556701030927,0.16494845360824742,0.13881748071979436,0.10204081632653061,2
3,1,1,0.07216494845360825,0.05357142857142857,0.4444444444444445,0.31500000000000006,0.027491408934707903,0.0,0.06426735218508997,0.034013605442176874,2
3,1,1,0.9896907216494845,0.895408163265306,0.2222222222222222,0.9483333333333335,0.49484536082474223,0.845360824742268,0.5784061696658098,0.7006802721088435,1
2,2,2,0.8041237113402061,0.5025510204081632,0.0,0.33666666666666667,0.140893470790378,0.1134020618556701,0.8046272493573265,0.6734693877551021,2
0,1,2,0.9896907216494845,0.9821428571428571,0.3333333333333333,0.5866666666666667,0.7972508591065292,0.979381443298969,0.7557840616966581,0.3673469387755102,1
0,2,1,0.010309278350515462,0.020408163265306124,0.3333333333333333,0.8150000000000002,0.013745704467353952,0.005154639175257732,0.012853470437017997,0.0272108843537415,1
4,2,2,0.2577319587628866,0.19897959183673466,0.1111111111111111,0.04166666666666674,0.1718213058419244,0.041237113402061855,0.24678663239074553,0.23129251700680273,1
3,1,1,0.7422680412371133,0.4923469387755102,0.0,0.6933333333333334,0.140893470790378,0.4587628865979381,0.7403598971722366,0.28571428571428575,1
3,1,2,0.9278350515463917,0.8673469387755102,0.8888888888888888,0.3716666666666667,0.8797250859106529,0.20618556701030927,0.7403598971722366,0.5986394557823129,2
5,2,2,0.9587628865979381,0.5586734693877551,1.0,0.08666666666666667,0.8419243986254296,0.0,0.7840616966580978,0.4761904761904762,2
5,1,1,0.3711340206185567,0.3596938775510204,0.0,0.07500000000000007,0.1134020618556701,0.041237113402061855,0.3264781491002571,0.3197278911564626,1
0,1,2,0.8350515463917525,0.4872448979591837,0.8888888888888888,0.5816666666666668,0.0859106529209622,0.8298969072164948,0.6169665809768639,0.7687074829931974,1
2,1,1,0.26804123711340205,0.18112244897959182,0.8888888888888888,0.6100000000000001,0.003436426116838488,0.11855670103092783,0.15424164524421596,0.23129251700680273,1
0,1,2,0.8659793814432989,0.5255102040816326,0.4444444444444445,0.855,0.38831615120274915,0.61340206185567,0.660668380462725,0.326530612244898,1
0,2,2,0.5360824742268041,0.42091836734693877,0.4444444444444445,0.4983333333333334,0.18213058419243985,0.38144329896907214,0.36503856041131105,0.5170068027210885,1
5,1,1,0.4123711340206186,0.23214285714285712,0.2222222222222222,0.6300000000000001,0.16151202749140894,0.28350515463917525,0.24678663239074553,0.38775510204081637,1
5,2,2,0.5154639175257731,0.30357142857142855,1.0,0.3550000000000001,0.46048109965635736,0.10309278350515463,0.4241645244215938,0.3673469387755102,2
5,1,2,0.9484536082474226,0.7040816326530611,0.1111111111111111,0.9500000000000002,0.037800687285223365,0.010309278350515464,0.750642673521851,0.7074829931972789,1
3,1,2,0.8865979381443299,0.5127551020408163,0.3333333333333333,0.30500000000000005,0.10996563573883161,0.5876288659793815,0.7172236503856042,0.8027210884353743,2
1,1,1,0.5876288659793814,0.41836734693877553,0.7777777777777777,0.01333333333333342,0.1993127147766323,0.4536082474226804,0.4832904884318766,0.36054421768707484,2
3,1,1,0.15463917525773194,0.11734693877551021,0.7777777777777777,0.4850000000000001,0.16151202749140894,0.05154639175257732,0.10282776349614396,0.09523809523809525,1
1,2,2,0.7010309278350515,0.5790816326530611,0.4444444444444445,0.9766666666666668,0.48109965635738833,0.19072164948453607,0.6786632390745502,0.2448979591836735,1
4,2,2,0.15463917525773194,0.09438775510204081,0.2222222222222222,0.8816666666666668,0.0,0.08247422680412371,0.12596401028277637,0.11564625850340136,1
0,2,2,0.13402061855670103,0.11734693877551021,0.5555555555555556,0.585,0.054982817869415807,0.14432989690721648,0.11053984575835475,0.054421768707483,1
4,2,2,0.18556701030927833,0.11224489795918367,0.8888888888888888,0.7216666666666667,0.12714776632302405,0.19072164948453607,0.17223650385604114,0.1904761904761905,1
5,1,1,0.3814432989690722,0.3877551020408163,0.5555555555555556,0.22166666666666668,0.32646048109965636,0.27835051546391754,0.19537275064267354,0.3129251700680272,2
1,1,1,0.07216494845360825,0.08418367346938775,0.6666666666666665,0.6883333333333335,0.044673539518900345,0.05154639175257732,0.038560411311053984,0.0816326530612245,1
1,1,2,0.6907216494845361,0.5663265306122448,0.8888888888888888,0.17166666666666675,0.027491408934707903,0.4329896907216495,0.4267352185089974,0.4285714285714286,2
0,1,1,0.26804123711340205,0.1913265306122449,0.4444444444444445,0.17500000000000004,0.26804123711340205,0.12886597938144329,0.17480719794344474,0.23129251700680273,2
3,1,1,0.6804123711340205,0.49999999999999994,0.4444444444444445,0.3600000000000001,0.549828178694158,0.30927835051546393,0.660668380462725,0.5782312925170069,2
4,2,1,0.04123711340206185,0.038265306122448974,0.3333333333333333,0.19500000000000006,0.058419243986254296,0.03608247422680412,0.038560411311053984,0.054421768707483,2
1,2,2,0.4639175257731959,0.3494897959183674,0.2222222222222222,0.28,0.38831615120274915,0.09278350515463918,0.2647814910025707,0.3129251700680272,2
5,1,1,0.288659793814433,0.29336734693877553,0.4444444444444445,0.6200000000000001,0.29896907216494845,0.18556701030927836,0.2442159383033419,0.27891156462585037,1
5,2,2,0.3917525773195876,0.3469387755102041,0.2222222222222222,0.3833333333333334,0.20618556701030927,0.28865979381443296,0.31362467866323906,0.40816326530612246,2
1,2,1,0.29896907216494845,0.28061224489795916,0.6666666666666665,0.8733333333333335,0.12714776632302405,0.30927835051546393,0.2750642673521851,0.29931972789115646,1
1,2,1,0.7731958762886597,0.6428571428571428,0.5555555555555556,0.41500000000000004,0.6219931271477663,0.5463917525773195,0.519280205655527,0.4761904761904762,2
5,2,1,0.422680412371134,0.22959183673469385,0.4444444444444445,0.25,0.07216494845360824,0.34536082474226804,0.2493573264781491,0.27891156462585037,2
1,1,1,0.5773195876288659,0.4897959183673469,1.0,0.21833333333333338,0.4742268041237113,0.25773195876288657,0.39331619537275064,0.22448979591836737,2
3,1,1,0.3505154639175258,0.2653061224489796,0.7777777777777777,0.020000000000000018,0.07903780068728522,0.08247422680412371,0.32904884318766064,0.35374149659863946,2
0,2,1,0.27835051546391754,0.18622448979591835,0.3333333333333333,0.033333333333333326,0.274914089347079,0.28865979381443296,0.23907455012853474,0.2108843537414966,2
0,1,2,0.8865979381443299,0.5076530612244897,0.1111111111111111,0.22166666666666668,0.549828178694158,0.21649484536082475,0.776349614395887,0.8435374149659864,2
1,2,1,0.010309278350515462,0.017857142857142856,0.4444444444444445,0.21833333333333338,0.013745704467353952,0.02577319587628866,0.015424164524421594,0.006802721088435375,2
5,2,1,0.8659793814432989,0.7295918367346939,0.3333333333333333,0.3600000000000001,0.3402061855670103,0.09278350515463918,0.7686375321336761,0.46258503401360546,2
2,2,1,0.3402061855670103,0.29846938775510207,0.6666666666666665,0.29333333333333333,0.037800687285223365,0.35051546391752575,0.3110539845758355,0.19727891156462588,2
5,1,2,0.061855670103092786,0.05867346938775509,0.2222222222222222,0.43333333333333335,0.003436426116838488,0.010309278350515464,0.06940874035989716,0.06802721088435375,1
2,1,2,0.8041237113402061,0.6836734693877551,0.5555555555555556,0.6233333333333333,0.49484536082474223,0.020618556701030927,0.6426735218508998,0.435374149659864,1
0,2,1,0.9999999999999999,0.9668367346938774,0.2222222222222222,0.45500000000000007,0.5910652920962199,0.5154639175257731,0.5089974293059126,0.40136054421768713,1
2,2,2,0.3195876288659794,0.1607142857142857,0.2222222222222222,0.05166666666666675,0.21649484536082475,0.10309278350515463,0.22107969151670953,0.1836734693877551,2
4,1,1,0.18556701030927833,0.16326530612244897,0.5555555555555556,0.5550000000000002,0.003436426116838488,0.041237113402061855,0.11568123393316196,0.1360544217687075,1
3,2,2,0.4845360824742268,0.32142857142857145,0.8888888888888888,0.9616666666666667,0.06185567010309278,0.36082474226804123,0.4524421593830334,0.22448979591836737,1
5,2,1,0.9278350515463917,0.5943877551020408,0.5555555555555556,0.5933333333333335,0.04810996563573883,0.5773195876288659,0.9280205655526993,0.33333333333333337,1
0,2,2,0.7525773195876289,0.45663265306122447,0.2222222222222222,0.8033333333333335,0.2542955326460481,0.6185567010309279,0.5012853470437019,0.27891156462585037,1
5,2,2,0.9072164948453607,0.7397959183673468,0.1111111111111111,0.385,0.35738831615120276,0.4896907216494845,0.9048843187660669,0.39455782312925175,1
3,2,2,0.12371134020618556,0.09693877551020408,0.3333333333333333,0.2583333333333334,0.10309278350515463,0.07216494845360824,0.06683804627249357,0.14285714285714288,2
3,1,2,0.9690721649484535,0.49999999999999994,0.6666666666666665,0.2533333333333334,0.14432989690721648,0.8350515463917526,0.724935732647815,0.44897959183673475,2
2,1,2,0.845360824742268,0.8392857142857142,0.6666666666666665,0.29000000000000004,0.6735395189003436,0.7731958762886598,0.6452442159383034,0.7823129251700681,2
3,2,2,0.6391752577319587,0.6147959183673468,0.1111111111111111,0.30500000000000005,0.26804123711340205,0.12371134020618556,0.4832904884318766,0.30612244897959184,1
4,1,2,0.5876288659793814,0.42091836734693877,0.3333333333333333,0.30166666666666675,0.23711340206185566,0.5876288659793815,0.49357326478149105,0.22448979591836737,2
2,1,1,0.20618556701030927,0.12244897959183675,1.0,0.9316666666666669,0.13058419243986255,0.06185567010309278,0.15681233933161956,0.2108843537414966,1
4,1,1,0.556701030927835,0.3520408163265306,0.6666666666666665,0.6600000000000001,0.30927835051546393,0.4742268041237113,0.41645244215938304,0.46258503401360546,1
4,2,2,0.9896907216494845,0.7244897959183673,0.2222222222222222,0.7966666666666669,0.570446735395189,0.38144329896907214,0.7557840616966581,0.7551020408163266,1
4,1,2,0.4329896907216495,0.3647959183673469,0.1111111111111111,0.33166666666666667,0.044673539518900345,0.33505154639175255,0.40616966580976865,0.38775510204081637,1
2,2,1,0.22680412371134018,0.11734693877551021,0.1111111111111111,0.9800000000000002,0.21993127147766323,0.22164948453608246,0.12339331619537276,0.23129251700680273,1
1,1,2,0.4329896907216495,0.26785714285714285,0.5555555555555556,0.6233333333333333,0.32989690721649484,0.13917525773195877,0.43444730077120824,0.36054421768707484,1
4,1,2,0.36082474226804123,0.32908163265306123,0.1111111111111111,0.8366666666666667,0.3367697594501718,0.12371134020618556,0.31362467866323906,0.29251700680272114,1
4,2,1,0.21649484536082472,0.1913265306122449,0.3333333333333333,0.4,0.05154639175257732,0.17525773195876287,0.11311053984575835,0.1904761904761905,2
4,1,1,0.5876288659793814,0.4923469387755102,0.3333333333333333,0.7100000000000002,0.5979381443298969,0.35051546391752575,0.5089974293059126,0.54421768707483,1
4,2,1,0.6391752577319587,0.5918367346938774,0.0,0.30833333333333335,0.2508591065292096,0.13917525773195877,0.5989717223650386,0.2653061224489796,1
4,1,1,0.4845360824742268,0.42857142857142855,0.2222222222222222,0.52,0.044673539518900345,0.36082474226804123,0.49357326478149105,0.34013605442176875,1
3,2,1,0.9587628865979381,0.6096938775510203,0.3333333333333333,0.9650000000000001,0.10652920962199312,0.8865979381443299,0.6709511568123394,0.8639455782312926,1
2,2,2,0.5670103092783505,0.4107142857142857,0.5555555555555556,0.6800000000000002,0.12714776632302405,0.041237113402061855,0.37789203084832906,0.29931972789115646,1
2,2,1,0.2577319587628866,0.1377551020408163,0.3333333333333333,0.9166666666666667,0.12027491408934708,0.25773195876288657,0.2622107969151671,0.2653061224489796,1
2,2,1,0.3814432989690722,0.28061224489795916,0.5555555555555556,0.3600000000000001,0.10652920962199312,0.0,0.2596401028277635,0.3129251700680272,2
0,2,2,0.7835051546391752,0.7270408163265305,0.5555555555555556,0.275,0.16151202749140894,0.3865979381443299,0.7326478149100257,0.5034013605442177,2
0,1,2,0.09278350515463918,0.07397959183673469,1.0,0.6933333333333334,0.06185567010309278,0.07216494845360824,0.08483290488431876,0.10204081632653061,1
4,2,2,0.0,0.007653061224489796,0.4444444444444445,0.17333333333333334,0.0,0.005154639175257732,0.0025706940874035992,0.0,2
0,2,1,0.4639175257731959,0.2627551020408163,1.0,0.3533333333333334,0.28865979381443296,0.20618556701030927,0.30848329048843187,0.4761904761904762,2
3,2,1,0.8247422680412371,0.5178571428571428,0.4444444444444445,0.2350000000000001,0.5532646048109966,0.5876288659793815,0.7403598971722366,0.41496598639455784,2
2,2,1,0.4536082474226804,0.461734693877551,0.0,0.42500000000000004,0.2646048109965636,0.12371134020618556,0.35732647814910024,0.28571428571428575,1
5,2,2,0.16494845360824742,0.17091836734693877,0.8888888888888888,0.2766666666666667,0.08934707903780069,0.10824742268041238,0.14652956298200515,0.1292517006802721,2
3,1,1,0.30927835051546393,0.211734693877551,0.0,0.21166666666666667,0.13402061855670103,0.09278350515463918,0.17480719794344474,0.3197278911564626,2
4,2,1,0.5463917525773195,0.5025510204081632,0.6666666666666665,0.4883333333333334,0.5189003436426116,0.13917525773195877,0.5038560411311055,0.33333333333333337,1
3,1,2,0.7938144329896907,0.45918367346938777,0.4444444444444445,0.7183333333333335,0.14432989690721648,0.17525773195876287,0.5629820051413882,0.5714285714285715,1
1,1,1,0.3917525773195876,0.24999999999999997,0.7777777777777777,0.2516666666666667,0.24054982817869416,0.20103092783505155,0.35989717223650386,0.2653061224489796,2
3,2,1,0.6804123711340205,0.423469387755102,0.8888888888888888,0.5466666666666666,0.12371134020618556,0.04639175257731959,0.39331619537275064,0.33333333333333337,1
1,2,2,0.2577319587628866,0.23214285714285712,0.8888888888888888,0.6733333333333333,0.18213058419243985,0.11855670103092783,0.15681233933161956,0.163265306122449,1
2,2,2,0.6804123711340205,0.5918367346938774,0.5555555555555556,0.06833333333333336,0.6632302405498282,0.6082474226804123,0.35989717223650386,0.5782312925170069,2
5,1,2,0.8659793814432989,0.5280612244897959,0.3333333333333333,0.275,0.4020618556701031,0.768041237113402,0.49357326478149105,0.6734693877551021,2
4,1,2,0.8041237113402061,0.760204081632653,0.1111111111111111,0.21833333333333338,0.40893470790378006,0.711340206185567,0.4755784061696658,0.7823129251700681,1
1,1,1,0.36082474226804123,0.3137755102040816,0.4444444444444445,0.20666666666666667,0.18556701030927836,0.05670103092783505,0.35732647814910024,0.29931972789115646,2
0,1,2,0.24742268041237112,0.12244897959183675,0.6666666666666665,0.6300000000000001,0.017182130584192438,0.06185567010309278,0.14652956298200515,0.2108843537414966,1
4,1,2,0.4123711340206186,0.42091836734693877,0.2222222222222222,0.135,0.32989690721649484,0.1958762886597938,0.37275064267352187,0.40136054421768713,2
5,1,1,0.8041237113402061,0.7066326530612245,0.4444444444444445,0.2483333333333334,0.6357388316151202,0.07731958762886598,0.43958868894601544,0.2653061224489796,2
1,2,2,0.7113402061855669,0.5918367346938774,0.5555555555555556,0.78,0.21993127147766323,0.6237113402061856,0.5681233933161954,0.49659863945578236,1
0,2,2,0.18556701030927833,0.17091836734693877,0.2222222222222222,0.6100000000000001,0.0,0.06185567010309278,0.10282776349614396,0.09523809523809525,2
4,2,1,0.5773195876288659,0.33163265306122447,0.6666666666666665,0.7366666666666668,0.5532646048109966,0.47938144329896903,0.41131105398457585,0.4761904761904762,1
3,2,1,0.6701030927835051,0.39540816326530615,0.1111111111111111,0.2416666666666667,0.36082474226804123,0.3917525773195876,0.35475578406169667,0.6190476190476191,2
2,1,2,0.7319587628865979,0.7244897959183673,0.6666666666666665,0.5566666666666666,0.2027491408934708,0.1958762886597938,0.5372750642673523,0.7346938775510204,1
4,2,2,0.3195876288659794,0.23979591836734693,0.6666666666666665,0.8033333333333335,0.0859106529209622,0.0,0.2596401028277635,0.14965986394557823,1
0,1,2,0.288659793814433,0.17091836734693877,0.4444444444444445,0.8016666666666667,0.24742268041237112,0.03092783505154639,0.2930591259640103,0.1836734693877551,1
4,2,2,0.7938144329896907,0.43112244897959184,0.6666666666666665,0.030000000000000027,0.4879725085910653,0.4896907216494845,0.5886889460154242,0.6122448979591837,2
5,2,2,0.7628865979381443,0.6071428571428571,0.8888888888888888,0.7016666666666667,0.7525773195876289,0.5927835051546392,0.5809768637532134,0.489795918367347,1
5,2,2,0.36082474226804123,0.2423469387755102,0.1111111111111111,0.43833333333333335,0.32646048109965636,0.26288659793814434,0.2802056555269923,0.20408163265306123,1
2,2,2,0.845360824742268,0.6632653061224489,0.1111111111111111,0.19833333333333336,0.7869415807560137,0.4072164948453608,0.7429305912596402,0.4217687074829932,1
0,1,1,0.8247422680412371,0.5229591836734693,0.6666666666666665,0.12,0.13058419243986255,0.005154639175257732,0.6632390745501286,0.35374149659863946,2
0,2,2,0.27835051546391754,0.2346938775510204,0.8888888888888888,0.9750000000000001,0.14776632302405499,0.11855670103092783,0.15938303341902316,0.2380952380952381,1
1,2,1,0.9999999999999999,0.971938775510204,0.5555555555555556,0.4933333333333334,0.3436426116838488,0.47938144329896903,0.9305912596401029,0.46258503401360546,1
0,1,2,0.4329896907216495,0.3520408163265306,0.0,0.08166666666666667,0.1134020618556701,0.06701030927835051,0.21850899742930593,0.4217687074829932,1
1,2,1,0.9072164948453607,0.8137755102040816,0.7777777777777777,0.28,0.15463917525773196,0.845360824742268,0.7275064267352186,0.7414965986394558,2
3,2,1,0.6804123711340205,0.6785714285714285,0.7777777777777777,0.8633333333333335,0.5051546391752577,0.5360824742268041,0.6683804627249358,0.49659863945578236,1
2,2,2,0.8762886597938143,0.7066326530612245,0.5555555555555556,0.405,0.5807560137457044,0.30927835051546393,0.5809768637532134,0.45578231292517013,2
3,1,2,0.9484536082474226,0.5510204081632653,0.7777777777777777,0.6416666666666668,0.27835051546391754,0.28865979381443296,0.8791773778920309,0.34013605442176875,1
3,2,1,0.5979381443298969,0.3112244897959184,0.8888888888888888,0.9183333333333334,0.5017182130584192,0.25773195876288657,0.4241645244215938,0.34013605442176875,1
1,2,1,0.9484536082474226,0.7525510204081632,0.4444444444444445,0.1283333333333334,0.8281786941580755,0.9536082474226804,0.7866323907455014,0.7959183673469389,2
0,2,1,0.08247422680412371,0.09438775510204081,0.4444444444444445,0.5333333333333334,0.08247422680412371,0.06701030927835051,0.08740359897172237,0.07482993197278912,1
3,1,1,0.07216494845360825,0.0510204081632653,1.0,0.5183333333333333,0.020618556701030927,0.07731958762886598,0.04113110539845759,0.034013605442176874,1
4,2,2,0.1958762886597938,0.18877551020408162,0.1111111111111111,0.7783333333333333,0.041237113402061855,0.08762886597938144,0.16966580976863754,0.08843537414965986,1
5,1,1,0.09278350515463918,0.07397959183673469,1.0,0.4866666666666667,0.10996563573883161,0.03608247422680412,0.08226221079691516,0.034013605442176874,1
0,1,1,0.04123711340206185,0.0510204081632653,0.1111111111111111,0.03166666666666673,0.054982817869415807,0.041237113402061855,0.05141388174807198,0.04761904761904762,1
4,2,1,0.9278350515463917,0.6428571428571428,0.4444444444444445,1.0,0.3230240549828179,0.5412371134020618,0.6966580976863754,0.870748299319728,1
2,2,1,0.3505154639175258,0.31887755102040816,0.8888888888888888,0.8566666666666667,0.29553264604810997,0.211340206185567,0.2570694087403599,0.27891156462585037,1
5,2,1,0.1134020618556701,0.11989795918367348,0.4444444444444445,0.7583333333333333,0.07216494845360824,0.1134020618556701,0.11568123393316196,0.1292517006802721,1
5,1,1,0.7731958762886597,0.42091836734693877,1.0,0.4733333333333334,0.29553264604810997,0.24742268041237112,0.5938303341902315,0.54421768707483,1
4,1,1,0.9587628865979381,0.5918367346938774,0.6666666666666665,0.13333333333333341,0.7869415807560137,0.34536082474226804,0.6375321336760926,0.49659863945578236,2
2,2,1,0.49484536082474223,0.4413265306122449,1.0,0.275,0.21305841924398625,0.26804123711340205,0.41645244215938304,0.35374149659863946,2
0,2,2,0.03092783505154639,0.038265306122448974,0.0,0.385,0.044673539518900345,0.02577319587628866,0.04113110539845759,0.04761904761904762,1
1,1,1,0.8350515463917525,0.8112244897959183,0.7777777777777777,0.8566666666666667,0.6357388316151202,0.13917525773195877,0.7352185089974294,0.5102040816326531,1
0,1,2,0.5257731958762886,0.4489795918367347,0.2222222222222222,0.6300000000000001,0.16151202749140894,0.20103092783505155,0.36246786632390743,0.2448979591836735,1
2,2,1,0.9381443298969071,0.7321428571428571,0.5555555555555556,0.5916666666666668,0.27147766323024053,0.35051546391752575,0.7609254498714654,0.33333333333333337,1
3,2,2,0.21649484536082472,0.18112244897959182,0.0,0.6366666666666667,0.2233676975945017,0.12371134020618556,0.18766066838046275,0.14285714285714288,1
1,2,2,0.020618556701030927,0.025510204081632647,0.2222222222222222,0.6583333333333334,0.006872852233676976,0.02577319587628866,0.012853470437017997,0.006802721088435375,1
3,2,2,0.30927835051546393,0.26785714285714285,0.1111111111111111,0.8883333333333334,0.08934707903780069,0.05154639175257732,0.21593830334190234,0.17687074829931973,1
5,2,1,0.9484536082474226,0.8928571428571428,0.7777777777777777,0.0033333333333334103,0.140893470790378,0.6443298969072164,0.9434447300771209,0.8775510204081634,2
1,1,2,0.21649484536082472,0.1607142857142857,0.0,0.09500000000000008,0.2027491408934708,0.010309278350515464,0.14652956298200515,0.14965986394557823,2
5,2,2,0.422680412371134,0.3622448979591837,0.5555555555555556,0.0033333333333334103,0.42955326460481097,0.22164948453608246,0.31362467866323906,0.34693877551020413,2
0,1,1,0.6185567010309277,0.5637755102040816,0.8888888888888888,0.9550000000000001,0.5395189003436426,0.3402061855670103,0.39845758354755784,0.5578231292517007,1
0,2,1,0.7216494845360825,0.4974489795918367,0.5555555555555556,0.5966666666666667,0.436426116838488,0.4175257731958763,0.634961439588689,0.49659863945578236,1
5,1,1,0.22680412371134018,0.21428571428571427,0.8888888888888888,0.9616666666666667,0.09621993127147765,0.14948453608247422,0.17480719794344474,0.07482993197278912,1
3,2,2,0.27835051546391754,0.1530612244897959,0.3333333333333333,0.5800000000000001,0.11683848797250859,0.17525773195876287,0.18766066838046275,0.09523809523809525,1
1,1,2,0.12371134020618556,0.12499999999999999,0.5555555555555556,0.7166666666666668,0.09965635738831614,0.0,0.08740359897172237,0.04761904761904762,1
4,2,1,0.20618556701030927,0.20153061224489793,0.6666666666666665,0.7283333333333335,0.1993127147766323,0.14432989690721648,0.20308483290488433,0.09523809523809525,1
2,1,1,0.061855670103092786,0.07397959183673469,0.4444444444444445,0.4733333333333334,0.0,0.010309278350515464,0.04627249357326478,0.04761904761904762,2
0,1,2,0.04123711340206185,0.03571428571428571,0.0,0.5350000000000001,0.013745704467353952,0.020618556701030927,0.043701799485861184,0.01360544217687075,1
4,1,1,0.05154639175257732,0.06122448979591836,0.7777777777777777,0.4716666666666667,0.037800687285223365,0.06185567010309278,0.02827763496143959,0.020408163265306124,1
2,2,2,0.845360824742268,0.6530612244897959,0.7777777777777777,0.5350000000000001,0.29553264604810997,0.6907216494845361,0.853470437017995,0.28571428571428575,1
2,2,2,0.7113402061855669,0.5408163265306122,0.7777777777777777,0.5166666666666668,0.1993127147766323,0.6237113402061856,0.35732647814910024,0.6326530612244898,1
4,1,2,0.5360824742268041,0.39285714285714285,0.8888888888888888,0.2533333333333334,0.47079037800687284,0.13402061855670103,0.41645244215938304,0.44897959183673475,2
5,1,2,0.36082474226804123,0.17857142857142855,0.8888888888888888,0.06500000000000006,0.31958762886597936,0.005154639175257732,0.3496143958868895,0.36054421768707484,2
3,1,1,0.5154639175257731,0.38010204081632654,0.7777777777777777,0.5833333333333335,0.044673539518900345,0.29381443298969073,0.3393316195372751,0.27891156462585037,1
4,2,1,0.0,0.01020408163265306,0.4444444444444445,0.6200000000000001,0.006872852233676976,0.010309278350515464,0.0,0.020408163265306124,1
3,1,2,0.03092783505154639,0.017857142857142856,1.0,0.3350000000000001,0.027491408934707903,0.041237113402061855,0.015424164524421594,0.01360544217687075,2
2,2,1,0.16494845360824742,0.1377551020408163,0.1111111111111111,0.8483333333333334,0.041237113402061855,0.0979381443298969,0.15424164524421596,0.163265306122449,1
5,1,1,0.9278350515463917,0.7423469387755102,0.3333333333333333,0.030000000000000027,0.6185567010309279,0.30412371134020616,0.8611825192802057,0.3673469387755102,2
4,2,2,0.07216494845360825,0.07653061224489796,0.4444444444444445,0.5816666666666668,0.0,0.020618556701030927,0.038560411311053984,0.0816326530612245,1
3,2,2,0.7525773195876289,0.7142857142857142,0.5555555555555556,0.11166666666666669,0.3161512027491409,0.5824742268041236,0.5758354755784062,0.4761904761904762,2
5,2,2,0.288659793814433,0.29336734693877553,0.2222222222222222,0.9116666666666668,0.281786941580756,0.1134020618556701,0.17480719794344474,0.1564625850340136,1
5,1,2,0.7113402061855669,0.4744897959183673,0.5555555555555556,0.10000000000000009,0.3676975945017182,0.05670103092783505,0.5012853470437019,0.5782312925170069,2
1,1,1,0.3402061855670103,0.17602040816326528,0.0,0.9416666666666667,0.140893470790378,0.16494845360824742,0.2982005141388175,0.28571428571428575,1
4,2,2,0.4845360824742268,0.4719387755102041,0.7777777777777777,0.9666666666666668,0.14432989690721648,0.2422680412371134,0.33161953727506427,0.17687074829931973,1
1,1,2,0.4020618556701031,0.20663265306122447,1.0,0.5133333333333334,0.04810996563573883,0.41237113402061853,0.2493573264781491,0.29931972789115646,1
0,1,1,0.061855670103092786,0.04591836734693877,0.2222222222222222,0.7666666666666668,0.010309278350515464,0.005154639175257732,0.03341902313624679,0.04081632653061225,1
3,1,1,0.15463917525773194,0.1096938775510204,0.5555555555555556,0.14166666666666672,0.05154639175257732,0.06701030927835051,0.12596401028277637,0.11564625850340136,2
0,1,1,0.6082474226804123,0.586734693877551,0.5555555555555556,0.29666666666666675,0.13058419243986255,0.11855670103092783,0.4473007712082262,0.33333333333333337,2
1,1,1,0.1958762886597938,0.18877551020408162,0.7777777777777777,0.04500000000000004,0.1718213058419244,0.02577319587628866,0.11311053984575835,0.1564625850340136,2
0,1,2,0.29896907216494845,0.22959183673469385,0.2222222222222222,0.605,0.044673539518900345,0.07216494845360824,0.20051413881748073,0.2585034013605442,1
2,2,1,0.15463917525773194,0.0816326530612245,1.0,0.655,0.07560137457044673,0.07216494845360824,0.11568123393316196,0.11564625850340136,1
3,1,2,0.15463917525773194,0.1301020408163265,0.2222222222222222,0.6833333333333333,0.16494845360824742,0.03608247422680412,0.14138817480719795,0.11564625850340136,1
4,2,1,0.3917525773195876,0.3622448979591837,0.2222222222222222,0.685,0.08247422680412371,0.29381443298969073,0.27249357326478146,0.27891156462585037,1
5,1,2,0.556701030927835,0.461734693877551,0.3333333333333333,0.14333333333333342,0.38831615120274915,0.34536082474226804,0.2827763496143959,0.380952380952381,2
4,1,1,0.3814432989690722,0.29591836734693877,0.4444444444444445,0.925,0.35051546391752575,0.20618556701030927,0.2544987146529563,0.1904761904761905,1
4,1,1,0.6082474226804123,0.3826530612244898,0.6666666666666665,0.45500000000000007,0.037800687285223365,0.5103092783505154,0.33419023136246784,0.5714285714285715,1
0,1,1,0.09278350515463918,0.06377551020408163,0.8888888888888888,0.21833333333333338,0.017182130584192438,0.015463917525773195,0.10282776349614396,0.09523809523809525,2
2,1,2,0.5463917525773195,0.36989795918367346,0.3333333333333333,0.10666666666666669,0.4467353951890034,0.23195876288659792,0.3161953727506427,0.30612244897959184,2
4,1,1,0.09278350515463918,0.08418367346938775,0.6666666666666665,0.685,0.0859106529209622,0.02577319587628866,0.08483290488431876,0.04081632653061225,1
4,2,1,0.020618556701030927,0.01530612244897959,1.0,0.7850000000000001,0.034364261168384876,0.02577319587628866,0.03341902313624679,0.034013605442176874,1
3,1,2,0.9278350515463917,0.9209183673469387,0.8888888888888888,0.615,0.10652920962199312,0.654639175257732,0.7866323907455014,0.8367346938775511,1
4,2,1,0.9381443298969071,0.693877551020408,0.8888888888888888,0.06333333333333335,0.7388316151202748,0.02577319587628866,0.8894601542416454,0.44897959183673475,2
1,1,2,0.09278350515463918,0.0816326530612245,0.3333333333333333,0.43666666666666676,0.07903780068728522,0.06185567010309278,0.07455012853470437,0.034013605442176874,1
3,2,2,0.556701030927835,0.46938775510204084,0.0,0.7816666666666667,0.274914089347079,0.422680412371134,0.4370179948586118,0.326530612244898,1
0,1,1,0.6288659793814433,0.5408163265306122,0.3333333333333333,0.5483333333333333,0.020618556701030927,0.17525773195876287,0.557840616966581,0.35374149659863946,1
3,1,2,0.8865979381443299,0.45408163265306123,0.2222222222222222,0.665,0.21993127147766323,0.10824742268041238,0.46786632390745503,0.6394557823129252,1
0,2,2,0.845360824742268,0.5229591836734693,1.0,0.4833333333333334,0.17525773195876287,0.4587628865979381,0.8174807197943446,0.7346938775510204,1
3,1,1,0.14432989690721648,0.1377551020408163,0.1111111111111111,0.6783333333333335,0.1134020618556701,0.13917525773195877,0.15167095115681237,0.1564625850340136,1
3,2,1,0.44329896907216493,0.28316326530612246,0.3333333333333333,0.15166666666666673,0.2920962199312715,0.35051546391752575,0.24678663239074553,0.30612244897959184,2
5,2,2,0.6494845360824741,0.4642857142857143,0.1111111111111111,0.9850000000000001,0.46735395189003437,0.17010309278350516,0.5989717223650386,0.4829931972789116,1
3,1,1,0.9587628865979381,0.5178571428571428,0.0,0.7183333333333335,0.46048109965635736,0.1958762886597938,0.5244215938303343,0.6258503401360545,1
3,2,2,0.4639175257731959,0.41836734693877553,0.5555555555555556,0.7916666666666667,0.1374570446735395,0.08762886597938144,0.4370179948586118,0.2380952380952381,1
5,1,1,0.9690721649484535,0.818877551020408,0.0,0.9950000000000001,0.12027491408934708,0.7938144329896907,0.6812339331619538,0.4217687074829932,1
5,1,2,0.8041237113402061,0.673469387755102,1.0,0.8233333333333335,0.274914089347079,0.7577319587628866,0.7609254498714654,0.5306122448979592,1
2,1,2,0.7731958762886597,0.41836734693877553,0.2222222222222222,0.42500000000000004,0.44329896907216493,0.14948453608247422,0.45758354755784064,0.5782312925170069,1
1,2,1,0.3505154639175258,0.25510204081632654,0.5555555555555556,0.3933333333333334,0.23367697594501718,0.02577319587628866,0.30591259640102825,0.1836734693877551,2
2,2,2,0.05154639175257732,0.03571428571428571,0.4444444444444445,0.8983333333333334,0.003436426116838488,0.03608247422680412,0.043701799485861184,0.06122448979591837,1
0,1,1,0.12371134020618556,0.12244897959183675,0.2222222222222222,0.9833333333333334,0.140893470790378,0.0979381443298969,0.12596401028277637,0.1292517006802721,1
1,1,1,0.8659793814432989,0.7040816326530611,1.0,0.19166666666666676,0.41924398625429554,0.7628865979381443,0.6889460154241646,0.5374149659863946,2
4,1,2,0.4639175257731959,0.39285714285714285,0.1111111111111111,0.9466666666666668,0.1134020618556701,0.12886597938144329,0.34704370179948585,0.326530612244898,1
3,1,1,0.27835051546391754,0.14030612244897958,0.5555555555555556,0.08833333333333337,0.28865979381443296,0.13402061855670103,0.2519280205655527,0.2108843537414966,2
4,2,2,0.9072164948453607,0.7321428571428571,0.7777777777777777,0.4833333333333334,0.15807560137457044,0.8041237113402062,0.7429305912596402,0.8367346938775511,1
5,1,1,0.03092783505154639,0.01530612244897959,0.8888888888888888,0.53,0.04810996563573883,0.03092783505154639,0.023136246786632394,0.0272108843537415,1
2,2,1,0.05154639175257732,0.03571428571428571,0.4444444444444445,0.39833333333333343,0.04810996563573883,0.05154639175257732,0.04113110539845759,0.06122448979591837,2
0,1,2,0.6804123711340205,0.6811224489795917,0.1111111111111111,0.21500000000000008,0.5876288659793815,0.3917525773195876,0.5424164524421594,0.6394557823129252,1
2,1,2,0.16494845360824742,0.11224489795918367,0.3333333333333333,0.8200000000000001,0.15463917525773196,0.06185567010309278,0.09768637532133675,0.14965986394557823,1
0,2,2,0.5979381443298969,0.3086734693877551,0.0,0.5133333333333334,0.10309278350515463,0.10824742268041238,0.4524421593830334,0.46258503401360546,1
4,1,1,0.5360824742268041,0.5408163265306122,0.6666666666666665,0.42500000000000004,0.14776632302405499,0.07731958762886598,0.35989717223650386,0.5102040816326531,1
5,1,1,0.845360824742268,0.4387755102040816,0.5555555555555556,0.5333333333333334,0.5257731958762887,0.7010309278350515,0.660668380462725,0.39455782312925175,1
0,1,2,0.7422680412371133,0.5255102040816326,0.2222222222222222,0.5583333333333333,0.5360824742268041,0.7216494845360825,0.532133676092545,0.489795918367347,1
2,1,2,0.30927835051546393,0.3112244897959184,0.4444444444444445,0.2616666666666667,0.20962199312714777,0.10309278350515463,0.20308483290488433,0.29251700680272114,2
1,1,1,0.5360824742268041,0.5382653061224489,0.3333333333333333,0.08333333333333337,0.08934707903780069,0.05154639175257732,0.4987146529562982,0.46258503401360546,2
5,1,1,0.08247422680412371,0.05612244897959184,0.6666666666666665,0.9750000000000001,0.07560137457044673,0.005154639175257732,0.05141388174807198,0.07482993197278912,1
0,1,2,0.4329896907216495,0.3673469387755102,0.7777777777777777,0.5633333333333335,0.1374570446735395,0.13917525773195877,0.36246786632390743,0.1836734693877551,1
1,1,1,0.3711340206185567,0.2602040816326531,0.5555555555555556,0.6833333333333333,0.06185567010309278,0.31958762886597936,0.31362467866323906,0.17006802721088438,1
3,2,1,0.6082474226804123,0.5255102040816326,0.8888888888888888,0.28333333333333344,0.017182130584192438,0.4381443298969072,0.455012853470437,0.5102040816326531,2
5,2,1,0.5463917525773195,0.4336734693877551,0.7777777777777777,0.9566666666666668,0.034364261168384876,0.14948453608247422,0.3444730077120823,0.5374149659863946,1
5,2,1,0.03092783505154639,0.038265306122448974,0.8888888888888888,0.18500000000000005,0.034364261168384876,0.02577319587628866,0.025706940874035994,0.01360544217687075,2
0,2,1,0.010309278350515462,0.020408163265306124,0.0,0.30333333333333334,0.006872852233676976,0.005154639175257732,0.020565552699228794,0.0272108843537415,1
1,1,1,0.6185567010309277,0.423469387755102,0.0,0.16000000000000003,0.3642611683848797,0.3865979381443299,0.6015424164524422,0.5170068027210885,2
0,2,2,0.010309278350515462,0.01530612244897959,1.0,0.22666666666666668,0.0,0.020618556701030927,0.007712082262210798,0.01360544217687075,2
0,2,1,0.6907216494845361,0.5561224489795917,1.0,0.0050000000000000044,0.46735395189003437,0.23711340206185566,0.557840616966581,0.46938775510204084,2
4,1,2,0.36082474226804123,0.28316326530612246,0.5555555555555556,0.7133333333333334,0.14432989690721648,0.29896907216494845,0.17994858611825196,0.1564625850340136,1
3,2,1,0.8865979381443299,0.721938775510204,0.4444444444444445,0.7916666666666667,0.17869415807560138,0.25773195876288657,0.8149100257069409,0.653061224489796,1
5,1,1,0.8247422680412371,0.5918367346938774,0.5555555555555556,0.17000000000000004,0.5189003436426116,0.07731958762886598,0.6169665809768639,0.39455782312925175,2
1,2,1,0.9278350515463917,0.7959183673469387,0.8888888888888888,0.6633333333333333,0.18213058419243985,0.31443298969072164,0.5167095115681235,0.5646258503401361,1
0,2,2,0.22680412371134018,0.1913265306122449,0.6666666666666665,0.6083333333333334,0.17869415807560138,0.14948453608247422,0.15167095115681237,0.19727891156462588,1
4,2,2,0.4020618556701031,0.336734693877551,0.8888888888888888,0.31666666666666676,0.16151202749140894,0.31958762886597936,0.3496143958868895,0.1360544217687075,2
1,1,2,0.8041237113402061,0.8061224489795917,0.5555555555555556,0.3400000000000001,0.8178694158075601,0.07731958762886598,0.5604113110539847,0.40816326530612246,2
3,2,1,0.3505154639175258,0.211734693877551,0.3333333333333333,0.8166666666666667,0.18556701030927836,0.30412371134020616,0.2442159383033419,0.35374149659863946,1
1,2,1,0.05154639175257732,0.06122448979591836,1.0,0.615,0.003436426116838488,0.05154639175257732,0.059125964010282785,0.034013605442176874,1
4,2,2,0.8350515463917525,0.7755102040816326,0.2222222222222222,0.135,0.7457044673539519,0.11855670103092783,0.6786632390745502,0.3129251700680272,2
0,1,1,0.5257731958762886,0.375,0.0,1.0,0.058419243986254296,0.10824742268041238,0.532133676092545,0.39455782312925175,1
4,1,2,0.8350515463917525,0.6275510204081632,0.7777777777777777,0.3433333333333334,0.5292096219931272,0.28865979381443296,0.6786632390745502,0.4761904761904762,2
3,2,1,0.23711340206185563,0.21683673469387754,0.5555555555555556,0.3966666666666667,0.1683848797250859,0.09278350515463918,0.22622107969151672,0.22448979591836737,2
3,1,1,0.5360824742268041,0.3596938775510204,0.3333333333333333,0.6283333333333334,0.37800687285223367,0.4072164948453608,0.5269922879177379,0.2108843537414966,1
4,1,2,0.14432989690721648,0.11734693877551021,0.3333333333333333,0.6416666666666668,0.10996563573883161,0.10309278350515463,0.08997429305912596,0.10204081632653061,1
2,2,2,0.22680412371134018,0.15051020408163263,0.5555555555555556,0.9333333333333333,0.1683848797250859,0.19072164948453607,0.2365038560411311,0.07482993197278912,1
5,2,2,0.6288659793814433,0.36989795918367346,0.2222222222222222,0.5133333333333334,0.5532646048109966,0.5412371134020618,0.5526992287917738,0.3673469387755102,1
4,1,1,0.23711340206185563,0.12755102040816324,0.4444444444444445,0.4,0.07903780068728522,0.14432989690721648,0.17480719794344474,0.11564625850340136,2
0,1,1,0.7525773195876289,0.42091836734693877,0.7777777777777777,0.32000000000000006,0.7388316151202748,0.24742268041237112,0.6452442159383034,0.7551020408163266,2
3,2,2,0.27835051546391754,0.20918367346938774,0.6666666666666665,0.8900000000000001,0.041237113402061855,0.23195876288659792,0.21850899742930593,0.12244897959183675,1
3,1,1,0.08247422680412371,0.0816326530612245,0.7777777777777777,0.8900000000000001,0.027491408934707903,0.08762886597938144,0.06940874035989716,0.04761904761904762,1
2,1,1,0.8659793814432989,0.7270408163265305,0.3333333333333333,0.9833333333333334,0.8006872852233676,0.30412371134020616,0.5372750642673523,0.489795918367347,1
1,2,2,0.010309278350515462,0.020408163265306124,0.5555555555555556,0.2383333333333334,0.020618556701030927,0.020618556701030927,0.023136246786632394,0.01360544217687075,2
5,2,2,0.21649484536082472,0.1377551020408163,0.8888888888888888,0.04833333333333334,0.1924398625429553,0.17010309278350516,0.11825192802056554,0.1836734693877551,2
2,2,1,0.22680412371134018,0.1301020408163265,0.5555555555555556,0.7316666666666667,0.010309278350515464,0.12886597938144329,0.12082262210796914,0.20408163265306123,1
5,1,1,0.9896907216494845,0.7653061224489796,0.2222222222222222,0.9450000000000001,0.7147766323024055,0.8247422680412371,0.7686375321336761,0.5170068027210885,1
2,2,2,0.8144329896907216,0.6249999999999999,0.2222222222222222,0.011666666666666714,0.006872852233676976,0.20618556701030927,0.7917737789203085,0.7142857142857143,2
3,1,2,0.6701030927835051,0.3877551020408163,0.8888888888888888,0.32000000000000006,0.07216494845360824,0.10309278350515463,0.6683804627249358,0.6394557823129252,2
1,2,1,0.845360824742268,0.6224489795918366,0.8888888888888888,0.6633333333333333,0.7903780068728522,0.6804123711340206,0.8329048843187662,0.8299319727891157,1
2,1,2,0.0,0.01020408163265306,0.3333333333333333,0.9183333333333334,0.013745704467353952,0.010309278350515464,0.012853470437017997,0.01360544217687075,1
2,1,2,0.4639175257731959,0.3112244897959184,0.6666666666666665,0.125,0.044673539518900345,0.3247422680412371,0.2519280205655527,0.3673469387755102,2
0,1,1,0.422680412371134,0.35714285714285715,0.6666666666666665,0.5016666666666667,0.13058419243986255,0.04639175257731959,0.42159383033419023,0.38775510204081637,1
4,2,2,0.20618556701030927,0.17091836734693877,1.0,0.76,0.12371134020618556,0.20103092783505155,0.13881748071979436,0.0816326530612245,1
4,1,1,0.8659793814432989,0.48214285714285715,0.1111111111111111,0.9466666666666668,0.7010309278350515,0.07731958762886598,0.8354755784061697,0.6326530612244898,1
4,1,1,0.18556701030927833,0.17602040816326528,0.4444444444444445,0.8966666666666667,0.0859106529209622,0.015463917525773195,0.18766066838046275,0.06802721088435375,1
4,2,1,0.4123711340206186,0.3979591836734694,0.6666666666666665,0.125,0.24742268041237112,0.4072164948453608,0.4087403598971722,0.20408163265306123,2
0,2,1,0.5051546391752577,0.3112244897959184,0.8888888888888888,0.7966666666666669,0.1134020618556701,0.05154639175257732,0.37275064267352187,0.217687074829932,1
2,1,1,0.4020618556701031,0.2780612244897959,0.2222222222222222,0.2366666666666667,0.41924398625429554,0.211340206185567,0.2493573264781491,0.30612244897959184,2
1,1,1,0.9999999999999999,1.0,0.5555555555555556,0.8466666666666667,0.4054982817869416,0.19072164948453607,0.7686375321336761,0.9183673469387755,1
1,2,1,0.30927835051546393,0.22193877551020405,1.0,0.12,0.09278350515463918,0.14432989690721648,0.17737789203084833,0.2585034013605442,2
2,1,2,0.5463917525773195,0.4770408163265306,0.1111111111111111,0.4950000000000001,0.037800687285223365,0.20618556701030927,0.4730077120822622,0.36054421768707484,1
0,1,1,0.7835051546391752,0.7346938775510203,1.0,0.2250000000000001,0.7250859106529209,0.6701030927835051,0.4370179948586118,0.6598639455782314,2
3,1,1,0.32989690721649484,0.23979591836734693,1.0,0.7133333333333334,0.05154639175257732,0.07731958762886598,0.17994858611825196,0.163265306122449,1
4,1,1,0.7938144329896907,0.6530612244897959,0.6666666666666665,0.1216666666666667,0.3745704467353952,0.7371134020618556,0.7043701799485862,0.5170068027210885,2
3,1,1,0.8969072164948453,0.4642857142857143,0.4444444444444445,0.11166666666666669,0.20962199312714777,0.0,0.8149100257069409,0.7006802721088435,2
2,1,2,0.7319587628865979,0.47959183673469385,0.6666666666666665,0.42000000000000004,0.06872852233676975,0.6907216494845361,0.4241645244215938,0.272108843537415,1
4,2,1,0.3195876288659794,0.2627551020408163,0.3333333333333333,0.275,0.017182130584192438,0.2268041237113402,0.17994858611825196,0.1904761904761905,2
4,1,1,0.27835051546391754,0.2602040816326531,0.3333333333333333,0.5116666666666667,0.15120274914089346,0.28350515463917525,0.18766066838046275,0.2585034013605442,1
2,1,1,0.03092783505154639,0.025510204081632647,0.1111111111111111,0.21166666666666667,0.04810996563573883,0.02577319587628866,0.038560411311053984,0.04081632653061225,2
3,2,2,0.7216494845360825,0.5331632653061223,0.1111111111111111,0.685,0.3711340206185567,0.21649484536082475,0.6323907455012854,0.38775510204081637,1
3,2,2,0.8350515463917525,0.6071428571428571,0.6666666666666665,0.8716666666666668,0.2027491408934708,0.03608247422680412,0.609254498714653,0.5238095238095238,1
1,2,1,0.8762886597938143,0.5153061224489796,0.2222222222222222,0.3716666666666667,0.6632302405498282,0.33505154639175255,0.6015424164524422,0.326530612244898,2
4,2,1,0.7113402061855669,0.7040816326530611,0.4444444444444445,0.046666666666666745,0.30927835051546393,0.6907216494845361,0.673521850899743,0.5238095238095238,2
3,1,1,0.9896907216494845,0.711734693877551,0.5555555555555556,0.7016666666666667,0.5429553264604811,0.33505154639175255,0.5552699228791774,0.653061224489796,1
0,1,1,0.6907216494845361,0.4260204081632653,1.0,0.4983333333333334,0.6219931271477663,0.4845360824742268,0.6760925449871465,0.29251700680272114,1
0,2,2,0.22680412371134018,0.11989795918367348,0.6666666666666665,0.4666666666666667,0.2027491408934708,0.2268041237113402,0.13367609254498716,0.217687074829932,1
1,2,1,0.1958762886597938,0.11734693877551021,0.4444444444444445,0.74,0.006872852233676976,0.10309278350515463,0.13110539845758357,0.06802721088435375,1
2,1,1,0.7216494845360825,0.6020408163265305,0.1111111111111111,0.43166666666666675,0.14432989690721648,0.6288659793814433,0.4498714652956298,0.7346938775510204,1
2,1,2,0.4536082474226804,0.336734693877551,0.7777777777777777,0.4783333333333334,0.2646048109965636,0.30412371134020616,0.2647814910025707,0.34013605442176875,1
5,1,1,0.9999999999999999,0.8035714285714285,0.8888888888888888,0.8616666666666668,0.8041237113402062,0.03608247422680412,0.8303341902313626,0.7823129251700681,1
4,2,1,0.010309278350515462,0.017857142857142856,1.0,0.5916666666666668,0.0,0.005154639175257732,0.020565552699228794,0.0272108843537415,1
5,1,1,0.6907216494845361,0.6020408163265305,0.2222222222222222,0.13666666666666671,0.5876288659793815,0.3556701030927835,0.544987146529563,0.6054421768707483,2
2,1,1,0.15463917525773194,0.10204081632653061,0.2222222222222222,0.7750000000000001,0.1718213058419244,0.07731958762886598,0.07969151670951156,0.06122448979591837,1
2,1,1,0.4329896907216495,0.24744897959183673,1.0,0.3600000000000001,0.2542955326460481,0.3917525773195876,0.30591259640102825,0.34693877551020413,2
4,2,1,0.422680412371134,0.375,0.3333333333333333,0.13833333333333342,0.16151202749140894,0.005154639175257732,0.22365038560411313,0.33333333333333337,2
2,2,2,0.36082474226804123,0.3520408163265306,0.2222222222222222,0.5550000000000002,0.027491408934707903,0.010309278350515464,0.2827763496143959,0.23129251700680273,1
1,1,2,0.5876288659793814,0.38010204081632654,0.0,0.41166666666666674,0.5876288659793815,0.10309278350515463,0.37017994858611825,0.2448979591836735,2
5,2,1,0.8659793814432989,0.6632653061224489,0.4444444444444445,0.905,0.8006872852233676,0.5051546391752577,0.45758354755784064,0.7687074829931974,1
3,2,1,0.32989690721649484,0.32908163265306123,0.3333333333333333,0.8050000000000002,0.2233676975945017,0.015463917525773195,0.3264781491002571,0.33333333333333337,1
3,2,1,0.08247422680412371,0.07397959183673469,0.6666666666666665,0.8166666666666667,0.06529209621993128,0.005154639175257732,0.08483290488431876,0.07482993197278912,1
1,2,1,0.4329896907216495,0.35459183673469385,0.7777777777777777,0.18166666666666675,0.436426116838488,0.06701030927835051,0.3161953727506427,0.30612244897959184,2
0,2,2,0.3505154639175258,0.1913265306122449,0.6666666666666665,0.1266666666666667,0.3367697594501718,0.3556701030927835,0.2982005141388175,0.20408163265306123,2
3,2,2,0.12371134020618556,0.06122448979591836,0.3333333333333333,0.5416666666666667,0.10652920962199312,0.09278350515463918,0.07969151670951156,0.06802721088435375,1
0,2,2,0.5257731958762886,0.27040816326530615,0.8888888888888888,0.6783333333333335,0.44329896907216493,0.13402061855670103,0.31876606683804626,0.5170068027210885,1
3,1,1,0.9484536082474226,0.5153061224489796,0.2222222222222222,0.5750000000000002,0.5979381443298969,0.6701030927835051,0.622107969151671,0.6938775510204083,1
4,2,1,0.6597938144329897,0.5561224489795917,0.2222222222222222,0.9783333333333335,0.12371134020618556,0.18041237113402062,0.5012853470437019,0.3197278911564626,1
5,1,2,0.9896907216494845,0.9515306122448979,0.8888888888888888,0.03166666666666673,0.6597938144329897,0.26288659793814434,0.5038560411311055,0.34693877551020413,2
1,2,2,0.17525773195876287,0.11734693877551021,1.0,0.5783333333333334,0.140893470790378,0.10824742268041238,0.16709511568123395,0.11564625850340136,1
2,2,1,0.5773195876288659,0.5663265306122448,0.2222222222222222,0.9800000000000002,0.40893470790378006,0.13402061855670103,0.4318766066838046,0.326530612244898,1
2,2,2,0.29896907216494845,0.2576530612244898,0.4444444444444445,0.20000000000000007,0.23711340206185566,0.30412371134020616,0.2493573264781491,0.2380952380952381,2
0,1,2,0.6804123711340205,0.461734693877551,0.0,0.8183333333333334,0.1374570446735395,0.04639175257731959,0.5115681233933163,0.6734693877551021,1
5,2,2,0.4536082474226804,0.40561224489795916,0.5555555555555556,0.9850000000000001,0.2027491408934708,0.06185567010309278,0.2699228791773779,0.25170068027210885,1
2,2,1,0.0,0.01020408163265306,0.7777777777777777,0.5683333333333334,0.020618556701030927,0.010309278350515464,0.007712082262210798,0.006802721088435375,1
3,2,1,0.9587628865979381,0.5739795918367346,0.2222222222222222,0.03166666666666673,0.006872852233676976,0.9690721649484536,0.8688946015424165,0.6394557823129252,2
5,2,1,0.6185567010309277,0.5586734693877551,1.0,0.865,0.46391752577319584,0.3402061855670103,0.5501285347043703,0.5918367346938775,1
4,2,1,0.979381443298969,0.8163265306122448,0.8888888888888888,0.14500000000000002,0.3986254295532646,0.7371134020618556,0.506426735218509,0.3673469387755102,2
5,1,1,0.4123711340206186,0.30612244897959184,0.0,0.6433333333333333,0.36082474226804123,0.010309278350515464,0.39331619537275064,0.28571428571428575,1
1,1,1,0.5670103092783505,0.29846938775510207,0.1111111111111111,0.19166666666666676,0.5395189003436426,0.04639175257731959,0.4370179948586118,0.5034013605442177,2
4,1,2,0.8041237113402061,0.6428571428571428,0.1111111111111111,0.7033333333333334,0.5910652920962199,0.7164948453608248,0.6658097686375322,0.33333333333333337,1
4,1,2,0.5154639175257731,0.5127551020408163,1.0,0.7683333333333333,0.16151202749140894,0.08247422680412371,0.35989717223650386,0.4217687074829932,1
1,1,1,0.7113402061855669,0.38010204081632654,0.3333333333333333,0.14833333333333343,0.2027491408934708,0.04639175257731959,0.6169665809768639,0.40136054421768713,2
1,1,1,0.9381443298969071,0.7040816326530611,0.5555555555555556,0.5,0.07216494845360824,0.21649484536082475,0.737789203084833,0.44897959183673475,1
5,1,2,0.18556701030927833,0.14795918367346936,0.0,0.17833333333333334,0.06529209621993128,0.0979381443298969,0.11053984575835475,0.1360544217687075,1
3,1,1,0.3814432989690722,0.3494897959183674,0.8888888888888888,0.8816666666666668,0.17869415807560138,0.20618556701030927,0.29048843187660667,0.1836734693877551,1
2,2,2,0.26804123711340205,0.14285714285714285,0.2222222222222222,0.9916666666666667,0.034364261168384876,0.20103092783505155,0.27249357326478146,0.10204081632653061,1
5,1,1,0.288659793814433,0.2755102040816327,0.5555555555555556,0.2350000000000001,0.2920962199312715,0.12886597938144329,0.17994858611825196,0.1360544217687075,2
4,2,2,0.44329896907216493,0.2423469387755102,0.7777777777777777,0.9916666666666667,0.3367697594501718,0.422680412371134,0.3496143958868895,0.3741496598639456,1
4,1,2,0.17525773195876287,0.10204081632653061,0.1111111111111111,0.8766666666666667,0.08247422680412371,0.0,0.17223650385604114,0.06122448979591837,1
1,1,2,0.21649484536082472,0.17602040816326528,0.3333333333333333,0.255,0.10309278350515463,0.10824742268041238,0.20051413881748073,0.23129251700680273,2
0,1,2,0.4639175257731959,0.4387755102040816,0.0,0.6683333333333334,0.18556701030927836,0.11855670103092783,0.2930591259640103,0.4761904761904762,1
2,2,1,0.1134020618556701,0.06122448979591836,0.3333333333333333,0.5450000000000002,0.003436426116838488,0.015463917525773195,0.059125964010282785,0.08843537414965986,1
3,1,2,0.29896907216494845,0.2729591836734694,0.0,0.405,0.2027491408934708,0.1134020618556701,0.22365038560411313,0.163265306122449,1
0,1,2,0.845360824742268,0.4387755102040816,0.8888888888888888,0.18500000000000005,0.4536082474226804,0.27319587628865977,0.7969151670951158,0.7074829931972789,2
5,1,1,0.15463917525773194,0.14030612244897958,0.1111111111111111,0.4716666666666667,0.06872852233676975,0.09278350515463918,0.14652956298200515,0.1564625850340136,1
2,2,2,0.17525773195876287,0.18367346938775508,0.0,0.9816666666666667,0.020618556701030927,0.05670103092783505,0.17480719794344474,0.17687074829931973,1
3,2,2,0.22680412371134018,0.211734693877551,0.3333333333333333,0.6400000000000001,0.11683848797250859,0.12371134020618556,0.15167095115681237,0.108843537414966,1
5,1,2,0.6804123711340205,0.5153061224489796,0.4444444444444445,0.4633333333333334,0.017182130584192438,0.6082474226804123,0.6915167095115682,0.23129251700680273,1
1,1,2,0.27835051546391754,0.27040816326530615,1.0,0.2416666666666667,0.2268041237113402,0.14432989690721648,0.23136246786632392,0.17687074829931973,2
4,1,1,0.8969072164948453,0.6632653061224489,0.4444444444444445,0.11499999999999999,0.8213058419243986,0.36082474226804123,0.6966580976863754,0.8231292517006803,2
1,2,2,0.8865979381443299,0.5586734693877551,0.8888888888888888,0.8233333333333335,0.28865979381443296,0.61340206185567,0.532133676092545,0.7142857142857143,1
0,1,1,0.8247422680412371,0.48214285714285715,0.7777777777777777,0.32000000000000006,0.5670103092783505,0.4742268041237113,0.506426735218509,0.489795918367347,2
3,2,1,0.3505154639175258,0.32908163265306123,0.7777777777777777,0.42833333333333334,0.3367697594501718,0.20618556701030927,0.24678663239074553,0.14285714285714288,1
4,1,1,0.9587628865979381,0.8035714285714285,0.2222222222222222,0.3650000000000001,0.2027491408934708,0.06701030927835051,0.7223650385604113,0.8299319727891157,2
0,2,1,0.17525773195876287,0.1377551020408163,0.8888888888888888,0.665,0.18900343642611683,0.010309278350515464,0.15938303341902316,0.1360544217687075,1
3,2,1,0.9175257731958762,0.6198979591836734,0.0,0.7350000000000001,0.274914089347079,0.20618556701030927,0.9048843187660669,0.9251700680272109,1
5,1,2,0.09278350515463918,0.08928571428571429,0.8888888888888888,0.3466666666666667,0.006872852233676976,0.09278350515463918,0.05141388174807198,0.06122448979591837,2
5,2,1,0.09278350515463918,0.06377551020408163,0.4444444444444445,0.5783333333333334,0.09278350515463918,0.10309278350515463,0.10282776349614396,0.09523809523809525,1
1,1,2,0.9381443298969071,0.721938775510204,0.6666666666666665,0.5933333333333335,0.5945017182130584,0.4690721649484536,0.6966580976863754,0.8503401360544218,1
4,1,1,0.3814432989690722,0.2627551020408163,0.0,0.2316666666666667,0.010309278350515464,0.3917525773195876,0.37275064267352187,0.17006802721088438,2
5,2,1,0.13402061855670103,0.09438775510204081,0.5555555555555556,0.08333333333333337,0.09965635738831614,0.0979381443298969,0.10539845758354756,0.0816326530612245,2
5,1,2,0.061855670103092786,0.04846938775510204,0.2222222222222222,0.32166666666666677,0.03092783505154639,0.02577319587628866,0.06426735218508997,0.06802721088435375,2
4,1,2,0.04123711340206185,0.038265306122448974,0.2222222222222222,0.9183333333333334,0.003436426116838488,0.05670103092783505,0.04627249357326478,0.054421768707483,1
2,1,2,0.4329896907216495,0.3112244897959184,0.8888888888888888,0.32000000000000006,0.27147766323024053,0.06185567010309278,0.2519280205655527,0.1836734693877551,2
4,1,1,0.2577319587628866,0.1301020408163265,0.2222222222222222,0.935,0.21649484536082475,0.12371134020618556,0.16452442159383035,0.1836734693877551,1
3,2,1,0.6185567010309277,0.3647959183673469,0.0,0.6066666666666667,0.6288659793814433,0.4329896907216495,0.4241645244215938,0.44897959183673475,1
5,1,1,0.05154639175257732,0.025510204081632647,0.7777777777777777,0.10333333333333339,0.07216494845360824,0.06701030927835051,0.043701799485861184,0.06802721088435375,2
0,1,2,0.32989690721649484,0.23214285714285712,0.2222222222222222,0.6716666666666666,0.020618556701030927,0.30927835051546393,0.21336760925449874,0.17687074829931973,1
1,2,1,0.4845360824742268,0.42091836734693877,0.5555555555555556,0.7633333333333334,0.058419243986254296,0.13917525773195877,0.27763496143958866,0.40136054421768713,1
3,2,1,0.4123711340206186,0.23979591836734693,0.0,0.16000000000000003,0.024054982817869414,0.422680412371134,0.21336760925449874,0.29251700680272114,2
0,1,1,0.5257731958762886,0.2627551020408163,0.0,0.8800000000000001,0.27835051546391754,0.34536082474226804,0.43958868894601544,0.39455782312925175,1
5,1,1,0.36082474226804123,0.24744897959183673,1.0,0.6816666666666666,0.274914089347079,0.041237113402061855,0.30077120822622105,0.14965986394557823,1
4,2,1,0.556701030927835,0.4387755102040816,0.4444444444444445,0.38,0.4879725085910653,0.11855670103092783,0.3033419023136247,0.489795918367347,2
2,1,1,0.422680412371134,0.4005102040816326,0.6666666666666665,0.5383333333333333,0.3367697594501718,0.34536082474226804,0.42930591259640105,0.30612244897959184,1
4,2,1,0.7113402061855669,0.6173469387755102,0.6666666666666665,0.4983333333333334,0.3127147766323024,0.36082474226804123,0.5167095115681235,0.46258503401360546,1
4,1,1,0.5360824742268041,0.3163265306122449,0.1111111111111111,0.5366666666666666,0.37800687285223367,0.17010309278350516,0.38046272493573263,0.44217687074829937,1
0,2,2,0.5979381443298969,0.32653061224489793,0.2222222222222222,0.14166666666666672,0.570446735395189,0.3917525773195876,0.557840616966581,0.5034013605442177,2
4,1,1,0.4020618556701031,0.3112244897959184,0.0,0.4650000000000001,0.3745704467353952,0.3711340206185567,0.30591259640102825,0.1360544217687075,1
4,2,2,0.8350515463917525,0.4489795918367347,1.0,0.9100000000000001,0.436426116838488,0.06701030927835051,0.6812339331619538,0.8299319727891157,1
3,1,2,0.8144329896907216,0.6020408163265305,0.4444444444444445,0.2483333333333334,0.24398625429553264,0.31443298969072164,0.7197943444730078,0.6054421768707483,2
1,2,2,0.7216494845360825,0.6275510204081632,0.6666666666666665,0.6100000000000001,0.12371134020618556,0.5979381443298969,0.4190231362467866,0.39455782312925175,1
5,1,2,0.7216494845360825,0.4387755102040816,0.1111111111111111,0.13333333333333341,0.07903780068728522,0.020618556701030927,0.442159383033419,0.4217687074829932,2
2,1,1,0.3402061855670103,0.19897959183673466,0.1111111111111111,0.4816666666666667,0.13058419243986255,0.34536082474226804,0.31362467866323906,0.1836734693877551,1
1,1,2,0.6185567010309277,0.4897959183673469,0.5555555555555556,0.9083333333333334,0.3127147766323024,0.14948453608247422,0.3856041131105398,0.272108843537415,1
3,2,2,0.5154639175257731,0.4336734693877551,0.4444444444444445,0.16833333333333333,0.08934707903780069,0.07216494845360824,0.31876606683804626,0.435374149659864,2
0,2,2,0.44329896907216493,0.3622448979591837,0.0,0.7766666666666668,0.20962199312714777,0.4329896907216495,0.43444730077120824,0.44897959183673475,1
5,2,2,0.5360824742268041,0.37755102040816324,0.5555555555555556,0.3700000000000001,0.17869415807560138,0.2422680412371134,0.3496143958868895,0.38775510204081637,2
3,2,1,0.18556701030927833,0.1683673469387755,0.2222222222222222,0.8900000000000001,0.07560137457044673,0.14432989690721648,0.15681233933161956,0.20408163265306123,1
3,1,2,0.8969072164948453,0.6403061224489796,0.3333333333333333,0.4800000000000001,0.6666666666666666,0.6237113402061856,0.4755784061696658,0.30612244897959184,1
2,1,2,0.49484536082474223,0.2627551020408163,0.1111111111111111,0.45000000000000007,0.40893470790378006,0.04639175257731959,0.37275064267352187,0.4829931972789116,1
2,1,2,0.4845360824742268,0.4413265306122449,0.2222222222222222,0.9333333333333333,0.46735395189003437,0.3865979381443299,0.31876606683804626,0.380952380952381,1
4,1,1,0.5257731958762886,0.48214285714285715,0.1111111111111111,0.5916666666666668,0.4879725085910653,0.3556701030927835,0.4498714652956298,0.2653061224489796,1
3,2,1,0.8556701030927835,0.6989795918367346,0.1111111111111111,0.2616666666666667,0.12371134020618556,0.020618556701030927,0.4781491002570694,0.35374149659863946,1
5,1,1,0.05154639175257732,0.04591836734693877,0.6666666666666665,0.9383333333333335,0.003436426116838488,0.06185567010309278,0.06169665809768638,0.04081632653061225,1
3,2,1,0.5876288659793814,0.4744897959183673,0.1111111111111111,0.7366666666666668,0.3711340206185567,0.23195876288659792,0.5886889460154242,0.54421768707483,1
3,1,2,0.3402061855670103,0.33163265306122447,0.1111111111111111,0.8300000000000001,0.2542955326460481,0.27319587628865977,0.3033419023136247,0.2448979591836735,1
5,2,1,0.7731958762886597,0.4744897959183673,0.7777777777777777,0.42000000000000004,0.5360824742268041,0.31443298969072164,0.6066838046272495,0.44897959183673475,1
2,2,1,0.44329896907216493,0.3112244897959184,0.5555555555555556,0.19666666666666666,0.013745704467353952,0.22164948453608246,0.3110539845758355,0.29251700680272114,2
0,1,2,0.9175257731958762,0.5586734693877551,0.2222222222222222,0.19833333333333336,0.2542955326460481,0.03092783505154639,0.4601542416452442,0.6666666666666667,2
1,2,1,0.9072164948453607,0.7551020408163265,0.0,0.6133333333333335,0.7594501718213058,0.3711340206185567,0.6195372750642674,0.3197278911564626,1
2,2,2,0.8969072164948453,0.7372448979591836,0.3333333333333333,0.5133333333333334,0.3711340206185567,0.26804123711340205,0.853470437017995,0.7959183673469389,1
5,2,2,0.6494845360824741,0.34438775510204084,0.4444444444444445,0.07000000000000006,0.5257731958762887,0.11855670103092783,0.36246786632390743,0.49659863945578236,2
4,2,1,0.8144329896907216,0.45153061224489793,0.3333333333333333,0.8616666666666668,0.04810996563573883,0.4020618556701031,0.4267352185089974,0.7346938775510204,1
1,2,2,0.845360824742268,0.7551020408163265,0.7777777777777777,0.29333333333333333,0.5532646048109966,0.12371134020618556,0.8329048843187662,0.5102040816326531,2
0,2,2,0.5257731958762886,0.5025510204081632,0.2222222222222222,0.9683333333333335,0.5463917525773195,0.19072164948453607,0.49357326478149105,0.272108843537415,1
2,1,2,0.4020618556701031,0.3903061224489796,0.5555555555555556,0.8966666666666667,0.18900343642611683,0.24742268041237112,0.38046272493573263,0.1836734693877551,1
3,2,2,0.6907216494845361,0.6913265306122448,0.1111111111111111,0.17666666666666675,0.35051546391752575,0.33505154639175255,0.6066838046272495,0.36054421768707484,1
1,1,1,0.5154639175257731,0.4897959183673469,0.5555555555555556,0.7966666666666669,0.17869415807560138,0.22164948453608246,0.5038560411311055,0.39455782312925175,1
5,2,1,0.18556701030927833,0.18112244897959182,0.6666666666666665,0.8316666666666668,0.12371134020618556,0.19072164948453607,0.10282776349614396,0.07482993197278912,1
3,1,2,0.4536082474226804,0.4464285714285714,1.0,0.6933333333333334,0.4329896907216495,0.13402061855670103,0.2699228791773779,0.30612244897959184,1
0,1,1,0.7113402061855669,0.5051020408163265,0.7777777777777777,0.76,0.274914089347079,0.25773195876288657,0.44473007712082263,0.3673469387755102,1
0,2,2,0.9381443298969071,0.5051020408163265,0.4444444444444445,0.7383333333333335,0.16494845360824742,0.09278350515463918,0.5552699228791774,0.9251700680272109,1
3,2,2,0.5360824742268041,0.4872448979591837,1.0,0.7183333333333335,0.4742268041237113,0.16494845360824742,0.506426735218509,0.29251700680272114,1
3,2,2,0.4020618556701031,0.20918367346938774,0.0,0.8883333333333334,0.41237113402061853,0.0,0.4087403598971722,0.23129251700680273,1
4,2,2,0.4845360824742268,0.28316326530612246,0.3333333333333333,0.28333333333333344,0.41237113402061853,0.3865979381443299,0.37017994858611825,0.326530612244898,2
5,1,1,0.5360824742268041,0.5331632653061223,1.0,0.7233333333333334,0.2508591065292096,0.09278350515463918,0.2879177377892031,0.5102040816326531,1
0,1,2,0.288659793814433,0.23724489795918366,0.5555555555555556,0.5333333333333334,0.27147766323024053,0.0,0.21336760925449874,0.2448979591836735,1
0,2,1,0.6804123711340205,0.3596938775510204,0.3333333333333333,0.8533333333333335,0.5223367697594502,0.23195876288659792,0.5347043701799487,0.435374149659864,1
4,1,1,0.5051546391752577,0.3494897959183674,0.5555555555555556,0.265,0.3367697594501718,0.0,0.2596401028277635,0.46258503401360546,2
0,1,1,0.9896907216494845,0.8239795918367346,0.4444444444444445,0.6733333333333333,0.24054982817869416,0.6237113402061856,0.763496143958869,0.33333333333333337,1
1,1,1,0.14432989690721648,0.09693877551020408,0.2222222222222222,0.15166666666666673,0.14776632302405499,0.07216494845360824,0.13881748071979436,0.04761904761904762,2
4,1,2,0.8041237113402061,0.7346938775510203,0.1111111111111111,0.20166666666666666,0.10652920962199312,0.6185567010309279,0.686375321336761,0.5986394557823129,1
5,1,2,0.27835051546391754,0.16326530612244897,0.6666666666666665,0.8266666666666667,0.13058419243986255,0.19072164948453607,0.24164524421593833,0.28571428571428575,1
4,1,2,0.9278350515463917,0.7653061224489796,0.4444444444444445,0.5116666666666667,0.8247422680412371,0.8556701030927835,0.7532133676092546,0.6054421768707483,1
3,2,2,0.9587628865979381,0.5127551020408163,0.6666666666666665,0.1266666666666667,0.07903780068728522,0.3402061855670103,0.6580976863753214,0.5714285714285715,2
0,1,1,0.36082474226804123,0.20918367346938774,0.3333333333333333,0.20666666666666667,0.06529209621993128,0.28865979381443296,0.37275064267352187,0.27891156462585037,2
5,1,1,0.7113402061855669,0.5229591836734693,0.2222222222222222,0.2366666666666667,0.09965635738831614,0.36597938144329895,0.7172236503856042,0.4829931972789116,2
5,2,2,0.556701030927835,0.4413265306122449,0.6666666666666665,0.2466666666666667,0.23024054982817868,0.18041237113402062,0.4781491002570694,0.46258503401360546,2
0,1,1,0.10309278350515463,0.06122448979591836,0.0,0.5633333333333335,0.05154639175257732,0.02577319587628866,0.06169665809768638,0.10204081632653061,1
3,2,2,0.14432989690721648,0.13520408163265304,0.2222222222222222,0.6833333333333333,0.10652920962199312,0.041237113402061855,0.14652956298200515,0.108843537414966,1
4,2,1,0.14432989690721648,0.11479591836734694,1.0,0.5683333333333334,0.14432989690721648,0.05154639175257732,0.09768637532133675,0.09523809523809525,1
2,2,2,0.5257731958762886,0.5076530612244897,0.4444444444444445,0.08000000000000007,0.3161512027491409,0.4896907216494845,0.4370179948586118,0.41496598639455784,2
5,2,2,0.9175257731958762,0.49999999999999994,1.0,0.3650000000000001,0.31958762886597936,0.845360824742268,0.7352185089974294,0.7142857142857143,2
4,2,1,0.9484536082474226,0.885204081632653,0.4444444444444445,0.3616666666666667,0.3676975945017182,0.7783505154639175,0.699228791773779,0.45578231292517013,2
3,2,2,0.5876288659793814,0.5637755102040816,0.2222222222222222,0.125,0.2233676975945017,0.5412371134020618,0.45758354755784064,0.326530612244898,2
2,1,1,0.09278350515463918,0.07908163265306123,0.4444444444444445,0.21000000000000008,0.010309278350515464,0.041237113402061855,0.09254498714652956,0.09523809523809525,2
4,1,1,0.29896907216494845,0.2857142857142857,0.6666666666666665,0.8083333333333333,0.10996563573883161,0.15979381443298968,0.22622107969151672,0.28571428571428575,1
4,2,2,0.20618556701030927,0.211734693877551,1.0,0.1216666666666667,0.140893470790378,0.06701030927835051,0.14395886889460155,0.09523809523809525,2
1,1,2,0.5979381443298969,0.5051020408163265,0.2222222222222222,0.29333333333333333,0.4776632302405498,0.5154639175257731,0.38303341902313626,0.3741496598639456,2
1,1,1,0.18556701030927833,0.13520408163265304,0.8888888888888888,0.033333333333333326,0.08247422680412371,0.11855670103092783,0.11053984575835475,0.14285714285714288,2
4,1,2,0.7216494845360825,0.5765306122448979,0.8888888888888888,0.595,0.5017182130584192,0.020618556701030927,0.43958868894601544,0.5986394557823129,1
1,2,1,0.03092783505154639,0.04081632653061224,0.5555555555555556,0.9466666666666668,0.006872852233676976,0.02577319587628866,0.038560411311053984,0.020408163265306124,1
1,2,1,0.5773195876288659,0.3469387755102041,0.2222222222222222,0.07500000000000007,0.1374570446735395,0.47938144329896903,0.5295629820051414,0.3741496598639456,2
0,2,2,0.0,0.0,0.2222222222222222,0.28666666666666674,0.013745704467353952,0.005154639175257732,0.010282776349614397,0.0,2
4,2,1,0.4536082474226804,0.2346938775510204,1.0,0.5216666666666667,0.17869415807560138,0.30412371134020616,0.3444730077120823,0.20408163265306123,1
5,2,1,0.4536082474226804,0.31887755102040816,0.6666666666666665,0.7816666666666667,0.45017182130584193,0.44329896907216493,0.3033419023136247,0.2380952380952381,1
1,1,2,0.6494845360824741,0.5816326530612245,1.0,0.7350000000000001,0.3917525773195876,0.4381443298969072,0.6529562982005142,0.5374149659863946,1
4,2,1,0.4329896907216495,0.41581632653061223,0.6666666666666665,0.9816666666666667,0.027491408934707903,0.07216494845360824,0.37532133676092544,0.40136054421768713,1
0,2,1,0.07216494845360825,0.08418367346938775,0.4444444444444445,0.6383333333333334,0.04810996563573883,0.03608247422680412,0.08226221079691516,0.0272108843537415,1
0,2,1,0.30927835051546393,0.18112244897959182,0.8888888888888888,0.8,0.14432989690721648,0.13402061855670103,0.22365038560411313,0.1904761904761905,1
3,1,2,0.04123711340206185,0.020408163265306124,0.3333333333333333,0.3966666666666667,0.017182130584192438,0.041237113402061855,0.02827763496143959,0.020408163265306124,2
1,2,2,0.5154639175257731,0.3137755102040816,0.4444444444444445,0.7016666666666667,0.037800687285223365,0.44845360824742264,0.3496143958868895,0.2448979591836735,1
3,2,1,0.6391752577319587,0.38010204081632654,0.6666666666666665,0.27833333333333343,0.5326460481099656,0.4690721649484536,0.4652956298200514,0.217687074829932,2
2,2,2,0.08247422680412371,0.05612244897959184,0.2222222222222222,0.41833333333333345,0.058419243986254296,0.010309278350515464,0.08740359897172237,0.06122448979591837,1
2,2,2,0.6804123711340205,0.36989795918367346,0.6666666666666665,0.8383333333333334,0.38831615120274915,0.17010309278350516,0.49614395886889456,0.44897959183673475,1
0,1,2,0.288659793814433,0.20663265306122447,0.4444444444444445,0.10166666666666668,0.2646048109965636,0.010309278350515464,0.17994858611825196,0.12244897959183675,2
1,2,1,0.8762886597938143,0.7755102040816326,0.2222222222222222,0.6800000000000002,0.7079037800687284,0.23195876288659792,0.7017994858611826,0.6326530612244898,1
4,1,1,0.8865979381443299,0.5255102040816326,0.8888888888888888,0.7766666666666668,0.46391752577319584,0.7938144329896907,0.8791773778920309,0.8911564625850341,1
1,2,1,0.3814432989690722,0.2857142857142857,0.0,0.27333333333333343,0.31958762886597936,0.29381443298969073,0.3110539845758355,0.34693877551020413,2
5,1,2,0.15463917525773194,0.10204081632653061,0.0,0.3616666666666667,0.003436426116838488,0.010309278350515464,0.15167095115681237,0.108843537414966,2
3,2,1,0.07216494845360825,0.0510204081632653,0.2222222222222222,0.7450000000000001,0.041237113402061855,0.010309278350515464,0.06683804627249357,0.04081632653061225,1
1,2,2,0.7216494845360825,0.6224489795918366,0.2222222222222222,0.4933333333333334,0.3024054982817869,0.07216494845360824,0.5501285347043703,0.39455782312925175,1
0,1,2,0.9278350515463917,0.6403061224489796,0.0,0.8050000000000002,0.872852233676976,0.10309278350515463,0.49614395886889456,0.8435374149659864,1
3,2,2,0.5670103092783505,0.4872448979591837,0.0,0.05833333333333335,0.2542955326460481,0.5463917525773195,0.5218508997429306,0.4829931972789116,1
5,2,1,0.09278350515463918,0.06122448979591836,0.1111111111111111,0.9816666666666667,0.06529209621993128,0.05154639175257732,0.048843187660668384,0.034013605442176874,1
2,2,1,0.09278350515463918,0.04846938775510204,0.1111111111111111,0.9566666666666668,0.06529209621993128,0.06701030927835051,0.04627249357326478,0.06122448979591837,1
0,1,1,0.5979381443298969,0.6020408163265305,0.1111111111111111,0.15666666666666673,0.23024054982817868,0.29896907216494845,0.5552699228791774,0.30612244897959184,1
2,1,1,0.8144329896907216,0.7193877551020408,1.0,0.20000000000000007,0.05154639175257732,0.07216494845360824,0.8097686375321338,0.6802721088435375,2
2,2,1,0.6494845360824741,0.6326530612244897,1.0,0.9133333333333333,0.3951890034364261,0.44329896907216493,0.43958868894601544,0.29931972789115646,1
0,1,1,0.7628865979381443,0.4489795918367347,0.7777777777777777,0.8133333333333335,0.058419243986254296,0.4020618556701031,0.6889460154241646,0.40136054421768713,1
1,1,2,0.20618556701030927,0.11734693877551021,0.3333333333333333,0.3483333333333334,0.13058419243986255,0.0,0.13110539845758357,0.19727891156462588,2
4,2,1,0.6701030927835051,0.39540816326530615,0.5555555555555556,0.2766666666666667,0.25773195876288657,0.23711340206185566,0.5038560411311055,0.44897959183673475,2
5,1,1,0.1134020618556701,0.10204081632653061,0.0,0.4916666666666667,0.044673539518900345,0.02577319587628866,0.06683804627249357,0.10204081632653061,1
1,2,2,0.26804123711340205,0.16326530612244897,0.5555555555555556,0.036666666666666736,0.06529209621993128,0.10309278350515463,0.21336760925449874,0.14285714285714288,2
3,1,2,0.7010309278350515,0.4744897959183673,0.0,0.6516666666666668,0.21649484536082475,0.38144329896907214,0.38303341902313626,0.2653061224489796,1
3,2,1,0.8865979381443299,0.673469387755102,0.4444444444444445,0.1316666666666667,0.3470790378006873,0.7989690721649484,0.686375321336761,0.6598639455782314,2
0,1,2,0.8969072164948453,0.6505102040816326,0.8888888888888888,0.385,0.4261168384879725,0.17525773195876287,0.5809768637532134,0.3673469387755102,2
5,2,2,0.7010309278350515,0.548469387755102,0.1111111111111111,0.5516666666666667,0.27835051546391754,0.36597938144329895,0.3676092544987147,0.6802721088435375,1
0,1,1,0.6907216494845361,0.46683673469387754,0.4444444444444445,0.050000000000000044,0.6735395189003436,0.4845360824742268,0.4138817480719794,0.30612244897959184,2
5,1,2,0.9278350515463917,0.7372448979591836,0.7777777777777777,0.13833333333333342,0.6082474226804123,0.6855670103092784,0.7737789203084834,0.38775510204081637,2
0,1,1,0.6082474226804123,0.49489795918367346,0.7777777777777777,0.6300000000000001,0.47079037800687284,0.11855670103092783,0.4884318766066838,0.3741496598639456,1
1,1,1,0.4329896907216495,0.3673469387755102,0.3333333333333333,0.99,0.3917525773195876,0.3247422680412371,0.23393316195372751,0.163265306122449,1
4,2,2,0.9999999999999999,0.5714285714285714,0.5555555555555556,0.44500000000000006,0.9725085910652921,0.5103092783505154,0.7557840616966581,0.3673469387755102,1
5,2,2,0.3814432989690722,0.3494897959183674,0.1111111111111111,0.6800000000000002,0.024054982817869414,0.09278350515463918,0.39331619537275064,0.35374149659863946,1
3,1,2,0.6804123711340205,0.5331632653061223,0.0,0.22166666666666668,0.3676975945017182,0.0979381443298969,0.5886889460154242,0.4285714285714286,1
4,2,2,0.3505154639175258,0.21428571428571427,0.6666666666666665,0.0033333333333334103,0.21993127147766323,0.19072164948453607,0.19280205655526994,0.27891156462585037,2
4,1,2,0.05154639175257732,0.05867346938775509,0.6666666666666665,0.7266666666666668,0.07216494845360824,0.03092783505154639,0.04113110539845759,0.0272108843537415,1
2,2,1,0.3917525773195876,0.20918367346938774,0.2222222222222222,0.03833333333333333,0.3848797250859106,0.05154639175257732,0.35989717223650386,0.27891156462585037,2
4,1,2,0.16494845360824742,0.09693877551020408,0.5555555555555556,0.6166666666666667,0.06529209621993128,0.14948453608247422,0.11311053984575835,0.14965986394557823,1
3,2,2,0.556701030927835,0.5280612244897959,0.5555555555555556,0.5150000000000001,0.3024054982817869,0.5670103092783505,0.39845758354755784,0.33333333333333337,1
4,2,2,0.6804123711340205,0.6096938775510203,0.8888888888888888,0.08166666666666667,0.6460481099656358,0.0,0.39845758354755784,0.6394557823129252,2
5,2,1,0.04123711340206185,0.030612244897959183,0.0,0.03166666666666673,0.003436426116838488,0.05670103092783505,0.04627249357326478,0.04081632653061225,2
1,2,2,0.4123711340206186,0.40561224489795916,0.6666666666666665,0.15166666666666673,0.1993127147766323,0.10824742268041238,0.35475578406169667,0.17687074829931973,2
4,2,2,0.49484536082474223,0.46938775510204084,0.4444444444444445,0.7583333333333333,0.12371134020618556,0.03092783505154639,0.3264781491002571,0.17687074829931973,1
1,2,2,0.4020618556701031,0.30357142857142855,0.2222222222222222,0.09000000000000008,0.2508591065292096,0.28865979381443296,0.41131105398457585,0.2380952380952381,2
3,2,1,0.20618556701030927,0.21683673469387754,0.0,0.9616666666666667,0.1718213058419244,0.06701030927835051,0.15681233933161956,0.2108843537414966,1
1,2,2,0.32989690721649484,0.211734693877551,0.7777777777777777,0.020000000000000018,0.21993127147766323,0.31443298969072164,0.20822622107969152,0.20408163265306123,2
0,1,2,0.7113402061855669,0.3979591836734694,0.6666666666666665,0.7433333333333334,0.32646048109965636,0.20103092783505155,0.596401028277635,0.54421768707483,1
3,1,2,0.5773195876288659,0.4923469387755102,0.7777777777777777,0.021666666666666723,0.38144329896907214,0.4175257731958763,0.5758354755784062,0.4285714285714286,2
2,1,2,0.32989690721649484,0.32142857142857145,0.6666666666666665,0.9283333333333335,0.11683848797250859,0.12886597938144329,0.21593830334190234,0.1292517006802721,1
2,2,2,0.7731958762886597,0.45918367346938777,1.0,0.3400000000000001,0.5017182130584192,0.02577319587628866,0.46272493573264784,0.3129251700680272,2
0,1,2,0.03092783505154639,0.022959183673469385,0.6666666666666665,0.42666666666666675,0.03092783505154639,0.0,0.038560411311053984,0.034013605442176874,1
2,1,1,0.5257731958762886,0.2729591836734694,0.6666666666666665,0.15500000000000003,0.23367697594501718,0.12371134020618556,0.519280205655527,0.35374149659863946,2
0,1,2,0.4639175257731959,0.3596938775510204,0.6666666666666665,0.9683333333333335,0.37800687285223367,0.31443298969072164,0.44473007712082263,0.163265306122449,1
2,1,1,0.422680412371134,0.30357142857142855,0.6666666666666665,0.6983333333333335,0.17525773195876287,0.13402061855670103,0.35218508997429304,0.38775510204081637,1
4,1,2,0.18556701030927833,0.18367346938775508,0.6666666666666665,0.9283333333333335,0.14776632302405499,0.07731958762886598,0.10025706940874035,0.14285714285714288,1
2,1,1,0.18556701030927833,0.18622448979591835,0.7777777777777777,0.21500000000000008,0.18213058419243985,0.15979381443298968,0.14138817480719795,0.14965986394557823,2
3,2,2,0.4020618556701031,0.3979591836734694,0.5555555555555556,0.3966666666666667,0.13402061855670103,0.041237113402061855,0.21850899742930593,0.38775510204081637,2
1,2,2,0.6907216494845361,0.3596938775510204,0.4444444444444445,0.8800000000000001,0.15807560137457044,0.6701030927835051,0.6786632390745502,0.6122448979591837,1
5,1,1,0.21649484536082472,0.14795918367346936,0.2222222222222222,0.06500000000000006,0.17525773195876287,0.12886597938144329,0.20565552699228792,0.163265306122449,2
5,1,1,0.5773195876288659,0.41581632653061223,0.8888888888888888,0.1266666666666667,0.0859106529209622,0.3865979381443299,0.5347043701799487,0.1904761904761905,2
5,2,2,0.8041237113402061,0.7576530612244897,0.6666666666666665,0.41500000000000004,0.5085910652920962,0.010309278350515464,0.4370179948586118,0.4761904761904762,2
3,2,1,0.36082474226804123,0.3163265306122449,0.8888888888888888,0.4783333333333334,0.37800687285223367,0.15979381443298968,0.21850899742930593,0.27891156462585037,1
0,2,2,0.24742268041237112,0.20663265306122447,0.8888888888888888,0.935,0.0,0.18041237113402062,0.15167095115681237,0.2585034013605442,1
0,2,2,0.288659793814433,0.17091836734693877,0.5555555555555556,0.18166666666666675,0.21993127147766323,0.25257731958762886,0.19794344473007713,0.2380952380952381,2
4,1,2,0.2577319587628866,0.2525510204081633,0.1111111111111111,0.38,0.26804123711340205,0.1134020618556701,0.2493573264781491,0.108843537414966,1
4,2,2,0.5670103092783505,0.4923469387755102,0.3333333333333333,0.6516666666666668,0.3024054982817869,0.1134020618556701,0.3033419023136247,0.20408163265306123,1
2,1,2,0.13402061855670103,0.08418367346938775,0.1111111111111111,0.4733333333333334,0.13402061855670103,0.06701030927835051,0.11568123393316196,0.11564625850340136,1
5,2,2,0.6804123711340205,0.5025510204081632,0.1111111111111111,0.265,0.49828178694158076,0.15463917525773196,0.634961439588689,0.33333333333333337,2
1,1,1,0.8144329896907216,0.8010204081632653,0.4444444444444445,0.7583333333333333,0.0,0.654639175257732,0.7660668380462725,0.3197278911564626,1
3,2,1,0.9278350515463917,0.6989795918367346,1.0,0.6466666666666667,0.16494845360824742,0.8402061855670103,0.6555269922879178,0.761904761904762,1
1,2,1,0.7628865979381443,0.6556122448979591,0.2222222222222222,0.14,0.08934707903780069,0.06185567010309278,0.506426735218509,0.5374149659863946,2
4,1,2,0.04123711340206185,0.033163265306122444,1.0,0.9483333333333335,0.04810996563573883,0.05154639175257732,0.03598971722365039,0.01360544217687075,1
1,2,1,0.4639175257731959,0.46938775510204084,1.0,0.2416666666666667,0.07216494845360824,0.0,0.27763496143958866,0.272108843537415,2
0,1,2,0.12371134020618556,0.13265306122448978,0.2222222222222222,0.15500000000000003,0.017182130584192438,0.07731958762886598,0.13110539845758357,0.12244897959183675,2
3,1,1,0.9484536082474226,0.6198979591836734,0.4444444444444445,0.19000000000000006,0.3024054982817869,0.6907216494845361,0.6041131105398458,0.380952380952381,2
2,1,2,0.979381443298969,0.49999999999999994,0.7777777777777777,0.15833333333333333,0.09621993127147765,0.7061855670103092,0.9434447300771209,0.7346938775510204,2
3,2,1,0.8969072164948453,0.5280612244897959,0.6666666666666665,0.8583333333333334,0.006872852233676976,0.5567010309278351,0.5475578406169667,0.435374149659864,1
5,1,2,0.4536082474226804,0.2602040816326531,0.3333333333333333,0.7633333333333334,0.13402061855670103,0.22164948453608246,0.39845758354755784,0.19727891156462588,1
5,2,1,0.556701030927835,0.3622448979591837,0.4444444444444445,0.2616666666666667,0.23711340206185566,0.4020618556701031,0.5218508997429306,0.3129251700680272,2
0,1,1,0.08247422680412371,0.07397959183673469,0.4444444444444445,0.9233333333333333,0.08934707903780069,0.041237113402061855,0.06683804627249357,0.0816326530612245,1
3,1,2,0.3402061855670103,0.25510204081632654,0.7777777777777777,0.040000000000000036,0.08247422680412371,0.04639175257731959,0.3161953727506427,0.163265306122449,2
0,2,2,0.7938144329896907,0.7959183673469387,0.6666666666666665,0.915,0.6666666666666666,0.5309278350515464,0.6760925449871465,0.7210884353741497,1
3,1,1,0.6082474226804123,0.6096938775510203,0.5555555555555556,0.6200000000000001,0.010309278350515464,0.5721649484536082,0.596401028277635,0.34013605442176875,1
3,2,1,0.8969072164948453,0.5255102040816326,0.2222222222222222,0.9316666666666669,0.32989690721649484,0.8505154639175257,0.7455012853470437,0.7551020408163266,1
4,1,2,0.5257731958762886,0.3852040816326531,0.3333333333333333,0.4733333333333334,0.17525773195876287,0.08762886597938144,0.35218508997429304,0.34013605442176875,1
5,2,2,0.1134020618556701,0.11479591836734694,0.1111111111111111,0.07666666666666666,0.10996563573883161,0.08247422680412371,0.07969151670951156,0.108843537414966,1
3,1,2,0.3917525773195876,0.31887755102040816,0.8888888888888888,0.5583333333333333,0.20618556701030927,0.36082474226804123,0.32390745501285345,0.28571428571428575,1
2,2,2,0.8762886597938143,0.5714285714285714,0.1111111111111111,0.10833333333333339,0.281786941580756,0.7628865979381443,0.7686375321336761,0.489795918367347,2
1,2,2,0.9587628865979381,0.5025510204081632,0.7777777777777777,0.9266666666666667,0.8556701030927835,0.0,0.9100257069408741,0.4217687074829932,1
5,1,1,0.9072164948453607,0.5025510204081632,0.0,0.2333333333333334,0.5876288659793815,0.05154639175257732,0.724935732647815,0.5170068027210885,2
0,1,1,0.7319587628865979,0.586734693877551,0.0,0.5266666666666668,0.5395189003436426,0.30412371134020616,0.6555269922879178,0.27891156462585037,1
3,1,1,0.7422680412371133,0.6479591836734693,0.0,0.2683333333333334,0.1958762886597938,0.14948453608247422,0.38046272493573263,0.34693877551020413,1
5,2,2,0.29896907216494845,0.26785714285714285,0.4444444444444445,0.635,0.17525773195876287,0.08762886597938144,0.18251928020565555,0.10204081632653061,1
2,1,2,0.422680412371134,0.23214285714285712,0.0,0.30833333333333335,0.37800687285223367,0.4175257731958763,0.2750642673521851,0.14965986394557823,2
1,1,1,0.22680412371134018,0.2040816326530612,0.2222222222222222,0.6400000000000001,0.18900343642611683,0.18041237113402062,0.12853470437017997,0.1564625850340136,1
1,1,2,0.5360824742268041,0.4489795918367347,0.6666666666666665,0.7116666666666667,0.45017182130584193,0.0,0.30848329048843187,0.3197278911564626,1
2,2,2,0.14432989690721648,0.12244897959183675,0.2222222222222222,0.8066666666666666,0.04810996563573883,0.12371134020618556,0.10796915167095116,0.09523809523809525,1
3,2,1,0.9999999999999999,0.5127551020408163,0.1111111111111111,0.9416666666666667,0.9037800687285223,0.18556701030927836,0.9305912596401029,0.870748299319728,1
3,2,2,0.5773195876288659,0.5051020408163265,0.8888888888888888,0.8183333333333334,0.04810996563573883,0.5567010309278351,0.41131105398457585,0.380952380952381,1
4,2,2,0.20618556701030927,0.20918367346938774,0.7777777777777777,0.9433333333333334,0.1374570446735395,0.0979381443298969,0.16709511568123395,0.1904761904761905,1
2,2,1,0.04123711340206185,0.04591836734693877,0.8888888888888888,0.45333333333333337,0.013745704467353952,0.02577319587628866,0.02827763496143959,0.020408163265306124,1
4,1,2,0.20618556701030927,0.211734693877551,0.2222222222222222,0.5016666666666667,0.09278350515463918,0.14948453608247422,0.16452442159383035,0.22448979591836737,1
1,1,1,0.24742268041237112,0.13265306122448978,0.6666666666666665,0.8666666666666667,0.09278350515463918,0.12371134020618556,0.23136246786632392,0.1360544217687075,1
4,2,2,0.10309278350515463,0.10204081632653061,0.3333333333333333,0.4966666666666667,0.054982817869415807,0.09278350515463918,0.07455012853470437,0.08843537414965986,1
2,1,2,0.29896907216494845,0.21428571428571427,0.8888888888888888,0.40666666666666673,0.18213058419243985,0.05670103092783505,0.30591259640102825,0.10204081632653061,2
5,2,1,0.4536082474226804,0.3622448979591837,0.6666666666666665,0.43500000000000005,0.07903780068728522,0.31958762886597936,0.2544987146529563,0.39455782312925175,1
4,1,1,0.9381443298969071,0.8979591836734693,0.2222222222222222,0.41166666666666674,0.09621993127147765,0.9175257731958762,0.686375321336761,0.9455782312925171,2
4,1,2,0.6288659793814433,0.33418367346938777,0.0,0.3400000000000001,0.36082474226804123,0.5618556701030928,0.36503856041131105,0.6394557823129252,2
2,2,2,0.5876288659793814,0.5229591836734693,0.6666666666666665,0.3833333333333334,0.24398625429553264,0.29896907216494845,0.32904884318766064,0.5986394557823129,2
2,1,1,0.27835051546391754,0.2627551020408163,0.2222222222222222,0.5233333333333334,0.034364261168384876,0.015463917525773195,0.18766066838046275,0.2448979591836735,1
4,2,2,0.6082474226804123,0.5637755102040816,0.8888888888888888,0.08500000000000008,0.4054982817869416,0.25773195876288657,0.6195372750642674,0.326530612244898,2
4,1,1,0.5876288659793814,0.49489795918367346,0.4444444444444445,0.21833333333333338,0.1134020618556701,0.4742268041237113,0.5758354755784062,0.36054421768707484,2
1,2,1,0.4536082474226804,0.461734693877551,0.4444444444444445,0.17166666666666675,0.006872852233676976,0.4536082474226804,0.4370179948586118,0.19727891156462588,2
2,2,2,0.7010309278350515,0.5076530612244897,0.3333333333333333,0.6133333333333335,0.570446735395189,0.25773195876288657,0.6632390745501286,0.6190476190476191,1
3,2,1,0.5051546391752577,0.2576530612244898,0.8888888888888888,0.16500000000000004,0.274914089347079,0.22164948453608246,0.5089974293059126,0.3129251700680272,2
1,1,2,0.29896907216494845,0.2627551020408163,0.6666666666666665,0.6083333333333334,0.21305841924398625,0.041237113402061855,0.2365038560411311,0.2653061224489796,1
2,1,2,0.4020618556701031,0.31887755102040816,0.7777777777777777,0.07333333333333336,0.3539518900343642,0.36082474226804123,0.39845758354755784,0.27891156462585037,2
0,1,2,0.16494845360824742,0.1301020408163265,0.7777777777777777,0.42500000000000004,0.13402061855670103,0.14948453608247422,0.12339331619537276,0.11564625850340136,1
4,2,1,0.8247422680412371,0.6785714285714285,1.0,0.0016666666666667052,0.8178694158075601,0.7010309278350515,0.7892030848329049,0.6734693877551021,2
2,2,1,0.061855670103092786,0.04591836734693877,0.2222222222222222,0.7100000000000002,0.06872852233676975,0.0,0.059125964010282785,0.04081632653061225,1
2,1,2,0.845360824742268,0.5816326530612245,0.2222222222222222,0.6483333333333334,0.1958762886597938,0.12886597938144329,0.4781491002570694,0.8095238095238095,1
0,2,2,0.8556701030927835,0.8571428571428571,0.1111111111111111,0.6083333333333334,0.2920962199312715,0.6597938144329897,0.4524421593830334,0.30612244897959184,1
3,2,1,0.3195876288659794,0.3163265306122449,0.7777777777777777,0.5133333333333334,0.12371134020618556,0.31958762886597936,0.3161953727506427,0.30612244897959184,1
3,2,2,0.5773195876288659,0.31887755102040816,1.0,0.05833333333333335,0.15120274914089346,0.15463917525773196,0.3856041131105398,0.54421768707483,2
3,2,2,0.4329896907216495,0.2602040816326531,0.8888888888888888,0.6283333333333334,0.003436426116838488,0.10309278350515463,0.3033419023136247,0.34013605442176875,1
1,2,2,0.24742268041237112,0.20918367346938774,0.0,0.31833333333333336,0.058419243986254296,0.09278350515463918,0.12853470437017997,0.17687074829931973,1
2,2,1,0.9690721649484535,0.7091836734693877,1.0,0.7716666666666667,0.7903780068728522,0.6082474226804123,0.699228791773779,0.7006802721088435,1
5,2,1,0.5154639175257731,0.45408163265306123,0.3333333333333333,0.8483333333333334,0.08247422680412371,0.3556701030927835,0.35218508997429304,0.3741496598639456,1
5,2,1,0.979381443298969,0.9209183673469387,0.7777777777777777,0.40666666666666673,0.12027491408934708,0.7731958762886598,0.7969151670951158,0.35374149659863946,2
1,1,1,0.0,0.012755102040816325,0.6666666666666665,0.54,0.020618556701030927,0.0,0.007712082262210798,0.0,1
3,1,2,0.6494845360824741,0.42091836734693877,0.4444444444444445,0.14666666666666672,0.32646048109965636,0.041237113402061855,0.37532133676092544,0.489795918367347,2
4,1,1,0.7216494845360825,0.5816326530612245,0.6666666666666665,0.5733333333333335,0.4570446735395189,0.18041237113402062,0.46272493573264784,0.28571428571428575,1
0,2,2,0.5154639175257731,0.461734693877551,0.6666666666666665,0.5,0.2508591065292096,0.5,0.41645244215938304,0.2448979591836735,1
2,2,2,0.6494845360824741,0.3520408163265306,0.0,0.6816666666666666,0.034364261168384876,0.654639175257732,0.5295629820051414,0.272108843537415,1
5,1,1,0.21649484536082472,0.13520408163265304,0.3333333333333333,0.5700000000000001,0.08934707903780069,0.0979381443298969,0.21336760925449874,0.17006802721088438,1
0,2,1,0.3195876288659794,0.2576530612244898,0.1111111111111111,0.20500000000000007,0.2542955326460481,0.2422680412371134,0.29048843187660667,0.217687074829932,1
0,2,1,0.18556701030927833,0.14285714285714285,0.5555555555555556,1.0,0.13058419243986255,0.12371134020618556,0.17480719794344474,0.20408163265306123,1
2,1,1,0.8350515463917525,0.4897959183673469,0.1111111111111111,0.19166666666666676,0.07903780068728522,0.4845360824742268,0.5501285347043703,0.5850340136054423,2
4,1,1,0.3711340206185567,0.35714285714285715,0.1111111111111111,0.5750000000000002,0.044673539518900345,0.05670103092783505,0.27249357326478146,0.3129251700680272,1
0,2,2,0.5670103092783505,0.3903061224489796,0.7777777777777777,0.7366666666666668,0.024054982817869414,0.29896907216494845,0.2853470437017995,0.46258503401360546,1
4,2,2,0.7319587628865979,0.4974489795918367,0.3333333333333333,0.7066666666666668,0.18900343642611683,0.30927835051546393,0.737789203084833,0.7006802721088435,1
1,1,2,0.14432989690721648,0.1301020408163265,0.5555555555555556,0.6783333333333335,0.020618556701030927,0.08762886597938144,0.15167095115681237,0.054421768707483,1
5,2,1,0.061855670103092786,0.05612244897959184,0.1111111111111111,0.8,0.017182130584192438,0.04639175257731959,0.03598971722365039,0.0272108843537415,1
4,2,2,0.6288659793814433,0.5510204081632653,0.4444444444444445,0.3966666666666667,0.32989690721649484,0.27835051546391754,0.4884318766066838,0.5306122448979592,2
2,1,2,0.8865979381443299,0.44387755102040816,0.6666666666666665,0.6766666666666667,0.7869415807560137,0.22164948453608246,0.7712082262210798,0.6258503401360545,1
0,1,2,0.7319587628865979,0.3622448979591837,0.7777777777777777,0.8516666666666668,0.034364261168384876,0.6391752577319587,0.40616966580976865,0.653061224489796,1
2,1,1,0.3711340206185567,0.22448979591836732,0.6666666666666665,0.915,0.21649484536082475,0.12371134020618556,0.2365038560411311,0.17006802721088438,1
3,1,2,0.6185567010309277,0.41836734693877553,0.4444444444444445,0.9666666666666668,0.5429553264604811,0.422680412371134,0.5089974293059126,0.6190476190476191,1
5,2,1,0.3402061855670103,0.2346938775510204,0.1111111111111111,0.6066666666666667,0.32646048109965636,0.02577319587628866,0.19280205655526994,0.35374149659863946,1
5,1,1,0.12371134020618556,0.11989795918367348,0.0,0.275,0.0,0.13402061855670103,0.12853470437017997,0.10204081632653061,1
3,2,1,0.3402061855670103,0.29846938775510207,0.0,0.81,0.020618556701030927,0.32989690721649484,0.26735218508997427,0.11564625850340136,1
1,1,1,0.04123711340206185,0.0433673469387755,0.4444444444444445,0.043333333333333335,0.013745704467353952,0.05154639175257732,0.053984575835475584,0.04761904761904762,2
0,2,2,0.4020618556701031,0.26785714285714285,0.7777777777777777,0.16500000000000004,0.2027491408934708,0.3917525773195876,0.31876606683804626,0.36054421768707484,2
2,2,1,0.5360824742268041,0.2857142857142857,0.2222222222222222,0.9016666666666668,0.23367697594501718,0.005154639175257732,0.27763496143958866,0.44897959183673475,1
2,2,1,0.18556701030927833,0.16326530612244897,0.6666666666666665,0.5633333333333335,0.1683848797250859,0.010309278350515464,0.11825192802056554,0.1564625850340136,1
4,1,1,0.3402061855670103,0.21938775510204078,0.1111111111111111,0.29666666666666675,0.1374570446735395,0.20103092783505155,0.2827763496143959,0.2585034013605442,2
0,1,1,0.8350515463917525,0.7576530612244897,0.1111111111111111,0.5,0.5017182130584192,0.6443298969072164,0.6298200514138819,0.8163265306122449,1
0,1,1,0.6701030927835051,0.3903061224489796,0.7777777777777777,0.78,0.010309278350515464,0.09278350515463918,0.660668380462725,0.2585034013605442,1
0,2,2,0.17525773195876287,0.15816326530612243,0.4444444444444445,0.3716666666666667,0.08247422680412371,0.05670103092783505,0.15167095115681237,0.07482993197278912,2
2,1,1,0.6494845360824741,0.5255102040816326,0.6666666666666665,0.04500000000000004,0.281786941580756,0.005154639175257732,0.5784061696658098,0.3197278911564626,2
1,1,1,0.04123711340206185,0.038265306122448974,0.3333333333333333,0.8316666666666668,0.034364261168384876,0.03608247422680412,0.048843187660668384,0.054421768707483,1
5,1,2,0.7010309278350515,0.5790816326530611,0.8888888888888888,0.8383333333333334,0.6426116838487972,0.3247422680412371,0.7069408740359898,0.27891156462585037,1
2,1,2,0.7731958762886597,0.3852040816326531,0.8888888888888888,0.3733333333333334,0.44329896907216493,0.26288659793814434,0.532133676092545,0.44897959183673475,2
1,1,2,0.24742268041237112,0.1607142857142857,0.2222222222222222,0.3433333333333334,0.07903780068728522,0.0979381443298969,0.23907455012853474,0.14285714285714288,2
1,1,2,0.9278350515463917,0.4719387755102041,0.0,0.08500000000000008,0.7697594501718212,0.1134020618556701,0.8020565552699229,0.8843537414965987,2
2,1,1,0.16494845360824742,0.09948979591836735,0.3333333333333333,0.5800000000000001,0.041237113402061855,0.15979381443298968,0.15167095115681237,0.108843537414966,1
1,2,2,0.4845360824742268,0.4642857142857143,0.1111111111111111,0.52,0.20962199312714777,0.30412371134020616,0.4138817480719794,0.19727891156462588,1
1,1,2,0.5670103092783505,0.3086734693877551,0.6666666666666665,0.16000000000000003,0.18556701030927836,0.3865979381443299,0.44473007712082263,0.380952380952381,2
3,2,2,0.010309278350515462,0.012755102040816325,0.0,0.2633333333333334,0.017182130584192438,0.0,0.020565552699228794,0.01360544217687075,2
3,1,1,0.15463917525773194,0.07908163265306123,0.2222222222222222,0.31333333333333335,0.003436426116838488,0.02577319587628866,0.10796915167095116,0.108843537414966,2
4,1,2,0.7010309278350515,0.4744897959183673,0.2222222222222222,0.29166666666666674,0.044673539518900345,0.31443298969072164,0.37017994858611825,0.35374149659863946,2
1,2,2,0.20618556701030927,0.17091836734693877,0.8888888888888888,0.19500000000000006,0.06872852233676975,0.20103092783505155,0.15938303341902316,0.1292517006802721,2
2,2,2,0.6804123711340205,0.46938775510204084,0.3333333333333333,0.8016666666666667,0.6048109965635738,0.04639175257731959,0.6015424164524422,0.3673469387755102,1
1,2,1,0.22680412371134018,0.15051020408163263,0.5555555555555556,0.06166666666666665,0.11683848797250859,0.10824742268041238,0.23393316195372751,0.1564625850340136,2
0,2,1,0.04123711340206185,0.038265306122448974,0.5555555555555556,0.3516666666666667,0.010309278350515464,0.010309278350515464,0.048843187660668384,0.0272108843537415,2
4,1,2,0.6185567010309277,0.4336734693877551,0.2222222222222222,0.895,0.4329896907216495,0.19072164948453607,0.6272493573264782,0.3129251700680272,1
1,2,2,0.7628865979381443,0.6198979591836734,0.5555555555555556,0.8500000000000001,0.044673539518900345,0.5412371134020618,0.7712082262210798,0.35374149659863946,1
2,2,2,0.4742268041237113,0.2627551020408163,0.3333333333333333,0.4800000000000001,0.12714776632302405,0.26804123711340205,0.37789203084832906,0.30612244897959184,1
5,1,2,0.4123711340206186,0.2270408163265306,0.5555555555555556,0.9500000000000002,0.10996563573883161,0.12371134020618556,0.30848329048843187,0.38775510204081637,1
0,2,1,0.7216494845360825,0.520408163265306,0.4444444444444445,0.7216666666666667,0.5360824742268041,0.6185567010309279,0.48586118251928023,0.6734693877551021,1
5,2,1,0.6391752577319587,0.510204081632653,0.7777777777777777,0.08000000000000007,0.3436426116838488,0.5618556701030928,0.5167095115681235,0.46938775510204084,2
0,2,1,0.8969072164948453,0.5790816326530611,0.5555555555555556,0.7350000000000001,0.1924398625429553,0.5773195876288659,0.6889460154241646,0.4829931972789116,1
3,2,2,0.5051546391752577,0.3622448979591837,0.5555555555555556,0.010000000000000009,0.024054982817869414,0.4536082474226804,0.29048843187660667,0.19727891156462588,2
2,1,1,0.6288659793814433,0.4897959183673469,0.8888888888888888,0.21333333333333337,0.5463917525773195,0.3711340206185567,0.5038560411311055,0.44217687074829937,2
3,1,2,0.6597938144329897,0.5561224489795917,0.1111111111111111,0.2583333333333334,0.13058419243986255,0.15463917525773196,0.6375321336760926,0.5034013605442177,1
1,2,1,0.4742268041237113,0.3673469387755102,0.0,0.09333333333333338,0.24398625429553264,0.4536082474226804,0.33676092544987146,0.3741496598639456,1
0,1,2,0.0,0.0025510204081632647,0.1111111111111111,0.4900000000000001,0.017182130584192438,0.0,0.0025706940874035992,0.006802721088435375,1
0,2,1,0.7525773195876289,0.6505102040816326,0.8888888888888888,0.9066666666666667,0.3127147766323024,0.03092783505154639,0.4704370179948586,0.44217687074829937,1
4,1,2,0.9072164948453607,0.8775510204081631,0.1111111111111111,0.7850000000000001,0.16494845360824742,0.4896907216494845,0.8688946015424165,0.5238095238095238,1
2,1,2,0.5360824742268041,0.3112244897959184,0.1111111111111111,0.5366666666666666,0.49484536082474223,0.14948453608247422,0.29562982005141386,0.3673469387755102,1
1,2,1,0.15463917525773194,0.10714285714285714,1.0,0.30000000000000004,0.006872852233676976,0.03092783505154639,0.13110539845758357,0.1292517006802721,2
4,1,2,0.422680412371134,0.2857142857142857,1.0,0.06166666666666665,0.38144329896907214,0.30927835051546393,0.42930591259640105,0.35374149659863946,2
1,1,2,0.5154639175257731,0.2780612244897959,0.2222222222222222,0.6633333333333333,0.4845360824742268,0.3917525773195876,0.4755784061696658,0.1836734693877551,1
4,2,2,0.4329896907216495,0.4260204081632653,0.8888888888888888,0.0033333333333334103,0.034364261168384876,0.10824742268041238,0.35218508997429304,0.38775510204081637,2
1,2,1,0.3814432989690722,0.1913265306122449,0.6666666666666665,0.08166666666666667,0.3848797250859106,0.02577319587628866,0.29562982005141386,0.2448979591836735,2
0,1,2,0.09278350515463918,0.07653061224489796,0.4444444444444445,0.30333333333333334,0.09621993127147765,0.015463917525773195,0.06683804627249357,0.108843537414966,2
2,1,2,0.23711340206185563,0.20153061224489793,0.4444444444444445,0.21500000000000008,0.05154639175257732,0.211340206185567,0.14395886889460155,0.14965986394557823,2
4,1,2,0.03092783505154639,0.025510204081632647,0.3333333333333333,0.28500000000000003,0.017182130584192438,0.015463917525773195,0.030848329048843187,0.04761904761904762,2
0,1,1,0.9072164948453607,0.818877551020408,0.4444444444444445,0.9916666666666667,0.5773195876288659,0.29896907216494845,0.5244215938303343,0.6462585034013606,1
1,2,1,0.5051546391752577,0.510204081632653,0.8888888888888888,0.7616666666666667,0.4054982817869416,0.17525773195876287,0.33676092544987146,0.217687074829932,1
2,1,2,0.5154639175257731,0.336734693877551,0.0,0.7950000000000002,0.24054982817869416,0.26804123711340205,0.390745501285347,0.41496598639455784,1
5,2,1,0.4329896907216495,0.21938775510204078,0.1111111111111111,0.7683333333333333,0.27835051546391754,0.05154639175257732,0.35732647814910024,0.20408163265306123,1
1,1,2,0.17525773195876287,0.09948979591836735,0.5555555555555556,0.8683333333333334,0.17869415807560138,0.07731958762886598,0.12082262210796914,0.1836734693877551,1
4,2,1,0.9278350515463917,0.6683673469387754,0.2222222222222222,0.6033333333333335,0.034364261168384876,0.020618556701030927,0.6838046272493574,0.36054421768707484,1
2,2,1,0.4742268041237113,0.413265306122449,0.4444444444444445,0.08333333333333337,0.06872852233676975,0.33505154639175255,0.2853470437017995,0.19727891156462588,2
4,2,2,0.4845360824742268,0.2653061224489796,1.0,0.03500000000000003,0.041237113402061855,0.020618556701030927,0.27763496143958866,0.44217687074829937,2
3,1,1,0.4742268041237113,0.24999999999999997,0.1111111111111111,0.1133333333333334,0.3127147766323024,0.26288659793814434,0.41645244215938304,0.2380952380952381,2
4,1,2,0.9381443298969071,0.6275510204081632,0.6666666666666665,0.2583333333333334,0.9484536082474226,0.2422680412371134,0.8946015424164525,0.9455782312925171,2
5,2,1,0.7525773195876289,0.6198979591836734,0.3333333333333333,0.74,0.054982817869415807,0.18556701030927836,0.42159383033419023,0.6326530612244898,1
1,1,2,0.5876288659793814,0.42091836734693877,0.1111111111111111,0.8433333333333335,0.3848797250859106,0.5,0.5784061696658098,0.4829931972789116,1
0,1,2,0.9484536082474226,0.7040816326530611,0.2222222222222222,0.26,0.7353951890034364,0.9536082474226804,0.9074550128534705,0.5306122448979592,2
5,1,2,0.5257731958762886,0.33418367346938777,0.3333333333333333,0.6983333333333335,0.054982817869415807,0.010309278350515464,0.2853470437017995,0.36054421768707484,1
4,1,2,0.36082474226804123,0.22193877551020405,0.8888888888888888,0.6133333333333335,0.26804123711340205,0.08247422680412371,0.33676092544987146,0.2108843537414966,1
0,1,1,0.23711340206185563,0.14030612244897958,0.8888888888888888,0.32333333333333336,0.17525773195876287,0.2268041237113402,0.21079691516709514,0.1564625850340136,2
4,2,2,0.26804123711340205,0.26785714285714285,0.0,0.9016666666666668,0.024054982817869414,0.13402061855670103,0.17480719794344474,0.27891156462585037,1
0,1,1,0.5360824742268041,0.5382653061224489,0.3333333333333333,0.7016666666666667,0.281786941580756,0.32989690721649484,0.42159383033419023,0.5034013605442177,1
5,1,2,0.29896907216494845,0.23214285714285712,0.4444444444444445,0.19000000000000006,0.006872852233676976,0.27319587628865977,0.19794344473007713,0.1904761904761905,2
5,2,2,0.4742268041237113,0.3877551020408163,0.4444444444444445,0.8533333333333335,0.32646048109965636,0.07731958762886598,0.4498714652956298,0.2380952380952381,1
1,2,2,0.8865979381443299,0.4387755102040816,1.0,0.8866666666666667,0.06185567010309278,0.18556701030927836,0.609254498714653,0.5034013605442177,1
5,2,2,0.979381443298969,0.9362244897959183,0.6666666666666665,0.265,0.986254295532646,0.922680412371134,0.5784061696658098,0.380952380952381,2
2,1,1,0.6391752577319587,0.6071428571428571,0.2222222222222222,0.4866666666666667,0.0859106529209622,0.3247422680412371,0.5115681233933163,0.40816326530612246,1
5,1,2,0.32989690721649484,0.32653061224489793,1.0,0.3783333333333334,0.03092783505154639,0.23195876288659792,0.21336760925449874,0.272108843537415,2
4,2,2,0.3402061855670103,0.2525510204081633,0.5555555555555556,0.05500000000000005,0.2611683848797251,0.32989690721649484,0.20051413881748073,0.23129251700680273,2
3,2,2,0.30927835051546393,0.24744897959183673,0.8888888888888888,0.3866666666666667,0.1134020618556701,0.005154639175257732,0.2442159383033419,0.14285714285714288,2
2,1,1,0.4845360824742268,0.32653061224489793,0.8888888888888888,0.7566666666666668,0.281786941580756,0.17010309278350516,0.41645244215938304,0.489795918367347,1
0,1,1,0.1134020618556701,0.11479591836734694,0.1111111111111111,0.8916666666666668,0.017182130584192438,0.005154639175257732,0.07712082262210797,0.054421768707483,2
4,1,2,0.23711340206185563,0.1301020408163265,0.4444444444444445,0.4866666666666667,0.11683848797250859,0.07731958762886598,0.24678663239074553,0.19727891156462588,1
0,1,2,0.7525773195876289,0.6887755102040816,1.0,0.42166666666666675,0.3986254295532646,0.14432989690721648,0.6658097686375322,0.41496598639455784,1
2,1,2,0.05154639175257732,0.0433673469387755,0.3333333333333333,0.8433333333333335,0.06529209621993128,0.05670103092783505,0.048843187660668384,0.0272108843537415,1
4,1,1,0.8247422680412371,0.7193877551020408,0.0,0.13,0.23367697594501718,0.5773195876288659,0.6709511568123394,0.7823129251700681,1
1,2,2,0.6907216494845361,0.6607142857142856,0.1111111111111111,0.39,0.49828178694158076,0.61340206185567,0.37532133676092544,0.6394557823129252,1
1,2,1,0.13402061855670103,0.14285714285714285,0.7777777777777777,0.16666666666666674,0.14432989690721648,0.12371134020618556,0.11568123393316196,0.10204081632653061,2
3,1,2,0.6288659793814433,0.45918367346938777,0.8888888888888888,0.405,0.06185567010309278,0.4845360824742268,0.4473007712082262,0.2380952380952381,2
0,2,1,0.8865979381443299,0.645408163265306,0.4444444444444445,0.6916666666666667,0.8694158075601375,0.12886597938144329,0.8894601542416454,0.5850340136054423,1
4,1,1,0.8969072164948453,0.520408163265306,0.2222222222222222,0.6400000000000001,0.037800687285223365,0.4742268041237113,0.5167095115681235,0.45578231292517013,1
3,2,1,0.1958762886597938,0.14795918367346936,0.3333333333333333,0.07666666666666666,0.18900343642611683,0.03092783505154639,0.10796915167095116,0.19727891156462588,2
1,1,1,0.9278350515463917,0.7372448979591836,0.2222222222222222,0.615,0.3402061855670103,0.6649484536082474,0.5938303341902315,0.7959183673469389,1
2,2,2,0.3505154639175258,0.1964285714285714,0.5555555555555556,0.44333333333333336,0.36082474226804123,0.15463917525773196,0.22107969151670953,0.1836734693877551,1
0,2,1,0.8659793814432989,0.5943877551020408,0.0,0.10166666666666668,0.8865979381443299,0.27319587628865977,0.6272493573264782,0.5102040816326531,2
5,1,2,0.288659793814433,0.1964285714285714,0.2222222222222222,0.05500000000000005,0.10996563573883161,0.020618556701030927,0.20308483290488433,0.14965986394557823,2
3,2,1,0.5154639175257731,0.40816326530612246,0.3333333333333333,0.05833333333333335,0.32646048109965636,0.36082474226804123,0.34190231362467866,0.49659863945578236,2
3,1,1,0.7216494845360825,0.5127551020408163,0.4444444444444445,0.43000000000000005,0.0,0.6804123711340206,0.6915167095115682,0.7210884353741497,1
1,2,1,0.3917525773195876,0.3903061224489796,0.5555555555555556,0.22666666666666668,0.35738831615120276,0.14432989690721648,0.37275064267352187,0.217687074829932,2
1,2,2,0.22680412371134018,0.12499999999999999,0.0,0.1183333333333334,0.20962199312714777,0.15979381443298968,0.21079691516709514,0.09523809523809525,2
2,2,1,0.5463917525773195,0.461734693877551,0.4444444444444445,0.3583333333333334,0.23367697594501718,0.2268041237113402,0.46786632390745503,0.27891156462585037,2
0,2,1,0.9072164948453607,0.6122448979591836,0.4444444444444445,0.4983333333333334,0.44329896907216493,0.17525773195876287,0.6838046272493574,0.435374149659864,1
0,2,1,0.7938144329896907,0.6045918367346939,1.0,0.7133333333333334,0.6391752577319587,0.8041237113402062,0.5526992287917738,0.5034013605442177,1
2,2,1,0.6185567010309277,0.5433673469387754,1.0,0.6316666666666668,0.6391752577319587,0.12886597938144329,0.622107969151671,0.6190476190476191,1
3,1,1,0.7938144329896907,0.7372448979591836,0.1111111111111111,0.16500000000000004,0.7972508591065292,0.28350515463917525,0.7686375321336761,0.46938775510204084,1
3,2,2,0.10309278350515463,0.10714285714285714,0.2222222222222222,0.865,0.04810996563573883,0.05670103092783505,0.10539845758354756,0.06122448979591837,1
1,1,2,0.4639175257731959,0.29081632653061223,0.2222222222222222,0.01333333333333342,0.4054982817869416,0.05670103092783505,0.38046272493573263,0.25170068027210885,2
5,1,1,0.5876288659793814,0.3903061224489796,0.0,0.7166666666666668,0.4329896907216495,0.2422680412371134,0.40102827763496146,0.40136054421768713,1
4,2,1,0.12371134020618556,0.12244897959183675,0.6666666666666665,0.020000000000000018,0.1374570446735395,0.05154639175257732,0.07455012853470437,0.09523809523809525,2
3,2,1,0.4639175257731959,0.31887755102040816,0.7777777777777777,0.7333333333333334,0.07560137457044673,0.44329896907216493,0.2930591259640103,0.41496598639455784,1
5,1,1,0.7628865979381443,0.5025510204081632,0.4444444444444445,0.3700000000000001,0.7388316151202748,0.07216494845360824,0.5167095115681235,0.29251700680272114,2
4,1,2,0.7216494845360825,0.423469387755102,0.1111111111111111,0.6700000000000002,0.5463917525773195,0.36597938144329895,0.557840616966581,0.653061224489796,1
4,2,1,0.12371134020618556,0.10204081632653061,0.7777777777777777,0.245,0.12371134020618556,0.06185567010309278,0.12853470437017997,0.06802721088435375,2
5,1,2,0.12371134020618556,0.0663265306122449,0.1111111111111111,0.8816666666666668,0.027491408934707903,0.03092783505154639,0.13110539845758357,0.108843537414966,1
2,1,2,0.7938144329896907,0.4642857142857143,0.8888888888888888,0.7116666666666667,0.6941580756013745,0.6391752577319587,0.49614395886889456,0.4829931972789116,1
5,2,1,0.7628865979381443,0.46938775510204084,0.6666666666666665,0.3483333333333334,0.2920962199312715,0.4381443298969072,0.5629820051413882,0.25170068027210885,2
3,1,1,0.9690721649484535,0.8647959183673468,0.0,0.7416666666666667,0.0859106529209622,0.10309278350515463,0.840616966580977,0.45578231292517013,1
1,2,2,0.21649484536082472,0.1607142857142857,0.8888888888888888,0.3550000000000001,0.15807560137457044,0.04639175257731959,0.22365038560411313,0.108843537414966,2
2,2,2,0.8144329896907216,0.4642857142857143,0.2222222222222222,0.12,0.6563573883161512,0.5257731958762887,0.7892030848329049,0.5374149659863946,2
2,1,1,0.010309278350515462,0.01020408163265306,0.1111111111111111,0.18500000000000005,0.020618556701030927,0.0,0.023136246786632394,0.006802721088435375,2
4,1,2,0.4639175257731959,0.26785714285714285,1.0,0.32500000000000007,0.38831615120274915,0.35051546391752575,0.42930591259640105,0.30612244897959184,2
5,2,2,0.09278350515463918,0.05612244897959184,0.1111111111111111,0.8783333333333334,0.08247422680412371,0.05154639175257732,0.09768637532133675,0.04081632653061225,1
4,2,2,0.8659793814432989,0.6326530612244897,0.2222222222222222,0.8666666666666667,0.49484536082474223,0.25773195876288657,0.660668380462725,0.5646258503401361,1
5,1,1,0.8762886597938143,0.7091836734693877,0.4444444444444445,0.6000000000000001,0.8762886597938144,0.041237113402061855,0.6580976863753214,0.6870748299319729,1
0,2,2,0.20618556701030927,0.211734693877551,0.1111111111111111,0.43833333333333335,0.03092783505154639,0.05154639175257732,0.10539845758354756,0.1904761904761905,1
1,2,1,0.03092783505154639,0.028061224489795915,0.4444444444444445,0.9716666666666667,0.03092783505154639,0.0,0.03598971722365039,0.020408163265306124,1
0,2,1,0.9175257731958762,0.5535714285714285,0.5555555555555556,0.14500000000000002,0.8694158075601375,0.8041237113402062,0.8071979434447302,0.4761904761904762,2
1,1,2,0.20618556701030927,0.21428571428571427,0.5555555555555556,0.5216666666666667,0.017182130584192438,0.09278350515463918,0.13881748071979436,0.163265306122449,1
0,2,1,0.20618556701030927,0.1964285714285714,0.6666666666666665,0.05833333333333335,0.09621993127147765,0.19072164948453607,0.16966580976863754,0.19727891156462588,2
1,1,1,0.9690721649484535,0.8724489795918366,0.0,0.8250000000000002,0.32646048109965636,0.04639175257731959,0.8149100257069409,0.6326530612244898,1
1,1,1,0.6494845360824741,0.3469387755102041,0.3333333333333333,0.11499999999999999,0.32989690721649484,0.015463917525773195,0.43444730077120824,0.5646258503401361,2
4,1,1,0.22680412371134018,0.18112244897959182,0.8888888888888888,0.9800000000000002,0.09278350515463918,0.08247422680412371,0.18766066838046275,0.217687074829932,1
4,2,2,0.5463917525773195,0.30612244897959184,0.2222222222222222,0.7366666666666668,0.44329896907216493,0.13917525773195877,0.5012853470437019,0.29251700680272114,1
0,1,2,0.49484536082474223,0.3596938775510204,0.1111111111111111,0.9566666666666668,0.10309278350515463,0.47938144329896903,0.35475578406169667,0.2653061224489796,1
1,1,2,0.2577319587628866,0.19897959183673466,0.7777777777777777,0.6516666666666668,0.06872852233676975,0.18556701030927836,0.20051413881748073,0.14285714285714288,1
3,2,1,0.8556701030927835,0.7653061224489796,0.5555555555555556,0.77,0.436426116838488,0.19072164948453607,0.506426735218509,0.28571428571428575,1
1,1,2,0.4329896907216495,0.2653061224489796,0.8888888888888888,0.040000000000000036,0.07560137457044673,0.17010309278350516,0.31876606683804626,0.3673469387755102,2
4,2,2,0.03092783505154639,0.038265306122448974,1.0,0.7950000000000002,0.03092783505154639,0.015463917525773195,0.025706940874035994,0.01360544217687075,1
0,1,2,0.8350515463917525,0.5382653061224489,0.0,0.6033333333333335,0.20962199312714777,0.634020618556701,0.622107969151671,0.6938775510204083,1
2,2,1,0.5979381443298969,0.3239795918367347,0.5555555555555556,0.27,0.07216494845360824,0.12886597938144329,0.3676092544987147,0.380952380952381,2
3,2,1,0.3917525773195876,0.2576530612244898,0.6666666666666665,0.5150000000000001,0.07216494845360824,0.3556701030927835,0.2930591259640103,0.3129251700680272,1
5,1,1,0.4329896907216495,0.29081632653061223,1.0,0.4833333333333334,0.03092783505154639,0.13917525773195877,0.390745501285347,0.1564625850340136,1
3,1,1,0.4329896907216495,0.39540816326530615,0.8888888888888888,0.7983333333333333,0.24742268041237112,0.27835051546391754,0.37532133676092544,0.2448979591836735,1
2,1,1,0.17525773195876287,0.11989795918367348,0.6666666666666665,0.5683333333333334,0.034364261168384876,0.04639175257731959,0.13367609254498716,0.163265306122449,1
0,1,1,0.49484536082474223,0.461734693877551,0.5555555555555556,0.7533333333333334,0.5017182130584192,0.20618556701030927,0.2622107969151671,0.44217687074829937,1
0,1,2,0.8041237113402061,0.596938775510204,0.4444444444444445,0.008333333333333415,0.7628865979381443,0.5979381443298969,0.43444730077120824,0.8163265306122449,2
4,2,2,0.8247422680412371,0.520408163265306,0.4444444444444445,0.41000000000000003,0.3711340206185567,0.36082474226804123,0.634961439588689,0.7210884353741497,2
2,1,2,0.7010309278350515,0.6096938775510203,0.3333333333333333,0.8883333333333334,0.47079037800687284,0.211340206185567,0.6632390745501286,0.6190476190476191,1
2,2,2,0.22680412371134018,0.21683673469387754,0.8888888888888888,0.20166666666666666,0.10996563573883161,0.07731958762886598,0.16452442159383035,0.09523809523809525,2
5,1,2,0.6597938144329897,0.4719387755102041,0.1111111111111111,0.5650000000000002,0.10996563573883161,0.05670103092783505,0.6375321336760926,0.29251700680272114,1
3,1,2,0.30927835051546393,0.1683673469387755,1.0,0.7250000000000001,0.05154639175257732,0.19072164948453607,0.22879177377892032,0.2108843537414966,1
0,2,1,0.24742268041237112,0.1301020408163265,0.0,0.1283333333333334,0.003436426116838488,0.25257731958762886,0.14910025706940874,0.1836734693877551,2
3,2,2,0.6907216494845361,0.3903061224489796,1.0,0.01666666666666672,0.15463917525773196,0.18556701030927836,0.5167095115681235,0.326530612244898,2
4,1,2,0.4742268041237113,0.3494897959183674,0.0,0.6583333333333334,0.38831615120274915,0.08762886597938144,0.38817480719794345,0.3129251700680272,1
1,2,1,0.010309278350515462,0.022959183673469385,0.1111111111111111,0.09166666666666667,0.024054982817869414,0.015463917525773195,0.012853470437017997,0.01360544217687075,1
1,2,1,0.422680412371134,0.3520408163265306,0.5555555555555556,0.3750000000000001,0.07216494845360824,0.05670103092783505,0.35475578406169667,0.3741496598639456,2
5,2,2,0.05154639175257732,0.05357142857142857,1.0,0.050000000000000044,0.044673539518900345,0.03608247422680412,0.056555269922879174,0.034013605442176874,2
5,1,2,0.9484536082474226,0.6505102040816326,0.6666666666666665,0.5416666666666667,0.9690721649484536,0.7938144329896907,0.7840616966580978,0.7551020408163266,1
3,2,1,0.061855670103092786,0.0663265306122449,0.4444444444444445,0.5733333333333335,0.020618556701030927,0.02577319587628866,0.06683804627249357,0.0272108843537415,1
5,2,2,0.4329896907216495,0.37244897959183676,0.1111111111111111,0.9416666666666667,0.281786941580756,0.31958762886597936,0.37532133676092544,0.2380952380952381,1
1,1,1,0.4639175257731959,0.36989795918367346,0.2222222222222222,0.6016666666666668,0.2920962199312715,0.30927835051546393,0.34190231362467866,0.435374149659864,1
2,2,2,0.21649484536082472,0.11989795918367348,0.3333333333333333,0.9733333333333334,0.04810996563573883,0.08762886597938144,0.14910025706940874,0.10204081632653061,1
5,1,1,0.8556701030927835,0.673469387755102,0.4444444444444445,0.8383333333333334,0.017182130584192438,0.8556701030927835,0.6195372750642674,0.653061224489796,1
2,1,2,0.7628865979381443,0.7142857142857142,0.5555555555555556,0.8333333333333335,0.6769759450171822,0.7628865979381443,0.39331619537275064,0.5306122448979592,1
2,1,2,0.30927835051546393,0.3137755102040816,0.8888888888888888,0.8266666666666667,0.21305841924398625,0.18041237113402062,0.23907455012853474,0.1360544217687075,1
4,2,2,0.22680412371134018,0.11989795918367348,0.1111111111111111,0.6933333333333334,0.05154639175257732,0.14432989690721648,0.16966580976863754,0.09523809523809525,1
0,1,1,0.03092783505154639,0.020408163265306124,0.8888888888888888,0.29833333333333334,0.05154639175257732,0.02577319587628866,0.038560411311053984,0.04081632653061225,2
3,2,1,0.8556701030927835,0.7142857142857142,0.0,0.8500000000000001,0.865979381443299,0.22164948453608246,0.46786632390745503,0.7278911564625851,1
0,1,1,0.8969072164948453,0.5255102040816326,0.8888888888888888,0.44666666666666677,0.6460481099656358,0.03608247422680412,0.8329048843187662,0.36054421768707484,1
0,1,2,0.26804123711340205,0.13520408163265304,0.3333333333333333,0.9033333333333333,0.0,0.06701030927835051,0.14910025706940874,0.1292517006802721,1
3,2,1,0.27835051546391754,0.17091836734693877,0.1111111111111111,0.8433333333333335,0.1958762886597938,0.28865979381443296,0.14395886889460155,0.20408163265306123,1
1,1,1,0.4845360824742268,0.44387755102040816,0.3333333333333333,0.7033333333333334,0.3161512027491409,0.37628865979381443,0.4138817480719794,0.20408163265306123,1
5,2,2,0.9690721649484535,0.520408163265306,0.6666666666666665,0.2366666666666667,0.8865979381443299,0.5051546391752577,0.8097686375321338,0.5578231292517007,2
3,1,1,0.3195876288659794,0.2423469387755102,0.2222222222222222,0.10000000000000009,0.15463917525773196,0.03092783505154639,0.2750642673521851,0.29931972789115646,2
3,2,2,0.26804123711340205,0.14285714285714285,0.1111111111111111,0.2683333333333334,0.054982817869415807,0.020618556701030927,0.22107969151670953,0.1904761904761905,2
2,1,2,0.7835051546391752,0.5586734693877551,0.4444444444444445,0.7250000000000001,0.3333333333333333,0.23711340206185566,0.5835475578406171,0.46938775510204084,1
4,1,1,0.23711340206185563,0.20663265306122447,0.5555555555555556,0.7683333333333333,0.21649484536082475,0.06701030927835051,0.20822622107969152,0.108843537414966,1
0,1,2,0.4329896907216495,0.2627551020408163,1.0,0.5883333333333334,0.23367697594501718,0.23711340206185566,0.4241645244215938,0.3673469387755102,1
0,2,2,0.7938144329896907,0.7780612244897959,0.1111111111111111,0.7100000000000002,0.1718213058419244,0.7525773195876289,0.6041131105398458,0.3741496598639456,1
1,1,2,0.8969072164948453,0.568877551020408,0.8888888888888888,0.5283333333333333,0.28865979381443296,0.7989690721649484,0.7095115681233933,0.7959183673469389,1
0,1,2,0.556701030927835,0.33418367346938777,0.0,0.2666666666666667,0.11683848797250859,0.211340206185567,0.37275064267352187,0.27891156462585037,2
1,2,2,0.12371134020618556,0.07653061224489796,0.3333333333333333,0.010000000000000009,0.10996563573883161,0.041237113402061855,0.06169665809768638,0.054421768707483,2
5,1,1,0.03092783505154639,0.028061224489795915,0.1111111111111111,0.28500000000000003,0.017182130584192438,0.005154639175257732,0.025706940874035994,0.020408163265306124,2
1,1,1,0.5051546391752577,0.3826530612244898,0.1111111111111111,0.5466666666666666,0.23711340206185566,0.17010309278350516,0.44473007712082263,0.1836734693877551,1
3,1,2,0.9896907216494845,0.645408163265306,0.4444444444444445,0.17333333333333334,0.8384879725085911,0.34536082474226804,0.9434447300771209,0.7823129251700681,2
2,1,1,0.8659793814432989,0.5433673469387754,0.7777777777777777,0.8400000000000001,0.5292096219931272,0.015463917525773195,0.6812339331619538,0.4829931972789116,1
3,2,2,0.14432989690721648,0.09183673469387756,1.0,0.8400000000000001,0.03092783505154639,0.12886597938144329,0.07455012853470437,0.054421768707483,1
1,2,1,0.23711340206185563,0.16326530612244897,0.0,0.33666666666666667,0.11683848797250859,0.13402061855670103,0.23393316195372751,0.09523809523809525,2
0,1,2,0.9587628865979381,0.568877551020408,0.2222222222222222,0.935,0.8487972508591065,0.6804123711340206,0.737789203084833,0.380952380952381,1
2,2,1,0.288659793814433,0.1913265306122449,0.6666666666666665,0.42500000000000004,0.2268041237113402,0.13917525773195877,0.23907455012853474,0.11564625850340136,1
0,2,2,0.5051546391752577,0.3392857142857143,0.8888888888888888,0.08500000000000008,0.058419243986254296,0.19072164948453607,0.36246786632390743,0.5170068027210885,2
2,2,1,0.7628865979381443,0.5943877551020408,0.2222222222222222,0.09666666666666668,0.6941580756013745,0.14948453608247422,0.5604113110539847,0.7414965986394558,2
5,1,2,0.8865979381443299,0.4719387755102041,0.6666666666666665,0.8933333333333333,0.5945017182130584,0.520618556701031,0.8329048843187662,0.3673469387755102,1
4,2,1,0.09278350515463918,0.0663265306122449,0.1111111111111111,0.42333333333333334,0.09621993127147765,0.05154639175257732,0.09768637532133675,0.108843537414966,1
3,1,2,0.8762886597938143,0.770408163265306,0.0,0.2383333333333334,0.4054982817869416,0.09278350515463918,0.6246786632390746,0.5510204081632654,1
5,2,2,0.6082474226804123,0.5943877551020408,0.1111111111111111,0.7083333333333335,0.5979381443298969,0.26288659793814434,0.39331619537275064,0.326530612244898,1
2,2,1,0.17525773195876287,0.17091836734693877,0.6666666666666665,0.8633333333333335,0.16494845360824742,0.18041237113402062,0.10796915167095116,0.14285714285714288,1
1,2,2,0.9999999999999999,0.9795918367346937,0.2222222222222222,0.6166666666666667,0.6666666666666666,0.6494845360824743,0.9125964010282777,0.44217687074829937,1
0,1,2,0.5773195876288659,0.5306122448979591,0.2222222222222222,0.19000000000000006,0.27147766323024053,0.12371134020618556,0.40359897172236503,0.380952380952381,2
2,2,1,0.9587628865979381,0.9362244897959183,0.3333333333333333,0.9783333333333335,0.7491408934707904,0.9432989690721649,0.48586118251928023,0.7959183673469389,1
3,1,1,0.7938144329896907,0.6709183673469387,0.5555555555555556,0.18166666666666675,0.5876288659793815,0.07216494845360824,0.5706940874035991,0.5918367346938775,2
1,2,1,0.1134020618556701,0.10714285714285714,0.6666666666666665,0.6316666666666668,0.09278350515463918,0.10824742268041238,0.08740359897172237,0.108843537414966,1
4,1,1,0.05154639175257732,0.05867346938775509,0.8888888888888888,0.29666666666666675,0.020618556701030927,0.03092783505154639,0.04627249357326478,0.020408163265306124,2
3,1,2,0.04123711340206185,0.022959183673469385,0.0,0.7533333333333334,0.037800687285223365,0.02577319587628866,0.05141388174807198,0.04761904761904762,1
0,1,2,0.9484536082474226,0.8341836734693877,0.1111111111111111,0.5266666666666668,0.5292096219931272,0.25773195876288657,0.6375321336760926,0.5306122448979592,1
2,2,1,0.3711340206185567,0.3112244897959184,0.6666666666666665,0.9033333333333333,0.12714776632302405,0.34536082474226804,0.3676092544987147,0.36054421768707484,1
3,1,1,0.7835051546391752,0.6632653061224489,1.0,0.9000000000000001,0.041237113402061855,0.5824742268041236,0.6118251928020566,0.36054421768707484,1
3,1,1,0.7835051546391752,0.6989795918367346,0.2222222222222222,0.21666666666666667,0.06872852233676975,0.41237113402061853,0.6632390745501286,0.36054421768707484,2
4,2,2,0.2577319587628866,0.17091836734693877,0.1111111111111111,0.08500000000000008,0.037800687285223365,0.11855670103092783,0.20565552699228792,0.1836734693877551,2
5,2,2,0.04123711340206185,0.0510204081632653,0.1111111111111111,0.07833333333333337,0.0,0.0,0.04113110539845759,0.01360544217687075,2
3,2,1,0.8041237113402061,0.7270408163265305,0.4444444444444445,0.4600000000000001,0.6460481099656358,0.3865979381443299,0.41131105398457585,0.8095238095238095,1
0,2,1,0.3917525773195876,0.2729591836734694,0.3333333333333333,0.8316666666666668,0.15120274914089346,0.31443298969072164,0.37017994858611825,0.28571428571428575,1
1,2,1,0.3195876288659794,0.26785714285714285,0.0,0.41666666666666674,0.20618556701030927,0.1958762886597938,0.2750642673521851,0.3197278911564626,1
2,1,2,0.5773195876288659,0.33163265306122447,0.1111111111111111,0.9633333333333334,0.28865979381443296,0.27835051546391754,0.4704370179948586,0.30612244897959184,1
3,1,1,0.22680412371134018,0.11479591836734694,0.5555555555555556,0.9916666666666667,0.23367697594501718,0.015463917525773195,0.17994858611825196,0.22448979591836737,1
4,2,2,0.7628865979381443,0.7499999999999999,0.2222222222222222,0.5050000000000001,0.10996563573883161,0.14948453608247422,0.7069408740359898,0.7482993197278912,1
2,2,1,0.23711340206185563,0.1683673469387755,0.5555555555555556,0.04166666666666674,0.1993127147766323,0.08247422680412371,0.15681233933161956,0.2448979591836735,2
2,1,2,0.3195876288659794,0.29336734693877553,0.1111111111111111,0.15500000000000003,0.1958762886597938,0.19072164948453607,0.16709511568123395,0.17687074829931973,1
3,1,2,0.9896907216494845,0.7653061224489796,0.0,0.52,0.3676975945017182,0.23711340206185566,0.8174807197943446,0.380952380952381,1
0,1,1,0.08247422680412371,0.08928571428571429,0.3333333333333333,0.42166666666666675,0.0859106529209622,0.05154639175257732,0.04627249357326478,0.08843537414965986,1
0,2,1,0.23711340206185563,0.21683673469387754,0.6666666666666665,0.14833333333333343,0.2508591065292096,0.07216494845360824,0.21079691516709514,0.2448979591836735,2
0,1,2,0.17525773195876287,0.16581632653061223,0.1111111111111111,0.8033333333333335,0.003436426116838488,0.17525773195876287,0.11825192802056554,0.163265306122449,1
3,1,2,0.29896907216494845,0.20918367346938774,0.5555555555555556,0.32166666666666677,0.29896907216494845,0.26288659793814434,0.30077120822622105,0.1360544217687075,2
5,1,1,0.5979381443298969,0.29591836734693877,0.0,0.5483333333333333,0.0859106529209622,0.0,0.48586118251928023,0.28571428571428575,1
5,2,2,0.6494845360824741,0.5433673469387754,0.4444444444444445,0.19833333333333336,0.054982817869415807,0.5618556701030928,0.5655526992287918,0.44897959183673475,2
2,2,1,0.5876288659793814,0.39540816326530615,0.0,0.2400000000000001,0.49140893470790376,0.22164948453608246,0.5141388174807199,0.3741496598639456,2
5,2,1,0.6494845360824741,0.39540816326530615,0.7777777777777777,0.0016666666666667052,0.3161512027491409,0.5103092783505154,0.43958868894601544,0.4829931972789116,2
0,1,1,0.3711340206185567,0.2780612244897959,1.0,0.29833333333333334,0.037800687285223365,0.32989690721649484,0.30077120822622105,0.3673469387755102,2
3,2,1,0.288659793814433,0.28316326530612246,0.4444444444444445,0.20666666666666667,0.06185567010309278,0.21649484536082475,0.27249357326478146,0.10204081632653061,2
0,1,2,0.422680412371134,0.423469387755102,0.8888888888888888,0.28166666666666673,0.006872852233676976,0.29896907216494845,0.30077120822622105,0.4217687074829932,2
4,2,1,0.3402061855670103,0.2040816326530612,0.0,0.9950000000000001,0.27147766323024053,0.28350515463917525,0.3161953727506427,0.12244897959183675,1
3,2,2,0.010309278350515462,0.005102040816326529,0.0,0.29500000000000004,0.024054982817869414,0.010309278350515464,0.012853470437017997,0.0272108843537415,2
3,2,1,0.04123711340206185,0.028061224489795915,0.7777777777777777,0.3483333333333334,0.020618556701030927,0.015463917525773195,0.053984575835475584,0.06122448979591837,2
0,1,1,0.061855670103092786,0.03571428571428571,0.1111111111111111,0.7533333333333334,0.07903780068728522,0.05670103092783505,0.07455012853470437,0.0272108843537415,1
0,2,1,0.556701030927835,0.47959183673469385,0.6666666666666665,0.9583333333333335,0.5738831615120275,0.2422680412371134,0.38046272493573263,0.5238095238095238,1
2,2,1,0.16494845360824742,0.08418367346938775,0.1111111111111111,0.07166666666666666,0.11683848797250859,0.05670103092783505,0.15167095115681237,0.10204081632653061,2
0,1,2,0.6804123711340205,0.5229591836734693,1.0,0.865,0.5670103092783505,0.61340206185567,0.6786632390745502,0.54421768707483,1
2,1,1,0.4123711340206186,0.42091836734693877,0.0,0.22166666666666668,0.1134020618556701,0.0,0.35475578406169667,0.25170068027210885,1
1,2,1,0.0,0.0025510204081632647,0.2222222222222222,0.78,0.010309278350515464,0.005154639175257732,0.007712082262210798,0.0,1
2,1,1,0.8556701030927835,0.8035714285714285,0.2222222222222222,0.6900000000000002,0.584192439862543,0.04639175257731959,0.6760925449871465,0.380952380952381,1
2,2,1,0.26804123711340205,0.24999999999999997,0.7777777777777777,0.385,0.09965635738831614,0.14948453608247422,0.17737789203084833,0.27891156462585037,2
0,1,1,0.3505154639175258,0.211734693877551,0.2222222222222222,0.3816666666666667,0.12027491408934708,0.17010309278350516,0.2827763496143959,0.35374149659863946,2
1,2,2,0.6185567010309277,0.4897959183673469,1.0,0.2466666666666667,0.1134020618556701,0.36597938144329895,0.5681233933161954,0.54421768707483,2
1,1,2,0.2577319587628866,0.24744897959183673,0.0,0.4733333333333334,0.2233676975945017,0.13917525773195877,0.19023136246786634,0.23129251700680273,1
1,1,2,0.6804123711340205,0.5765306122448979,0.1111111111111111,0.3350000000000001,0.13402061855670103,0.4845360824742268,0.4370179948586118,0.29931972789115646,1
2,2,2,0.6288659793814433,0.6173469387755102,0.8888888888888888,0.9133333333333333,0.35051546391752575,0.18041237113402062,0.4601542416452442,0.5578231292517007,1
4,2,2,0.8865979381443299,0.47959183673469385,0.2222222222222222,0.4766666666666667,0.6048109965635738,0.4536082474226804,0.5218508997429306,0.8435374149659864,1
1,1,2,0.5876288659793814,0.3239795918367347,0.0,0.14333333333333342,0.5601374570446735,0.25773195876288657,0.30077120822622105,0.2585034013605442,2
5,2,1,0.9896907216494845,0.9591836734693877,0.8888888888888888,0.0016666666666667052,0.23024054982817868,0.25257731958762886,0.8740359897172237,0.4217687074829932,2
2,1,2,0.3195876288659794,0.2040816326530612,0.2222222222222222,0.5883333333333334,0.16151202749140894,0.15979381443298968,0.20565552699228792,0.3129251700680272,1
4,1,1,0.010309278350515462,0.005102040816326529,0.6666666666666665,0.2466666666666667,0.024054982817869414,0.005154639175257732,0.012853470437017997,0.006802721088435375,2
1,2,1,0.4742268041237113,0.288265306122449,0.7777777777777777,0.6600000000000001,0.04810996563573883,0.4845360824742268,0.29562982005141386,0.44217687074829937,1
1,1,2,0.7525773195876289,0.7142857142857142,0.7777777777777777,0.6783333333333335,0.3333333333333333,0.05670103092783505,0.41131105398457585,0.45578231292517013,1
2,2,2,0.8659793814432989,0.5459183673469387,0.1111111111111111,0.21500000000000008,0.18900343642611683,0.5567010309278351,0.7866323907455014,0.40816326530612246,2
4,2,2,0.8969072164948453,0.5306122448979591,0.2222222222222222,0.5516666666666667,0.14432989690721648,0.010309278350515464,0.6555269922879178,0.4217687074829932,1
5,2,1,0.9690721649484535,0.7474489795918366,0.1111111111111111,0.2433333333333334,0.7869415807560137,0.18041237113402062,0.9331619537275065,0.8979591836734695,1
0,1,1,0.7731958762886597,0.45408163265306123,0.8888888888888888,0.675,0.20962199312714777,0.26288659793814434,0.6041131105398458,0.4285714285714286,1
3,2,1,0.7010309278350515,0.38010204081632654,0.0,0.6816666666666666,0.3539518900343642,0.6443298969072164,0.5244215938303343,0.272108843537415,1
4,2,1,0.7835051546391752,0.4897959183673469,0.6666666666666665,0.7316666666666667,0.06529209621993128,0.46391752577319584,0.5167095115681235,0.29931972789115646,1
4,1,2,0.9484536082474226,0.8239795918367346,0.1111111111111111,0.9966666666666668,0.6254295532646048,0.20618556701030927,0.557840616966581,0.6938775510204083,1
4,2,1,0.04123711340206185,0.04591836734693877,0.2222222222222222,0.43000000000000005,0.044673539518900345,0.05154639175257732,0.048843187660668384,0.020408163265306124,1
3,1,2,0.5051546391752577,0.33163265306122447,0.1111111111111111,0.4816666666666667,0.3848797250859106,0.13917525773195877,0.5115681233933163,0.41496598639455784,1
2,1,1,0.3711340206185567,0.3596938775510204,0.0,0.0016666666666667052,0.07903780068728522,0.07216494845360824,0.18766066838046275,0.163265306122449,2
2,2,1,0.5257731958762886,0.5331632653061223,0.6666666666666665,0.3600000000000001,0.07560137457044673,0.25773195876288657,0.5295629820051414,0.5238095238095238,2
5,2,2,0.09278350515463918,0.08418367346938775,0.5555555555555556,0.025000000000000022,0.044673539518900345,0.03608247422680412,0.07197943444730077,0.09523809523809525,2
3,2,2,0.6391752577319587,0.3596938775510204,0.4444444444444445,0.41000000000000003,0.3642611683848797,0.5154639175257731,0.5372750642673523,0.34693877551020413,2
0,2,1,0.5051546391752577,0.3622448979591837,0.6666666666666665,0.43166666666666675,0.37800687285223367,0.05670103092783505,0.30848329048843187,0.40816326530612246,1
3,1,1,0.5257731958762886,0.423469387755102,0.0,0.08333333333333337,0.5429553264604811,0.15979381443298968,0.35989717223650386,0.46258503401360546,1
1,1,2,0.6701030927835051,0.46938775510204084,0.3333333333333333,0.4716666666666667,0.31958762886597936,0.211340206185567,0.4318766066838046,0.46938775510204084,1
2,2,2,0.3917525773195876,0.23214285714285712,0.3333333333333333,0.9566666666666668,0.15120274914089346,0.19072164948453607,0.2544987146529563,0.326530612244898,1
2,2,1,0.3814432989690722,0.288265306122449,0.3333333333333333,0.8466666666666667,0.1993127147766323,0.15979381443298968,0.32390745501285345,0.34013605442176875,1
1,1,1,0.14432989690721648,0.11734693877551021,0.7777777777777777,0.31166666666666676,0.14776632302405499,0.05670103092783505,0.09254498714652956,0.1360544217687075,2
3,1,2,0.2577319587628866,0.1913265306122449,0.6666666666666665,0.9500000000000002,0.18556701030927836,0.27319587628865977,0.13881748071979436,0.14285714285714288,1
3,1,2,0.12371134020618556,0.08928571428571429,0.3333333333333333,0.9000000000000001,0.058419243986254296,0.010309278350515464,0.12853470437017997,0.10204081632653061,1
4,2,1,0.8041237113402061,0.48214285714285715,0.8888888888888888,0.6366666666666667,0.0859106529209622,0.4587628865979381,0.480719794344473,0.36054421768707484,1
3,1,1,0.8247422680412371,0.7295918367346939,0.4444444444444445,0.6133333333333335,0.8178694158075601,0.23195876288659792,0.7300771208226222,0.7414965986394558,1
5,1,1,0.4742268041237113,0.25510204081632654,0.3333333333333333,0.8016666666666667,0.16494845360824742,0.35051546391752575,0.27763496143958866,0.29251700680272114,1
4,1,2,0.8144329896907216,0.4770408163265306,0.2222222222222222,0.125,0.140893470790378,0.7474226804123711,0.4832904884318766,0.8095238095238095,2
4,2,2,0.5876288659793814,0.37244897959183676,0.6666666666666665,0.9283333333333335,0.08934707903780069,0.4896907216494845,0.40359897172236503,0.2380952380952381,1
5,1,1,0.8144329896907216,0.8112244897959183,0.2222222222222222,0.8716666666666668,0.6254295532646048,0.09278350515463918,0.6118251928020566,0.44217687074829937,1
0,1,2,0.12371134020618556,0.11989795918367348,0.3333333333333333,0.6433333333333333,0.06185567010309278,0.0979381443298969,0.07455012853470437,0.10204081632653061,1
1,1,2,0.14432989690721648,0.1530612244897959,0.0,0.7016666666666667,0.10309278350515463,0.03092783505154639,0.12596401028277637,0.06122448979591837,1
4,1,2,0.4536082474226804,0.23214285714285712,0.8888888888888888,0.40833333333333344,0.027491408934707903,0.12371134020618556,0.2879177377892031,0.4285714285714286,2
1,2,2,0.27835051546391754,0.21938775510204078,0.2222222222222222,0.3716666666666667,0.03092783505154639,0.28865979381443296,0.24164524421593833,0.12244897959183675,2
2,1,1,0.8659793814432989,0.6275510204081632,1.0,0.5116666666666667,0.46735395189003437,0.3917525773195876,0.8097686375321338,0.3673469387755102,1
4,2,2,0.3711340206185567,0.37244897959183676,1.0,0.21333333333333337,0.2233676975945017,0.18041237113402062,0.30591259640102825,0.17006802721088438,2
0,2,2,0.8247422680412371,0.510204081632653,0.1111111111111111,0.6100000000000001,0.45017182130584193,0.5257731958762887,0.6580976863753214,0.5306122448979592,1
3,1,2,0.30927835051546393,0.24999999999999997,1.0,0.6733333333333333,0.11683848797250859,0.24742268041237112,0.22365038560411313,0.2653061224489796,1
0,2,1,0.8144329896907216,0.5994897959183673,0.4444444444444445,0.8233333333333335,0.18556701030927836,0.7989690721649484,0.5244215938303343,0.5986394557823129,1
1,1,1,0.9896907216494845,0.586734693877551,0.5555555555555556,0.21666666666666667,0.10996563573883161,0.6494845360824743,0.776349614395887,0.9455782312925171,2
0,2,2,0.0,0.005102040816326529,1.0,0.5250000000000001,0.017182130584192438,0.010309278350515464,0.007712082262210798,0.01360544217687075,1
0,2,2,0.6597938144329897,0.3520408163265306,1.0,0.10000000000000009,0.23367697594501718,0.26288659793814434,0.6452442159383034,0.5306122448979592,2
0,2,2,0.9175257731958762,0.45918367346938777,0.6666666666666665,0.2633333333333334,0.20962199312714777,0.4742268041237113,0.8688946015424165,0.6802721088435375,2
2,2,2,0.5463917525773195,0.5127551020408163,0.5555555555555556,0.9783333333333335,0.3024054982817869,0.4845360824742268,0.30848329048843187,0.22448979591836737,1
4,2,2,0.7216494845360825,0.6913265306122448,0.3333333333333333,0.7250000000000001,0.4845360824742268,0.7319587628865979,0.4910025706940874,0.6462585034013606,1
1,2,2,0.22680412371134018,0.13520408163265304,0.7777777777777777,0.1316666666666667,0.12714776632302405,0.03092783505154639,0.17737789203084833,0.23129251700680273,2
4,1,2,0.9690721649484535,0.6428571428571428,1.0,0.40666666666666673,0.1374570446735395,0.5876288659793815,0.6041131105398458,0.7551020408163266,2
1,1,1,0.5773195876288659,0.41836734693877553,0.5555555555555556,0.7016666666666667,0.037800687285223365,0.5,0.43444730077120824,0.5102040816326531,1
4,2,2,0.21649484536082472,0.14540816326530612,0.3333333333333333,0.6266666666666667,0.20618556701030927,0.020618556701030927,0.11568123393316196,0.14965986394557823,1
1,2,2,0.010309278350515462,0.022959183673469385,0.1111111111111111,0.07000000000000006,0.027491408934707903,0.005154639175257732,0.020565552699228794,0.01360544217687075,1
0,2,2,0.9999999999999999,0.6811224489795917,0.7777777777777777,0.44333333333333336,0.12027491408934708,0.8917525773195876,0.9408740359897173,0.7823129251700681,1
2,2,2,0.3402061855670103,0.3494897959183674,0.0,0.09166666666666667,0.29896907216494845,0.08247422680412371,0.29562982005141386,0.19727891156462588,1
2,1,2,0.4742268041237113,0.4642857142857143,1.0,0.5083333333333333,0.1958762886597938,0.28350515463917525,0.37017994858611825,0.39455782312925175,1
2,2,2,0.14432989690721648,0.12499999999999999,0.7777777777777777,0.3750000000000001,0.010309278350515464,0.14948453608247422,0.13624678663239076,0.108843537414966,2
5,1,1,0.061855670103092786,0.05612244897959184,0.5555555555555556,0.17166666666666675,0.017182130584192438,0.0,0.07455012853470437,0.054421768707483,2
1,1,1,0.9072164948453607,0.846938775510204,0.8888888888888888,0.7116666666666667,0.6460481099656358,0.5412371134020618,0.7146529562982006,0.36054421768707484,1
1,1,2,0.8350515463917525,0.7295918367346939,0.5555555555555556,0.3816666666666667,0.6288659793814433,0.20103092783505155,0.8277634961439589,0.39455782312925175,2
4,1,2,0.26804123711340205,0.14795918367346936,0.8888888888888888,0.19166666666666676,0.07560137457044673,0.21649484536082475,0.20822622107969152,0.1360544217687075,2
1,1,1,0.6391752577319587,0.4336734693877551,0.4444444444444445,0.9650000000000001,0.3436426116838488,0.05670103092783505,0.38817480719794345,0.5578231292517007,1
2,2,1,0.5979381443298969,0.3137755102040816,0.7777777777777777,0.5816666666666668,0.16494845360824742,0.27319587628865977,0.6066838046272495,0.34693877551020413,1
0,1,2,0.27835051546391754,0.2423469387755102,0.7777777777777777,0.15833333333333333,0.18556701030927836,0.22164948453608246,0.21336760925449874,0.163265306122449,2
0,1,2,0.6494845360824741,0.6071428571428571,1.0,0.31333333333333335,0.1134020618556701,0.30927835051546393,0.5809768637532134,0.6598639455782314,2
1,1,1,0.0,0.0025510204081632647,0.3333333333333333,0.44833333333333336,0.006872852233676976,0.010309278350515464,0.010282776349614397,0.020408163265306124,1
1,2,2,0.845360824742268,0.6198979591836734,0.6666666666666665,0.8616666666666668,0.06185567010309278,0.6752577319587628,0.7969151670951158,0.5578231292517007,1
1,1,1,0.6082474226804123,0.4464285714285714,1.0,0.6766666666666667,0.549828178694158,0.5618556701030928,0.4267352185089974,0.29251700680272114,1
2,1,1,0.8041237113402061,0.7882653061224489,0.3333333333333333,0.42166666666666675,0.23367697594501718,0.18041237113402062,0.532133676092545,0.7006802721088435,1
5,2,1,0.07216494845360825,0.038265306122448974,0.6666666666666665,0.27333333333333343,0.07903780068728522,0.015463917525773195,0.038560411311053984,0.04761904761904762,2
2,1,2,0.7319587628865979,0.5025510204081632,0.2222222222222222,0.7150000000000001,0.45017182130584193,0.5515463917525774,0.4524421593830334,0.6190476190476191,1
4,2,1,0.36082474226804123,0.18112244897959182,0.5555555555555556,0.1050000000000001,0.16494845360824742,0.35051546391752575,0.2622107969151671,0.29931972789115646,2
2,1,2,0.5154639175257731,0.43112244897959184,0.5555555555555556,0.44166666666666676,0.12027491408934708,0.06701030927835051,0.506426735218509,0.4285714285714286,1
1,1,2,0.7216494845360825,0.5280612244897959,0.6666666666666665,0.20166666666666666,0.12027491408934708,0.5979381443298969,0.5526992287917738,0.3129251700680272,2
0,2,1,0.9484536082474226,0.8647959183673468,0.4444444444444445,0.3533333333333334,0.45017182130584193,0.8041237113402062,0.8303341902313626,0.4285714285714286,2
3,2,1,0.32989690721649484,0.3086734693877551,0.0,0.7166666666666668,0.0859106529209622,0.20103092783505155,0.30591259640102825,0.3129251700680272,1
0,1,2,0.04123711340206185,0.0510204081632653,0.3333333333333333,0.5450000000000002,0.06185567010309278,0.02577319587628866,0.048843187660668384,0.020408163265306124,1
0,2,1,0.3195876288659794,0.24744897959183673,0.7777777777777777,0.22333333333333338,0.10309278350515463,0.211340206185567,0.32390745501285345,0.27891156462585037,2
2,1,1,0.5876288659793814,0.35714285714285715,0.0,0.18333333333333335,0.40893470790378006,0.2268041237113402,0.4267352185089974,0.27891156462585037,2
3,2,2,0.1134020618556701,0.08418367346938775,0.7777777777777777,0.54,0.08247422680412371,0.11855670103092783,0.07712082262210797,0.1292517006802721,1
4,1,1,0.5670103092783505,0.423469387755102,0.1111111111111111,0.5933333333333335,0.4467353951890034,0.38144329896907214,0.557840616966581,0.5714285714285715,1
2,2,2,0.7731958762886597,0.6887755102040816,0.7777777777777777,0.7633333333333334,0.2508591065292096,0.23711340206185566,0.6298200514138819,0.6190476190476191,1
4,2,1,0.7010309278350515,0.5918367346938774,0.8888888888888888,0.06000000000000005,0.5154639175257731,0.4896907216494845,0.4987146529562982,0.5306122448979592,2
5,1,2,0.8144329896907216,0.5510204081632653,0.8888888888888888,0.13,0.17869415807560138,0.17525773195876287,0.4087403598971722,0.653061224489796,2
1,1,1,0.17525773195876287,0.09948979591836735,0.1111111111111111,0.5333333333333334,0.16151202749140894,0.14432989690721648,0.18508997429305915,0.06122448979591837,1
0,2,1,0.9690721649484535,0.8596938775510203,0.5555555555555556,0.6833333333333333,0.8178694158075601,0.5309278350515464,0.9717223650385605,0.5306122448979592,1
1,2,1,0.5360824742268041,0.520408163265306,0.3333333333333333,0.7550000000000001,0.06529209621993128,0.041237113402061855,0.480719794344473,0.2448979591836735,1
1,2,1,0.7835051546391752,0.6862244897959183,0.7777777777777777,0.2566666666666667,0.5532646048109966,0.17525773195876287,0.4318766066838046,0.7755102040816327,2
1,1,1,0.8247422680412371,0.47959183673469385,0.3333333333333333,0.5316666666666667,0.5910652920962199,0.6288659793814433,0.8020565552699229,0.44897959183673475,1
2,1,2,0.8969072164948453,0.7193877551020408,0.2222222222222222,0.11166666666666669,0.7628865979381443,0.8556701030927835,0.544987146529563,0.6326530612244898,2
1,1,2,0.12371134020618556,0.07142857142857142,1.0,0.14,0.006872852233676976,0.06185567010309278,0.10025706940874035,0.12244897959183675,2
2,1,2,0.15463917525773194,0.14285714285714285,0.7777777777777777,0.5166666666666668,0.10652920962199312,0.015463917525773195,0.08740359897172237,0.08843537414965986,1
0,1,2,0.5257731958762886,0.4897959183673469,0.5555555555555556,0.8366666666666667,0.3367697594501718,0.17010309278350516,0.38303341902313626,0.217687074829932,1
3,1,2,0.6494845360824741,0.635204081632653,0.4444444444444445,0.9300000000000002,0.5292096219931272,0.5618556701030928,0.35218508997429304,0.5510204081632654,1
2,1,2,0.5876288659793814,0.3494897959183674,0.3333333333333333,0.4983333333333334,0.16151202749140894,0.4896907216494845,0.4498714652956298,0.45578231292517013,1
4,1,1,0.9896907216494845,0.6811224489795917,0.0,0.15833333333333333,0.6426116838487972,0.15463917525773196,0.5835475578406171,0.6598639455782314,2
3,1,1,0.7731958762886597,0.40561224489795916,0.2222222222222222,0.13333333333333341,0.3951890034364261,0.7783505154639175,0.5706940874035991,0.435374149659864,2
1,1,2,0.7938144329896907,0.6836734693877551,0.4444444444444445,0.8383333333333334,0.6872852233676976,0.5051546391752577,0.5629820051413882,0.44897959183673475,1
4,1,2,0.3402061855670103,0.21938775510204078,1.0,0.8483333333333334,0.24398625429553264,0.07731958762886598,0.3444730077120823,0.217687074829932,1
4,2,2,0.22680412371134018,0.1607142857142857,0.0,0.7033333333333334,0.20962199312714777,0.17010309278350516,0.13624678663239076,0.20408163265306123,1
5,1,2,0.9999999999999999,0.9030612244897959,0.4444444444444445,0.15333333333333332,0.27147766323024053,0.22164948453608246,1.0,0.8843537414965987,2
0,1,2,0.3814432989690722,0.3622448979591837,0.3333333333333333,0.40833333333333344,0.2027491408934708,0.15463917525773196,0.2570694087403599,0.23129251700680273,2
2,2,1,0.7319587628865979,0.7193877551020408,0.4444444444444445,0.8316666666666668,0.7388316151202748,0.15979381443298968,0.39845758354755784,0.29251700680272114,1
0,1,1,0.6391752577319587,0.5510204081632653,0.5555555555555556,0.7116666666666667,0.5292096219931272,0.520618556701031,0.609254498714653,0.36054421768707484,1
4,1,2,0.7113402061855669,0.4974489795918367,0.8888888888888888,0.3833333333333334,0.24398625429553264,0.17525773195876287,0.5295629820051414,0.4829931972789116,2
2,2,2,0.8865979381443299,0.4770408163265306,0.6666666666666665,0.5616666666666668,0.47079037800687284,0.7164948453608248,0.6889460154241646,0.41496598639455784,1
5,1,2,0.7422680412371133,0.5280612244897959,0.1111111111111111,0.43500000000000005,0.7319587628865979,0.1958762886597938,0.6709511568123394,0.2653061224489796,1
2,2,2,0.4329896907216495,0.29846938775510207,1.0,0.20166666666666666,0.31958762886597936,0.13917525773195877,0.3958868894601542,0.23129251700680273,2
3,1,1,0.8659793814432989,0.7653061224489796,0.6666666666666665,0.265,0.41237113402061853,0.211340206185567,0.6041131105398458,0.6190476190476191,2
3,2,2,0.6907216494845361,0.6556122448979591,0.6666666666666665,0.8800000000000001,0.5085910652920962,0.21649484536082475,0.46786632390745503,0.2448979591836735,1
4,1,2,0.9690721649484535,0.693877551020408,1.0,0.6316666666666668,0.8041237113402062,0.3865979381443299,0.9640102827763497,0.4285714285714286,1
2,1,1,0.8144329896907216,0.6479591836734693,0.3333333333333333,0.2583333333333334,0.7663230240549828,0.5927835051546392,0.5012853470437019,0.6462585034013606,2
0,2,2,0.24742268041237112,0.23214285714285712,0.8888888888888888,0.9650000000000001,0.09621993127147765,0.07216494845360824,0.12339331619537276,0.1564625850340136,1
3,1,1,0.9381443298969071,0.6581632653061223,0.6666666666666665,0.56,0.16151202749140894,0.8298969072164948,0.8791773778920309,0.7891156462585035,1
2,2,1,0.1958762886597938,0.13520408163265304,0.7777777777777777,0.21000000000000008,0.013745704467353952,0.015463917525773195,0.17480719794344474,0.0816326530612245,2
4,2,1,0.9072164948453607,0.5408163265306122,0.6666666666666665,0.3466666666666667,0.570446735395189,0.8917525773195876,0.6169665809768639,0.8911564625850341,2
3,2,1,0.7010309278350515,0.48214285714285715,0.1111111111111111,0.78,0.29553264604810997,0.7061855670103092,0.48586118251928023,0.5238095238095238,1
3,2,2,0.20618556701030927,0.15561224489795916,1.0,0.6116666666666668,0.21649484536082475,0.20103092783505155,0.20565552699228792,0.19727891156462588,1
5,1,1,0.7525773195876289,0.711734693877551,0.0,0.2333333333333334,0.281786941580756,0.29896907216494845,0.6195372750642674,0.40816326530612246,1
1,1,1,0.8350515463917525,0.42091836734693877,0.0,0.10999999999999999,0.7560137457044673,0.3402061855670103,0.6940874035989718,0.30612244897959184,2
2,2,2,0.010309278350515462,0.007653061224489796,0.0,0.13833333333333342,0.020618556701030927,0.015463917525773195,0.020565552699228794,0.0272108843537415,2
0,2,1,0.010309278350515462,0.012755102040816325,0.1111111111111111,0.5050000000000001,0.027491408934707903,0.010309278350515464,0.007712082262210798,0.01360544217687075,1
3,1,2,0.3814432989690722,0.37244897959183676,0.1111111111111111,0.7133333333333334,0.16151202749140894,0.20618556701030927,0.37532133676092544,0.3741496598639456,1
0,2,2,0.6597938144329897,0.510204081632653,0.2222222222222222,0.41500000000000004,0.3711340206185567,0.04639175257731959,0.5861182519280206,0.6666666666666667,2
0,1,2,0.4020618556701031,0.2653061224489796,0.3333333333333333,0.925,0.3951890034364261,0.03608247422680412,0.2802056555269923,0.2108843537414966,1
5,1,1,0.16494845360824742,0.12755102040816324,0.5555555555555556,0.2683333333333334,0.09621993127147765,0.10309278350515463,0.11311053984575835,0.1360544217687075,2
3,2,1,0.7010309278350515,0.4030612244897959,0.7777777777777777,0.1316666666666667,0.06872852233676975,0.26804123711340205,0.5835475578406171,0.6802721088435375,2
2,2,1,0.5051546391752577,0.34183673469387754,0.2222222222222222,0.43166666666666675,0.26804123711340205,0.5051546391752577,0.31876606683804626,0.34693877551020413,1
1,2,1,0.010309278350515462,0.007653061224489796,0.3333333333333333,0.8600000000000001,0.020618556701030927,0.015463917525773195,0.020565552699228794,0.01360544217687075,1
4,2,1,0.422680412371134,0.28316326530612246,0.0,0.43333333333333335,0.3436426116838488,0.20103092783505155,0.22107969151670953,0.22448979591836737,1
0,1,1,0.30927835051546393,0.29846938775510207,0.6666666666666665,0.5750000000000002,0.17869415807560138,0.07216494845360824,0.3033419023136247,0.23129251700680273,1
4,2,1,0.4123711340206186,0.2857142857142857,0.2222222222222222,0.41833333333333345,0.3642611683848797,0.3917525773195876,0.2827763496143959,0.34013605442176875,1
0,2,1,0.9690721649484535,0.5765306122448979,0.3333333333333333,0.3583333333333334,0.14776632302405499,0.7577319587628866,0.8483290488431877,0.5306122448979592,2
4,1,2,0.1134020618556701,0.08418367346938775,0.4444444444444445,0.595,0.10996563573883161,0.0979381443298969,0.06683804627249357,0.07482993197278912,1
3,2,2,0.22680412371134018,0.22959183673469385,0.0,0.6366666666666667,0.10652920962199312,0.2268041237113402,0.12596401028277637,0.10204081632653061,1
0,1,2,0.04123711340206185,0.033163265306122444,0.4444444444444445,0.4800000000000001,0.054982817869415807,0.005154639175257732,0.020565552699228794,0.020408163265306124,1
5,1,1,0.9690721649484535,0.961734693877551,0.4444444444444445,0.09833333333333338,0.07216494845360824,0.7010309278350515,0.9742930591259641,0.6394557823129252,2
0,1,2,0.020618556701030927,0.022959183673469385,0.1111111111111111,0.7766666666666668,0.03092783505154639,0.015463917525773195,0.023136246786632394,0.020408163265306124,1
4,1,2,0.5876288659793814,0.49999999999999994,0.6666666666666665,0.28166666666666673,0.4879725085910653,0.35051546391752575,0.5604113110539847,0.217687074829932,2
0,1,1,0.05154639175257732,0.028061224489795915,0.4444444444444445,0.53,0.044673539518900345,0.010309278350515464,0.03598971722365039,0.034013605442176874,1
0,2,1,0.8659793814432989,0.44387755102040816,1.0,0.685,0.7560137457044673,0.0,0.7840616966580978,0.5034013605442177,1
0,1,1,0.9072164948453607,0.8596938775510203,0.1111111111111111,0.41500000000000004,0.06872852233676975,0.4587628865979381,0.506426735218509,0.8435374149659864,1
3,1,1,0.5051546391752577,0.5127551020408163,0.2222222222222222,0.7566666666666668,0.058419243986254296,0.13402061855670103,0.29562982005141386,0.5170068027210885,1
4,2,1,0.03092783505154639,0.030612244897959183,0.2222222222222222,0.2683333333333334,0.044673539518900345,0.02577319587628866,0.03598971722365039,0.01360544217687075,2
2,1,2,0.14432989690721648,0.08928571428571429,0.4444444444444445,0.895,0.13058419243986255,0.05670103092783505,0.13367609254498716,0.108843537414966,1
0,1,1,0.9896907216494845,0.6020408163265305,0.6666666666666665,0.265,0.034364261168384876,0.6907216494845361,0.5347043701799487,0.489795918367347,2
4,1,2,0.7835051546391752,0.7499999999999999,1.0,0.5233333333333334,0.7560137457044673,0.03608247422680412,0.6812339331619538,0.4285714285714286,1
4,2,2,0.6494845360824741,0.6045918367346939,0.7777777777777777,0.1216666666666667,0.1924398625429553,0.26288659793814434,0.39331619537275064,0.45578231292517013,2
5,1,1,0.7525773195876289,0.6683673469387754,0.5555555555555556,0.3533333333333334,0.5670103092783505,0.14948453608247422,0.6015424164524422,0.40816326530612246,2
4,1,1,0.8969072164948453,0.5892857142857142,0.8888888888888888,0.8016666666666667,0.5670103092783505,0.15979381443298968,0.6323907455012854,0.39455782312925175,1
4,1,1,0.16494845360824742,0.14030612244897958,0.6666666666666665,0.008333333333333415,0.020618556701030927,0.17010309278350516,0.08483290488431876,0.1360544217687075,2
1,2,1,0.7628865979381443,0.7015306122448979,0.2222222222222222,0.245,0.044673539518900345,0.03608247422680412,0.5089974293059126,0.7414965986394558,2
4,1,1,0.10309278350515463,0.1096938775510204,0.2222222222222222,0.7616666666666667,0.06529209621993128,0.010309278350515464,0.11568123393316196,0.10204081632653061,1
5,1,1,0.2577319587628866,0.2576530612244898,0.0,0.7050000000000001,0.09621993127147765,0.03608247422680412,0.2570694087403599,0.09523809523809525,1
1,2,1,0.4536082474226804,0.27040816326530615,0.5555555555555556,0.2716666666666667,0.041237113402061855,0.06185567010309278,0.27249357326478146,0.44897959183673475,2
2,2,2,0.6907216494845361,0.46938775510204084,0.4444444444444445,0.665,0.43986254295532645,0.29381443298969073,0.5372750642673523,0.35374149659863946,1
4,1,1,0.845360824742268,0.635204081632653,0.0,0.01333333333333342,0.27835051546391754,0.47938144329896903,0.7043701799485862,0.7142857142857143,1
0,1,2,0.010309278350515462,0.005102040816326529,0.8888888888888888,0.6700000000000002,0.010309278350515464,0.020618556701030927,0.023136246786632394,0.006802721088435375,1
2,2,1,0.9587628865979381,0.9489795918367346,0.1111111111111111,0.26,0.35051546391752575,0.865979381443299,0.8688946015424165,0.8775510204081634,1
3,1,1,0.17525773195876287,0.14285714285714285,0.3333333333333333,0.585,0.024054982817869414,0.10824742268041238,0.15167095115681237,0.10204081632653061,1
3,2,2,0.4123711340206186,0.3622448979591837,1.0,0.9000000000000001,0.15463917525773196,0.30412371134020616,0.22107969151670953,0.3129251700680272,1
4,1,1,0.20618556701030927,0.19387755102040816,0.8888888888888888,0.9133333333333333,0.17525773195876287,0.08762886597938144,0.21079691516709514,0.108843537414966,1
5,1,1,0.7113402061855669,0.49489795918367346,0.1111111111111111,0.7116666666666667,0.2646048109965636,0.6649484536082474,0.5989717223650386,0.39455782312925175,1
4,1,2,0.3402061855670103,0.288265306122449,0.4444444444444445,0.05833333333333335,0.21649484536082475,0.26804123711340205,0.2570694087403599,0.1564625850340136,2
5,2,2,0.020618556701030927,0.012755102040816325,0.8888888888888888,0.00666666666666671,0.03092783505154639,0.02577319587628866,0.02827763496143959,0.0272108843537415,2
2,1,1,0.8865979381443299,0.8698979591836734,0.0,0.6866666666666668,0.36082474226804123,0.6443298969072164,0.7455012853470437,0.40136054421768713,1
0,2,2,0.16494845360824742,0.1607142857142857,0.4444444444444445,0.7283333333333335,0.1718213058419244,0.10309278350515463,0.14652956298200515,0.10204081632653061,1
1,1,1,0.7628865979381443,0.7397959183673468,0.6666666666666665,0.6500000000000001,0.4776632302405498,0.20618556701030927,0.763496143958869,0.6190476190476191,1
1,1,1,0.08247422680412371,0.07397959183673469,0.1111111111111111,0.9800000000000002,0.06872852233676975,0.07731958762886598,0.048843187660668384,0.08843537414965986,1
2,2,1,0.8247422680412371,0.6862244897959183,0.4444444444444445,0.8983333333333334,0.3161512027491409,0.32989690721649484,0.647814910025707,0.40816326530612246,1
5,2,1,0.3505154639175258,0.3086734693877551,0.3333333333333333,0.05500000000000005,0.3024054982817869,0.05154639175257732,0.26735218508997427,0.272108843537415,2
5,1,2,0.9484536082474226,0.596938775510204,0.8888888888888888,0.9366666666666668,0.7388316151202748,0.18041237113402062,0.5681233933161954,0.380952380952381,1
5,2,2,0.24742268041237112,0.22448979591836732,0.1111111111111111,0.015000000000000013,0.21993127147766323,0.07216494845360824,0.14395886889460155,0.23129251700680273,1
5,2,2,0.9587628865979381,0.7755102040816326,0.4444444444444445,0.8716666666666668,0.5601374570446735,0.19072164948453607,0.7712082262210798,0.8911564625850341,1
0,1,1,0.3402061855670103,0.29081632653061223,0.6666666666666665,0.5816666666666668,0.09278350515463918,0.03608247422680412,0.2853470437017995,0.326530612244898,1
5,2,1,0.9896907216494845,0.9030612244897959,0.4444444444444445,0.7100000000000002,0.3230240549828179,0.9742268041237113,0.7943444730077122,0.8163265306122449,1
4,1,2,0.061855670103092786,0.07142857142857142,0.8888888888888888,0.6866666666666668,0.013745704467353952,0.03608247422680412,0.04113110539845759,0.07482993197278912,1
0,2,2,0.979381443298969,0.943877551020408,1.0,0.6683333333333334,0.415807560137457,0.8350515463917526,0.6118251928020566,0.7142857142857143,1
3,1,2,0.6185567010309277,0.5357142857142857,0.5555555555555556,0.5916666666666668,0.2233676975945017,0.5979381443298969,0.48586118251928023,0.34013605442176875,1
1,2,1,0.4329896907216495,0.41581632653061223,0.8888888888888888,0.14166666666666672,0.027491408934707903,0.27319587628865977,0.33676092544987146,0.34693877551020413,2
2,1,2,0.16494845360824742,0.08928571428571429,0.1111111111111111,0.7950000000000002,0.17525773195876287,0.13917525773195877,0.11053984575835475,0.09523809523809525,1
3,1,2,0.15463917525773194,0.12755102040816324,0.6666666666666665,0.6600000000000001,0.010309278350515464,0.03608247422680412,0.10796915167095116,0.054421768707483,1
3,1,2,0.3814432989690722,0.3520408163265306,0.7777777777777777,0.32666666666666677,0.0859106529209622,0.1134020618556701,0.3444730077120823,0.19727891156462588,2
2,1,1,0.20618556701030927,0.19387755102040816,0.2222222222222222,0.5983333333333334,0.11683848797250859,0.09278350515463918,0.21336760925449874,0.163265306122449,1
3,2,1,0.6288659793814433,0.44387755102040816,0.0,0.40333333333333343,0.5773195876288659,0.04639175257731959,0.4138817480719794,0.36054421768707484,2
2,2,2,0.20618556701030927,0.21428571428571427,0.8888888888888888,0.7150000000000001,0.13402061855670103,0.17010309278350516,0.18766066838046275,0.08843537414965986,1
1,1,2,0.8144329896907216,0.7168367346938774,0.2222222222222222,0.74,0.697594501718213,0.5412371134020618,0.5526992287917738,0.5238095238095238,1
4,2,2,0.6804123711340205,0.4260204081632653,0.0,0.7483333333333335,0.6185567010309279,0.1958762886597938,0.6889460154241646,0.6394557823129252,1
0,1,2,0.4639175257731959,0.36989795918367346,1.0,0.7583333333333333,0.422680412371134,0.25773195876288657,0.38817480719794345,0.25170068027210885,1
3,1,1,0.20618556701030927,0.12755102040816324,0.0,0.3433333333333334,0.054982817869415807,0.08762886597938144,0.14138817480719795,0.1904761904761905,2
3,1,1,0.3402061855670103,0.3239795918367347,0.2222222222222222,0.15166666666666673,0.20962199312714777,0.18041237113402062,0.33419023136246784,0.29251700680272114,2
1,2,1,0.3402061855670103,0.288265306122449,0.4444444444444445,0.9966666666666668,0.10652920962199312,0.13917525773195877,0.22365038560411313,0.30612244897959184,1
5,2,2,0.03092783505154639,0.030612244897959183,0.5555555555555556,0.3783333333333334,0.003436426116838488,0.03092783505154639,0.020565552699228794,0.01360544217687075,2
5,2,2,0.9999999999999999,0.9056122448979591,1.0,0.28333333333333344,0.32646048109965636,0.9484536082474226,0.9974293059125965,1.0,2
1,1,2,0.845360824742268,0.6301020408163265,0.5555555555555556,0.6566666666666667,0.18213058419243985,0.768041237113402,0.5835475578406171,0.5238095238095238,1
1,1,2,0.49484536082474223,0.4719387755102041,0.6666666666666665,0.04166666666666674,0.45017182130584193,0.29381443298969073,0.3213367609254499,0.29251700680272114,2
4,2,1,0.5463917525773195,0.33418367346938777,0.4444444444444445,0.9666666666666668,0.010309278350515464,0.041237113402061855,0.5038560411311055,0.1904761904761905,1
5,1,1,0.288659793814433,0.29591836734693877,0.6666666666666665,0.265,0.20618556701030927,0.24742268041237112,0.2930591259640103,0.28571428571428575,2
3,2,1,0.9484536082474226,0.5382653061224489,0.4444444444444445,0.03833333333333333,0.17525773195876287,0.7989690721649484,0.7532133676092546,0.7687074829931974,2
4,1,2,0.7628865979381443,0.7321428571428571,0.3333333333333333,0.7316666666666667,0.7594501718213058,0.4175257731958763,0.5604113110539847,0.5986394557823129,1
0,2,1,0.5463917525773195,0.40816326530612246,0.4444444444444445,0.7066666666666668,0.40893470790378006,0.07731958762886598,0.2982005141388175,0.4217687074829932,1
1,1,2,0.29896907216494845,0.18112244897959182,0.8888888888888888,0.31166666666666676,0.28865979381443296,0.06185567010309278,0.22879177377892032,0.30612244897959184,2
3,1,2,0.7731958762886597,0.6989795918367346,0.1111111111111111,0.2316666666666667,0.4776632302405498,0.3865979381443299,0.6889460154241646,0.4217687074829932,1
2,1,2,0.9896907216494845,0.6403061224489796,0.0,0.5916666666666668,0.6838487972508591,0.23711340206185566,0.5398457583547558,0.5374149659863946,1
3,2,2,0.30927835051546393,0.2270408163265306,0.6666666666666665,0.2383333333333334,0.1134020618556701,0.05670103092783505,0.17737789203084833,0.30612244897959184,2
2,1,2,0.05154639175257732,0.05867346938775509,1.0,0.31500000000000006,0.003436426116838488,0.010309278350515464,0.053984575835475584,0.06122448979591837,2
4,2,1,0.29896907216494845,0.211734693877551,0.6666666666666665,0.21166666666666667,0.10652920962199312,0.1958762886597938,0.24678663239074553,0.25170068027210885,2
0,1,1,0.44329896907216493,0.2602040816326531,1.0,0.19500000000000006,0.3367697594501718,0.10309278350515463,0.23907455012853474,0.39455782312925175,2
5,2,1,0.8969072164948453,0.6249999999999999,0.8888888888888888,0.9033333333333333,0.5567010309278351,0.25773195876288657,0.506426735218509,0.5510204081632654,1
3,2,2,0.5876288659793814,0.5841836734693877,0.0,0.011666666666666714,0.5326460481099656,0.5154639175257731,0.5347043701799487,0.4285714285714286,1
2,2,2,0.13402061855670103,0.10714285714285714,0.8888888888888888,0.21333333333333337,0.15463917525773196,0.06185567010309278,0.13624678663239076,0.07482993197278912,2
4,2,1,0.6288659793814433,0.38010204081632654,0.7777777777777777,0.19166666666666676,0.5326460481099656,0.09278350515463918,0.5244215938303343,0.5374149659863946,2
3,2,1,0.6494845360824741,0.45663265306122447,1.0,0.17500000000000004,0.35738831615120276,0.14432989690721648,0.5398457583547558,0.45578231292517013,2
4,1,2,0.8041237113402061,0.7959183673469387,0.8888888888888888,0.6383333333333334,0.3539518900343642,0.4072164948453608,0.7660668380462725,0.653061224489796,1
1,1,1,0.3195876288659794,0.2627551020408163,0.6666666666666665,0.7366666666666668,0.010309278350515464,0.03092783505154639,0.20822622107969152,0.30612244897959184,1
4,2,2,0.3814432989690722,0.24744897959183673,0.4444444444444445,0.3833333333333334,0.3745704467353952,0.010309278350515464,0.30848329048843187,0.1292517006802721,2
3,1,2,0.14432989690721648,0.0816326530612245,0.4444444444444445,0.9066666666666667,0.15463917525773196,0.1134020618556701,0.12596401028277637,0.108843537414966,1
2,2,1,0.3814432989690722,0.3469387755102041,0.8888888888888888,0.6916666666666667,0.1718213058419244,0.28865979381443296,0.24678663239074553,0.14285714285714288,1
3,1,1,0.8041237113402061,0.6632653061224489,0.5555555555555556,0.29333333333333333,0.7457044673539519,0.3402061855670103,0.4138817480719794,0.6122448979591837,2
2,1,2,0.20618556701030927,0.11479591836734694,0.2222222222222222,0.7016666666666667,0.06185567010309278,0.005154639175257732,0.16966580976863754,0.14965986394557823,1
4,2,2,0.7628865979381443,0.7653061224489796,0.5555555555555556,0.06500000000000006,0.7010309278350515,0.41237113402061853,0.5629820051413882,0.39455782312925175,2
5,2,1,0.2577319587628866,0.16581632653061223,0.2222222222222222,0.2683333333333334,0.15463917525773196,0.10309278350515463,0.20308483290488433,0.11564625850340136,2
2,1,1,0.6288659793814433,0.5841836734693877,0.5555555555555556,0.42666666666666675,0.24054982817869416,0.42783505154639173,0.6143958868894602,0.36054421768707484,1
3,2,2,0.7731958762886597,0.46938775510204084,0.3333333333333333,0.30500000000000005,0.5189003436426116,0.28865979381443296,0.6246786632390746,0.6938775510204083,2
2,1,2,0.44329896907216493,0.43112244897959184,0.8888888888888888,0.17666666666666675,0.140893470790378,0.3247422680412371,0.34704370179948585,0.22448979591836737,2
2,1,1,0.9484536082474226,0.6249999999999999,0.6666666666666665,0.3550000000000001,0.831615120274914,0.9381443298969072,0.9485861182519281,0.5102040816326531,2
0,2,2,0.4536082474226804,0.3137755102040816,0.7777777777777777,0.4566666666666668,0.11683848797250859,0.31958762886597936,0.38046272493573263,0.2448979591836735,1
0,1,1,0.5154639175257731,0.39285714285714285,0.2222222222222222,0.6533333333333333,0.13058419243986255,0.36082474226804123,0.3213367609254499,0.3741496598639456,1
5,1,1,0.8041237113402061,0.7525510204081632,0.8888888888888888,0.9450000000000001,0.6082474226804123,0.7268041237113402,0.5784061696658098,0.6258503401360545,1
1,2,1,0.9999999999999999,0.9744897959183673,0.0,0.9583333333333335,0.6735395189003436,0.14948453608247422,0.5115681233933163,0.44217687074829937,1
4,1,1,0.8556701030927835,0.46683673469387754,0.4444444444444445,0.4950000000000001,0.570446735395189,0.16494845360824742,0.532133676092545,0.7891156462585035,1
2,1,1,0.4845360824742268,0.29846938775510207,1.0,0.3550000000000001,0.4879725085910653,0.4175257731958763,0.46272493573264784,0.326530612244898,2
3,1,1,0.7010309278350515,0.6096938775510203,0.0,0.09000000000000008,0.6254295532646048,0.36082474226804123,0.40102827763496146,0.5374149659863946,1
2,2,2,0.9690721649484535,0.6530612244897959,0.8888888888888888,0.5783333333333334,0.4054982817869416,0.5103092783505154,0.9074550128534705,0.7823129251700681,1
1,1,2,0.979381443298969,0.596938775510204,0.2222222222222222,0.9583333333333335,0.3951890034364261,0.7422680412371134,0.9717223650385605,0.7074829931972789,1
1,1,2,0.6185567010309277,0.35714285714285715,1.0,0.865,0.25773195876288657,0.6030927835051546,0.42159383033419023,0.29251700680272114,1
4,2,1,0.4020618556701031,0.23724489795918366,0.4444444444444445,0.3683333333333334,0.40893470790378006,0.36597938144329895,0.35475578406169667,0.33333333333333337,2
0,1,1,0.6082474226804123,0.49999999999999994,1.0,0.7683333333333333,0.15463917525773196,0.19072164948453607,0.31876606683804626,0.4829931972789116,1
0,1,2,0.05154639175257732,0.04081632653061224,0.8888888888888888,0.45333333333333337,0.04810996563573883,0.05154639175257732,0.043701799485861184,0.020408163265306124,1
3,1,2,0.6391752577319587,0.6071428571428571,0.5555555555555556,0.45166666666666677,0.6529209621993127,0.5927835051546392,0.33161953727506427,0.5102040816326531,1
4,1,1,0.3711340206185567,0.1913265306122449,1.0,0.9850000000000001,0.15807560137457044,0.36082474226804123,0.35989717223650386,0.22448979591836737,1
1,2,2,0.4845360824742268,0.36989795918367346,0.5555555555555556,0.9916666666666667,0.29553264604810997,0.422680412371134,0.46272493573264784,0.35374149659863946,1
2,1,2,0.1958762886597938,0.1607142857142857,1.0,0.4666666666666667,0.13058419243986255,0.211340206185567,0.15167095115681237,0.14285714285714288,1
2,1,2,0.6185567010309277,0.5892857142857142,0.3333333333333333,0.5083333333333333,0.3436426116838488,0.5567010309278351,0.5526992287917738,0.6258503401360545,1
4,2,2,0.14432989690721648,0.12244897959183675,0.3333333333333333,0.675,0.08247422680412371,0.041237113402061855,0.12339331619537276,0.1292517006802721,1
1,2,1,0.1134020618556701,0.11989795918367348,1.0,0.20500000000000007,0.03092783505154639,0.041237113402061855,0.09254498714652956,0.108843537414966,2
5,2,1,0.7319587628865979,0.5663265306122448,0.0,0.9100000000000001,0.3367697594501718,0.2422680412371134,0.5141388174807199,0.38775510204081637,1
2,2,2,0.1958762886597938,0.11989795918367348,0.1111111111111111,0.40333333333333343,0.024054982817869414,0.03092783505154639,0.16195372750642675,0.2108843537414966,2
5,2,2,0.04123711340206185,0.05357142857142857,0.8888888888888888,0.5516666666666667,0.020618556701030927,0.015463917525773195,0.04627249357326478,0.06122448979591837,1
4,1,2,0.7010309278350515,0.6173469387755102,0.8888888888888888,0.030000000000000027,0.14776632302405499,0.08762886597938144,0.41131105398457585,0.2448979591836735,2
1,2,1,0.288659793814433,0.16581632653061223,0.4444444444444445,0.4016666666666667,0.1993127147766323,0.29381443298969073,0.26735218508997427,0.19727891156462588,2
1,1,2,0.07216494845360825,0.0663265306122449,1.0,0.8033333333333335,0.0,0.07731958762886598,0.08226221079691516,0.054421768707483,1
2,1,2,0.9690721649484535,0.885204081632653,0.0,0.9800000000000002,0.4329896907216495,0.33505154639175255,0.9665809768637533,0.39455782312925175,1
0,1,2,0.13402061855670103,0.08418367346938775,0.6666666666666665,0.7450000000000001,0.006872852233676976,0.07216494845360824,0.06940874035989716,0.0816326530612245,1
0,1,1,0.49484536082474223,0.4744897959183673,0.2222222222222222,0.5683333333333334,0.14776632302405499,0.4381443298969072,0.49614395886889456,0.45578231292517013,1
3,1,1,0.03092783505154639,0.03571428571428571,0.1111111111111111,0.5666666666666667,0.013745704467353952,0.03608247422680412,0.025706940874035994,0.01360544217687075,1
4,2,2,0.7628865979381443,0.7091836734693877,0.5555555555555556,0.040000000000000036,0.42955326460481097,0.4381443298969072,0.5038560411311055,0.7551020408163266,2
4,1,2,0.5463917525773195,0.5331632653061223,1.0,0.09833333333333338,0.14432989690721648,0.27319587628865977,0.4704370179948586,0.435374149659864,2
0,2,1,0.6597938144329897,0.586734693877551,0.5555555555555556,0.06333333333333335,0.08247422680412371,0.041237113402061855,0.4781491002570694,0.6326530612244898,2
0,1,2,0.12371134020618556,0.07397959183673469,0.6666666666666665,0.14,0.10652920962199312,0.041237113402061855,0.07969151670951156,0.1360544217687075,2
5,2,1,0.8865979381443299,0.6709183673469387,0.7777777777777777,0.40833333333333344,0.6563573883161512,0.8556701030927835,0.7737789203084834,0.5170068027210885,2
5,2,2,0.6185567010309277,0.6096938775510203,0.8888888888888888,0.5166666666666668,0.35051546391752575,0.4020618556701031,0.49614395886889456,0.5646258503401361,1
2,1,1,0.8350515463917525,0.7040816326530611,0.8888888888888888,0.9000000000000001,0.4329896907216495,0.18041237113402062,0.4832904884318766,0.6258503401360545,1
3,2,2,0.22680412371134018,0.19897959183673466,0.2222222222222222,0.55,0.17525773195876287,0.14948453608247422,0.22622107969151672,0.1564625850340136,1
1,1,2,0.9175257731958762,0.7882653061224489,0.1111111111111111,0.3466666666666667,0.43986254295532645,0.6030927835051546,0.7917737789203085,0.5306122448979592,1
0,2,1,0.9587628865979381,0.8826530612244897,0.1111111111111111,0.3916666666666667,0.027491408934707903,0.7268041237113402,0.6503856041131106,0.9523809523809524,1
1,1,2,0.10309278350515463,0.07908163265306123,1.0,0.6950000000000001,0.10652920962199312,0.07731958762886598,0.056555269922879174,0.06122448979591837,1
2,1,1,0.7731958762886597,0.4846938775510204,0.3333333333333333,0.7250000000000001,0.041237113402061855,0.0979381443298969,0.6041131105398458,0.7074829931972789,1
5,1,1,0.7835051546391752,0.5535714285714285,1.0,0.38,0.1993127147766323,0.4536082474226804,0.6272493573264782,0.33333333333333337,2
0,1,1,0.9484536082474226,0.5025510204081632,0.1111111111111111,0.08333333333333337,0.1134020618556701,0.07216494845360824,0.9485861182519281,0.3197278911564626,2
0,2,2,0.15463917525773194,0.1377551020408163,0.5555555555555556,0.20333333333333337,0.11683848797250859,0.05670103092783505,0.15938303341902316,0.06122448979591837,2
4,2,2,0.4123711340206186,0.3877551020408163,0.8888888888888888,0.8233333333333335,0.2508591065292096,0.03608247422680412,0.33676092544987146,0.14965986394557823,1
2,1,2,0.22680412371134018,0.18877551020408162,0.2222222222222222,0.6983333333333335,0.20618556701030927,0.08762886597938144,0.16452442159383035,0.108843537414966,1
3,2,1,0.2577319587628866,0.14795918367346936,0.6666666666666665,0.55,0.13402061855670103,0.14432989690721648,0.2647814910025707,0.1564625850340136,1
3,2,1,0.04123711340206185,0.038265306122448974,0.1111111111111111,0.905,0.04810996563573883,0.015463917525773195,0.03598971722365039,0.0272108843537415,1
2,1,2,0.4536082474226804,0.3903061224489796,0.0,0.7733333333333334,0.2646048109965636,0.07731958762886598,0.40359897172236503,0.39455782312925175,1
3,1,2,0.7216494845360825,0.44387755102040816,0.1111111111111111,0.6033333333333335,0.45017182130584193,0.5927835051546392,0.41131105398457585,0.36054421768707484,1
0,2,2,0.4639175257731959,0.3877551020408163,0.7777777777777777,0.018333333333333313,0.43986254295532645,0.010309278350515464,0.442159383033419,0.1836734693877551,2
4,2,2,0.422680412371134,0.24999999999999997,0.0,0.51,0.3402061855670103,0.09278350515463918,0.22107969151670953,0.3741496598639456,1
5,1,2,0.4639175257731959,0.2525510204081633,0.7777777777777777,0.9566666666666668,0.3711340206185567,0.39690721649484534,0.27763496143958866,0.4761904761904762,1
4,2,1,0.8762886597938143,0.7576530612244897,0.1111111111111111,0.1166666666666667,0.6048109965635738,0.8041237113402062,0.8817480719794345,0.8231292517006803,1
1,1,2,0.7010309278350515,0.5153061224489796,0.4444444444444445,0.19000000000000006,0.6769759450171822,0.3865979381443299,0.5244215938303343,0.34693877551020413,2
2,2,2,0.04123711340206185,0.020408163265306124,0.4444444444444445,0.8333333333333335,0.041237113402061855,0.010309278350515464,0.05141388174807198,0.06122448979591837,1
1,2,2,0.6804123711340205,0.423469387755102,0.5555555555555556,0.7983333333333333,0.4742268041237113,0.5257731958762887,0.5938303341902315,0.29931972789115646,1
1,2,2,0.6391752577319587,0.3520408163265306,1.0,0.42166666666666675,0.4020618556701031,0.23195876288659792,0.506426735218509,0.2448979591836735,1
4,2,2,0.7628865979381443,0.7551020408163265,0.8888888888888888,0.2416666666666667,0.16494845360824742,0.7164948453608248,0.4652956298200514,0.38775510204081637,2
3,2,2,0.9072164948453607,0.5382653061224489,0.3333333333333333,0.32666666666666677,0.563573883161512,0.37628865979381443,0.8097686375321338,0.8503401360544218,2
0,1,1,0.22680412371134018,0.14285714285714285,0.4444444444444445,0.5833333333333335,0.17525773195876287,0.19072164948453607,0.12853470437017997,0.1564625850340136,1
3,2,2,0.6804123711340205,0.4489795918367347,0.2222222222222222,0.8050000000000002,0.6872852233676976,0.5051546391752577,0.5989717223650386,0.3741496598639456,1
5,1,1,0.3402061855670103,0.336734693877551,0.4444444444444445,0.3916666666666667,0.10652920962199312,0.29381443298969073,0.31362467866323906,0.2108843537414966,2
4,1,1,0.8969072164948453,0.8596938775510203,1.0,0.19166666666666676,0.46391752577319584,0.15979381443298968,0.8560411311053985,0.870748299319728,2
0,2,2,0.5979381443298969,0.3826530612244898,0.3333333333333333,0.6816666666666666,0.3058419243986254,0.08762886597938144,0.4138817480719794,0.2380952380952381,1
3,2,2,0.05154639175257732,0.05612244897959184,0.6666666666666665,0.865,0.054982817869415807,0.05154639175257732,0.04627249357326478,0.06122448979591837,1
0,2,1,0.6804123711340205,0.4336734693877551,0.8888888888888888,0.9016666666666668,0.36082474226804123,0.44329896907216493,0.40359897172236503,0.5918367346938775,1
4,2,1,0.5257731958762886,0.2653061224489796,0.5555555555555556,0.6666666666666667,0.5429553264604811,0.0979381443298969,0.519280205655527,0.19727891156462588,1
1,1,1,0.12371134020618556,0.09948979591836735,0.1111111111111111,0.9683333333333335,0.09621993127147765,0.06185567010309278,0.12339331619537276,0.08843537414965986,1
2,1,1,0.12371134020618556,0.1096938775510204,0.1111111111111111,0.8400000000000001,0.06529209621993128,0.1134020618556701,0.12596401028277637,0.04761904761904762,1
4,2,2,0.9278350515463917,0.5459183673469387,0.2222222222222222,0.5883333333333334,0.7800687285223368,0.23711340206185566,0.7480719794344474,0.5850340136054423,1
1,1,1,0.7938144329896907,0.7372448979591836,0.0,0.605,0.6735395189003436,0.6237113402061856,0.7275064267352186,0.6870748299319729,1
0,2,2,0.44329896907216493,0.4387755102040816,0.4444444444444445,0.32500000000000007,0.3539518900343642,0.18041237113402062,0.24164524421593833,0.4217687074829932,2
1,2,2,0.3711340206185567,0.2423469387755102,0.3333333333333333,0.05833333333333335,0.003436426116838488,0.26288659793814434,0.35732647814910024,0.12244897959183675,2
5,1,1,0.13402061855670103,0.11734693877551021,0.2222222222222222,0.53,0.11683848797250859,0.05154639175257732,0.07455012853470437,0.06122448979591837,1
3,2,2,0.10309278350515463,0.05357142857142857,0.5555555555555556,0.30000000000000004,0.10309278350515463,0.005154639175257732,0.07197943444730077,0.11564625850340136,2
4,2,2,0.15463917525773194,0.11734693877551021,0.8888888888888888,0.905,0.16494845360824742,0.1134020618556701,0.15167095115681237,0.12244897959183675,1
4,1,2,0.5154639175257731,0.3520408163265306,0.7777777777777777,0.30500000000000005,0.4054982817869416,0.041237113402061855,0.48586118251928023,0.1836734693877551,2
1,2,2,0.14432989690721648,0.12244897959183675,0.5555555555555556,0.41333333333333344,0.07560137457044673,0.13917525773195877,0.08483290488431876,0.054421768707483,2
4,1,1,0.6597938144329897,0.4005102040816326,0.7777777777777777,0.1316666666666667,0.2233676975945017,0.6494845360824743,0.6272493573264782,0.30612244897959184,2
5,2,1,0.9484536082474226,0.6709183673469387,1.0,0.7850000000000001,0.35051546391752575,0.6494845360824743,0.9408740359897173,0.7959183673469389,1
4,1,1,0.010309278350515462,0.005102040816326529,0.0,0.08833333333333337,0.020618556701030927,0.005154639175257732,0.023136246786632394,0.0272108843537415,2
5,2,2,0.4536082474226804,0.2857142857142857,0.7777777777777777,0.6133333333333335,0.2233676975945017,0.15979381443298968,0.2544987146529563,0.3741496598639456,1
3,2,1,0.6082474226804123,0.5357142857142857,0.0,0.14500000000000002,0.24398625429553264,0.15979381443298968,0.41131105398457585,0.27891156462585037,1
0,2,1,0.13402061855670103,0.09693877551020408,0.5555555555555556,0.8150000000000002,0.12371134020618556,0.08247422680412371,0.14138817480719795,0.08843537414965986,1
0,2,2,0.8762886597938143,0.8494897959183673,0.6666666666666665,0.7516666666666667,0.24398625429553264,0.7061855670103092,0.5784061696658098,0.4761904761904762,1
3,2,2,0.7010309278350515,0.5433673469387754,0.5555555555555556,0.7316666666666667,0.054982817869415807,0.3917525773195876,0.622107969151671,0.5714285714285715,1
4,1,2,0.4639175257731959,0.32653061224489793,0.6666666666666665,0.32000000000000006,0.034364261168384876,0.23195876288659792,0.35475578406169667,0.435374149659864,2
4,2,1,0.7628865979381443,0.5994897959183673,0.7777777777777777,0.9933333333333334,0.12714776632302405,0.23195876288659792,0.38817480719794345,0.435374149659864,1
1,2,1,0.9278350515463917,0.6173469387755102,0.1111111111111111,0.40833333333333344,0.8831615120274914,0.0,0.5218508997429306,0.9047619047619049,2
5,2,2,0.9484536082474226,0.9311224489795917,1.0,0.9850000000000001,0.4776632302405498,0.8556701030927835,0.4884318766066838,0.6054421768707483,1
0,1,2,0.4742268041237113,0.37755102040816324,0.2222222222222222,0.9133333333333333,0.044673539518900345,0.015463917525773195,0.4755784061696658,0.2380952380952381,1
3,2,1,0.04123711340206185,0.05357142857142857,0.5555555555555556,0.9733333333333334,0.020618556701030927,0.041237113402061855,0.02827763496143959,0.04081632653061225,1
3,1,1,0.4845360824742268,0.35714285714285715,0.6666666666666665,0.2316666666666667,0.3539518900343642,0.28865979381443296,0.43958868894601544,0.34693877551020413,2
3,1,1,0.3195876288659794,0.20918367346938774,0.5555555555555556,0.4766666666666667,0.25773195876288657,0.26288659793814434,0.19280205655526994,0.2653061224489796,1
3,1,1,0.9175257731958762,0.4719387755102041,1.0,0.01333333333333342,0.49828178694158076,0.5257731958762887,0.519280205655527,0.326530612244898,2
5,1,2,0.6082474226804123,0.5918367346938774,0.7777777777777777,0.0,0.010309278350515464,0.03608247422680412,0.5784061696658098,0.326530612244898,2
3,1,1,0.845360824742268,0.4923469387755102,0.0,0.7350000000000001,0.7388316151202748,0.010309278350515464,0.4730077120822622,0.5646258503401361,1
4,1,2,0.7938144329896907,0.7933673469387754,0.3333333333333333,0.6633333333333333,0.5670103092783505,0.5876288659793815,0.7300771208226222,0.34693877551020413,1
2,2,1,0.6082474226804123,0.5612244897959183,0.4444444444444445,0.7216666666666667,0.415807560137457,0.5,0.43444730077120824,0.380952380952381,1
3,2,1,0.18556701030927833,0.09948979591836735,0.7777777777777777,0.45166666666666677,0.058419243986254296,0.20103092783505155,0.14138817480719795,0.08843537414965986,1
3,1,1,0.9999999999999999,0.7551020408163265,1.0,0.31666666666666676,0.36082474226804123,0.4690721649484536,0.6889460154241646,0.5034013605442177,2
2,2,2,0.9587628865979381,0.6403061224489796,0.7777777777777777,0.2516666666666667,0.6529209621993127,0.14948453608247422,0.8611825192802057,0.7755102040816327,2
4,1,1,0.17525773195876287,0.16581632653061223,0.2222222222222222,0.43166666666666675,0.12371134020618556,0.1134020618556701,0.15167095115681237,0.0816326530612245,1
4,1,1,0.6907216494845361,0.5382653061224489,0.4444444444444445,0.4616666666666668,0.42955326460481097,0.1134020618556701,0.37532133676092544,0.4285714285714286,1
2,2,1,0.13402061855670103,0.11989795918367348,0.1111111111111111,0.5216666666666667,0.15120274914089346,0.06701030927835051,0.12596401028277637,0.14285714285714288,1
4,2,2,0.17525773195876287,0.08928571428571429,1.0,0.8083333333333333,0.034364261168384876,0.03092783505154639,0.14910025706940874,0.10204081632653061,1
0,1,1,0.21649484536082472,0.14540816326530612,0.3333333333333333,0.6500000000000001,0.18900343642611683,0.14948453608247422,0.14652956298200515,0.1360544217687075,1
2,2,2,0.7835051546391752,0.42857142857142855,0.6666666666666665,0.08500000000000008,0.6529209621993127,0.3711340206185567,0.4884318766066838,0.4829931972789116,2
4,2,2,0.020618556701030927,0.017857142857142856,0.4444444444444445,0.245,0.0,0.015463917525773195,0.015424164524421594,0.020408163265306124,2
0,1,1,0.9484536082474226,0.48214285714285715,1.0,0.6800000000000002,0.7285223367697594,0.8402061855670103,0.5938303341902315,0.8979591836734695,1
2,1,2,0.9175257731958762,0.5459183673469387,0.5555555555555556,0.41500000000000004,0.8762886597938144,0.5670103092783505,0.8843187660668381,0.8299319727891157,2
1,1,1,0.9072164948453607,0.4719387755102041,0.3333333333333333,0.8283333333333334,0.140893470790378,0.4845360824742268,0.5809768637532134,0.5102040816326531,1
4,2,2,0.7113402061855669,0.35714285714285715,0.6666666666666665,0.395,0.47079037800687284,0.5360824742268041,0.4601542416452442,0.41496598639455784,2
3,1,2,0.061855670103092786,0.05612244897959184,0.5555555555555556,0.8800000000000001,0.058419243986254296,0.0,0.030848329048843187,0.04761904761904762,1
0,1,1,0.44329896907216493,0.23724489795918366,0.6666666666666665,0.28500000000000003,0.10996563573883161,0.39690721649484534,0.2750642673521851,0.2448979591836735,2
5,1,2,0.8556701030927835,0.6403061224489796,0.1111111111111111,0.06000000000000005,0.2920962199312715,0.06185567010309278,0.7789203084832905,0.6122448979591837,2
3,2,1,0.23711340206185563,0.2423469387755102,0.7777777777777777,0.20666666666666667,0.16151202749140894,0.16494845360824742,0.14138817480719795,0.08843537414965986,2
2,1,2,0.13402061855670103,0.07653061224489796,0.8888888888888888,0.2333333333333334,0.027491408934707903,0.11855670103092783,0.06940874035989716,0.12244897959183675,2
0,2,2,0.6185567010309277,0.4336734693877551,0.3333333333333333,0.4716666666666667,0.12714776632302405,0.20103092783505155,0.34190231362467866,0.22448979591836737,1
1,2,1,0.1134020618556701,0.0663265306122449,0.2222222222222222,0.30000000000000004,0.09965635738831614,0.015463917525773195,0.06683804627249357,0.09523809523809525,2
5,2,2,0.6597938144329897,0.6505102040816326,0.4444444444444445,0.6166666666666667,0.15807560137457044,0.3711340206185567,0.5218508997429306,0.5782312925170069,1
0,1,1,0.5257731958762886,0.34183673469387754,0.2222222222222222,0.04833333333333334,0.3024054982817869,0.3917525773195876,0.2802056555269923,0.1904761904761905,2
5,2,2,0.12371134020618556,0.06887755102040817,0.2222222222222222,0.7566666666666668,0.12027491408934708,0.13917525773195877,0.12853470437017997,0.09523809523809525,1
2,2,1,0.27835051546391754,0.1913265306122449,0.8888888888888888,0.4800000000000001,0.013745704467353952,0.005154639175257732,0.29048843187660667,0.28571428571428575,1
3,2,2,0.6494845360824741,0.413265306122449,0.1111111111111111,0.41833333333333345,0.18213058419243985,0.041237113402061855,0.46786632390745503,0.5170068027210885,1
3,1,2,0.8350515463917525,0.4744897959183673,0.1111111111111111,0.026666666666666727,0.6941580756013745,0.5,0.5398457583547558,0.5578231292517007,2
2,2,1,0.8969072164948453,0.8137755102040816,0.5555555555555556,0.13666666666666671,0.0,0.5824742268041236,0.519280205655527,0.3673469387755102,2
3,1,2,0.5257731958762886,0.375,0.2222222222222222,0.6950000000000001,0.24054982817869416,0.211340206185567,0.4318766066838046,0.36054421768707484,1
0,1,2,0.26804123711340205,0.17857142857142855,0.2222222222222222,0.6266666666666667,0.12027491408934708,0.1134020618556701,0.13881748071979436,0.217687074829932,1
1,2,2,0.8041237113402061,0.7015306122448979,0.2222222222222222,0.6116666666666668,0.20618556701030927,0.6494845360824743,0.5706940874035991,0.6734693877551021,1
3,2,2,0.3814432989690722,0.2602040816326531,1.0,0.8683333333333334,0.054982817869415807,0.3247422680412371,0.2750642673521851,0.2653061224489796,1
0,1,2,0.6185567010309277,0.5051020408163265,1.0,0.07500000000000007,0.31958762886597936,0.30412371134020616,0.43958868894601544,0.27891156462585037,2
3,2,1,0.5876288659793814,0.48214285714285715,0.4444444444444445,0.2366666666666667,0.32646048109965636,0.02577319587628866,0.46272493573264784,0.3197278911564626,2
1,1,1,0.5979381443298969,0.586734693877551,0.5555555555555556,0.6200000000000001,0.06872852233676975,0.5824742268041236,0.49614395886889456,0.435374149659864,1
3,2,1,0.9175257731958762,0.7397959183673468,0.0,0.3466666666666667,0.6529209621993127,0.26288659793814434,0.8046272493573265,0.8095238095238095,1
5,1,1,0.32989690721649484,0.30612244897959184,0.4444444444444445,0.5250000000000001,0.24054982817869416,0.08247422680412371,0.2853470437017995,0.2380952380952381,1
1,1,1,0.16494845360824742,0.10459183673469388,0.3333333333333333,0.6483333333333334,0.10996563573883161,0.12886597938144329,0.08997429305912596,0.108843537414966,1
1,1,2,0.010309278350515462,0.022959183673469385,0.8888888888888888,0.7450000000000001,0.003436426116838488,0.0,0.010282776349614397,0.01360544217687075,2
1,1,1,0.9072164948453607,0.5739795918367346,0.4444444444444445,0.18666666666666676,0.0,0.8041237113402062,0.8149100257069409,0.3197278911564626,2
1,1,2,0.6391752577319587,0.423469387755102,0.0,0.6716666666666666,0.21649484536082475,0.37628865979381443,0.40102827763496146,0.5034013605442177,1
5,2,2,0.5773195876288659,0.5586734693877551,0.7777777777777777,0.9733333333333334,0.041237113402061855,0.24742268041237112,0.49357326478149105,0.5782312925170069,1
5,1,1,0.24742268041237112,0.211734693877551,0.8888888888888888,0.585,0.034364261168384876,0.005154639175257732,0.19280205655526994,0.17687074829931973,1
4,2,2,0.6597938144329897,0.4336734693877551,0.6666666666666665,0.8216666666666668,0.5738831615120275,0.07216494845360824,0.442159383033419,0.2653061224489796,1
2,2,2,0.6082474226804123,0.548469387755102,0.1111111111111111,0.17833333333333334,0.3367697594501718,0.005154639175257732,0.5115681233933163,0.39455782312925175,1
2,2,2,0.4020618556701031,0.2755102040816327,0.3333333333333333,0.15000000000000002,0.027491408934707903,0.15979381443298968,0.2519280205655527,0.23129251700680273,2
3,2,1,0.010309278350515462,0.017857142857142856,0.5555555555555556,0.28166666666666673,0.020618556701030927,0.020618556701030927,0.010282776349614397,0.020408163265306124,2
4,1,2,0.4639175257731959,0.2576530612244898,0.2222222222222222,0.1216666666666667,0.23367697594501718,0.44329896907216493,0.35989717223650386,0.3673469387755102,2
4,1,1,0.13402061855670103,0.14030612244897958,0.0,0.00666666666666671,0.08247422680412371,0.08247422680412371,0.07712082262210797,0.09523809523809525,1
5,2,2,0.2577319587628866,0.2040816326530612,0.3333333333333333,0.8883333333333334,0.15807560137457044,0.06701030927835051,0.16709511568123395,0.22448979591836737,1
2,1,2,0.6907216494845361,0.5255102040816326,0.0,0.0033333333333334103,0.6426116838487972,0.5515463917525774,0.6838046272493574,0.6258503401360545,1
0,1,2,0.7628865979381443,0.7244897959183673,0.2222222222222222,0.16166666666666674,0.37800687285223367,0.6804123711340206,0.6246786632390746,0.2585034013605442,2
1,1,2,0.4020618556701031,0.24744897959183673,0.2222222222222222,0.9850000000000001,0.1683848797250859,0.015463917525773195,0.3161953727506427,0.2448979591836735,1
3,2,2,0.4020618556701031,0.30357142857142855,0.0,0.2616666666666667,0.024054982817869414,0.02577319587628866,0.35475578406169667,0.33333333333333337,2
4,2,2,0.14432989690721648,0.07397959183673469,0.7777777777777777,0.595,0.006872852233676976,0.005154639175257732,0.13881748071979436,0.0816326530612245,1
2,2,1,0.020618556701030927,0.028061224489795915,0.0,0.30000000000000004,0.006872852233676976,0.03608247422680412,0.03341902313624679,0.01360544217687075,1
5,1,1,0.4329896907216495,0.4336734693877551,1.0,0.9000000000000001,0.12371134020618556,0.26288659793814434,0.32390745501285345,0.1564625850340136,1
2,2,1,0.3711340206185567,0.1964285714285714,0.5555555555555556,0.9433333333333334,0.20618556701030927,0.03092783505154639,0.20822622107969152,0.1292517006802721,1
0,2,2,0.422680412371134,0.4260204081632653,0.3333333333333333,0.5316666666666667,0.140893470790378,0.3402061855670103,0.4318766066838046,0.2653061224489796,1
1,1,1,0.9072164948453607,0.846938775510204,0.0,0.7466666666666668,0.27147766323024053,0.5051546391752577,0.6529562982005142,0.7823129251700681,1
3,2,1,0.9587628865979381,0.6428571428571428,0.5555555555555556,0.9683333333333335,0.9278350515463917,0.7268041237113402,0.5475578406169667,0.6054421768707483,1
2,1,1,0.6907216494845361,0.3469387755102041,0.3333333333333333,0.8816666666666668,0.49140893470790376,0.4175257731958763,0.5681233933161954,0.3129251700680272,1
3,2,2,0.422680412371134,0.2755102040816327,0.2222222222222222,0.020000000000000018,0.16494845360824742,0.1958762886597938,0.2519280205655527,0.22448979591836737,2
3,2,2,0.6597938144329897,0.5382653061224489,0.4444444444444445,0.27833333333333343,0.5223367697594502,0.30927835051546393,0.5141388174807199,0.35374149659863946,2
1,1,1,0.5154639175257731,0.35714285714285715,0.8888888888888888,0.5833333333333335,0.18556701030927836,0.11855670103092783,0.44473007712082263,0.2448979591836735,1
3,1,1,0.020618556701030927,0.020408163265306124,0.2222222222222222,0.685,0.003436426116838488,0.015463917525773195,0.02827763496143959,0.006802721088435375,1
4,2,2,0.1134020618556701,0.09693877551020408,0.8888888888888888,0.9766666666666668,0.09621993127147765,0.02577319587628866,0.08997429305912596,0.04081632653061225,1
5,2,2,0.979381443298969,0.7168367346938774,0.1111111111111111,0.32333333333333336,0.18213058419243985,0.6185567010309279,0.6195372750642674,0.6802721088435375,2
2,1,1,0.5360824742268041,0.27040816326530615,0.6666666666666665,0.7350000000000001,0.044673539518900345,0.30927835051546393,0.5167095115681235,0.380952380952381,1
4,2,2,0.10309278350515463,0.07653061224489796,0.5555555555555556,0.9600000000000002,0.013745704467353952,0.005154639175257732,0.08997429305912596,0.06802721088435375,1
0,1,1,0.7010309278350515,0.6658163265306122,0.6666666666666665,0.5166666666666668,0.49140893470790376,0.0,0.3496143958868895,0.36054421768707484,1
5,1,2,0.7628865979381443,0.6556122448979591,0.2222222222222222,0.7966666666666669,0.44329896907216493,0.12371134020618556,0.647814910025707,0.7414965986394558,1
5,1,1,0.05154639175257732,0.038265306122448974,0.6666666666666665,0.45166666666666677,0.006872852233676976,0.020618556701030927,0.04113110539845759,0.0272108843537415,1
3,1,1,0.7525773195876289,0.6326530612244897,0.8888888888888888,0.42333333333333334,0.42955326460481097,0.4072164948453608,0.724935732647815,0.3197278911564626,1
0,2,1,0.21649484536082472,0.15051020408163263,0.3333333333333333,0.6866666666666668,0.23367697594501718,0.08762886597938144,0.21850899742930593,0.10204081632653061,1
5,2,1,0.556701030927835,0.2857142857142857,0.1111111111111111,0.6583333333333334,0.32646048109965636,0.36597938144329895,0.2930591259640103,0.5306122448979592,1
0,2,1,0.5360824742268041,0.27040816326530615,1.0,0.10999999999999999,0.12714776632302405,0.02577319587628866,0.532133676092545,0.326530612244898,2
1,2,1,0.16494845360824742,0.13265306122448978,0.4444444444444445,0.21000000000000008,0.1718213058419244,0.07731958762886598,0.14395886889460155,0.108843537414966,2
0,2,2,0.27835051546391754,0.1683673469387755,0.4444444444444445,0.033333333333333326,0.17525773195876287,0.02577319587628866,0.19023136246786634,0.10204081632653061,2
3,2,1,0.12371134020618556,0.1096938775510204,0.3333333333333333,0.405,0.05154639175257732,0.06185567010309278,0.06169665809768638,0.1360544217687075,2
2,1,2,0.26804123711340205,0.2729591836734694,0.7777777777777777,0.3750000000000001,0.281786941580756,0.09278350515463918,0.14138817480719795,0.163265306122449,2
0,2,1,0.3195876288659794,0.32653061224489793,0.5555555555555556,0.8533333333333335,0.16494845360824742,0.25257731958762886,0.18508997429305915,0.29251700680272114,1
0,2,2,0.7010309278350515,0.6377551020408162,0.6666666666666665,0.6616666666666668,0.5189003436426116,0.5360824742268041,0.35989717223650386,0.45578231292517013,1
1,2,2,0.3814432989690722,0.37755102040816324,0.5555555555555556,0.3783333333333334,0.3642611683848797,0.26288659793814434,0.27763496143958866,0.2585034013605442,2
1,2,2,0.5670103092783505,0.43112244897959184,0.1111111111111111,0.3533333333333334,0.14776632302405499,0.36082474226804123,0.5424164524421594,0.20408163265306123,1
0,1,2,0.4020618556701031,0.2270408163265306,0.1111111111111111,0.6183333333333334,0.11683848797250859,0.3247422680412371,0.2596401028277635,0.33333333333333337,1
1,1,1,0.20618556701030927,0.21428571428571427,1.0,0.39833333333333343,0.034364261168384876,0.20618556701030927,0.20308483290488433,0.17687074829931973,2
5,2,2,0.20618556701030927,0.17602040816326528,0.4444444444444445,0.3866666666666667,0.09278350515463918,0.015463917525773195,0.18508997429305915,0.108843537414966,2
3,2,1,0.23711340206185563,0.18877551020408162,0.7777777777777777,0.30833333333333335,0.06872852233676975,0.18556701030927836,0.13624678663239076,0.217687074829932,2
0,2,1,0.07216494845360825,0.04591836734693877,0.2222222222222222,0.3683333333333334,0.003436426116838488,0.08762886597938144,0.04627249357326478,0.04761904761904762,2
1,2,2,0.27835051546391754,0.18112244897959182,0.4444444444444445,0.9566666666666668,0.013745704467353952,0.06185567010309278,0.2519280205655527,0.22448979591836737,1
2,2,2,0.9896907216494845,0.5765306122448979,0.4444444444444445,0.8133333333333335,0.044673539518900345,0.5309278350515464,0.6915167095115682,0.9523809523809524,1
2,2,2,0.5154639175257731,0.36989795918367346,0.5555555555555556,0.5983333333333334,0.3951890034364261,0.26804123711340205,0.45758354755784064,0.27891156462585037,1
1,1,1,0.8659793814432989,0.4923469387755102,0.7777777777777777,0.33000000000000007,0.5085910652920962,0.15463917525773196,0.532133676092545,0.36054421768707484,2
2,1,1,0.4742268041237113,0.32908163265306123,1.0,0.01666666666666672,0.4054982817869416,0.23711340206185566,0.32390745501285345,0.28571428571428575,2
0,1,2,0.18556701030927833,0.11224489795918367,0.2222222222222222,0.8083333333333333,0.09965635738831614,0.09278350515463918,0.16452442159383035,0.11564625850340136,1
0,1,2,0.3505154639175258,0.21428571428571427,0.4444444444444445,0.015000000000000013,0.21649484536082475,0.05154639175257732,0.21336760925449874,0.22448979591836737,2
3,2,1,0.5257731958762886,0.4923469387755102,0.0,0.22166666666666668,0.5051546391752577,0.5103092783505154,0.2699228791773779,0.20408163265306123,1
1,2,1,0.020618556701030927,0.025510204081632647,0.8888888888888888,0.8350000000000002,0.003436426116838488,0.0,0.030848329048843187,0.04081632653061225,1
3,1,1,0.6494845360824741,0.5637755102040816,0.2222222222222222,0.31333333333333335,0.5773195876288659,0.6030927835051546,0.5501285347043703,0.46258503401360546,2
0,2,1,0.21649484536082472,0.14540816326530612,0.7777777777777777,0.76,0.09965635738831614,0.10824742268041238,0.18508997429305915,0.0816326530612245,1
3,1,2,0.08247422680412371,0.06377551020408163,0.1111111111111111,0.7616666666666667,0.0859106529209622,0.005154639175257732,0.08997429305912596,0.06122448979591837,1
5,2,2,0.30927835051546393,0.24999999999999997,0.2222222222222222,0.8800000000000001,0.2920962199312715,0.30927835051546393,0.21593830334190234,0.20408163265306123,1
3,1,1,0.32989690721649484,0.17602040816326528,0.5555555555555556,0.7216666666666667,0.16494845360824742,0.13917525773195877,0.20051413881748073,0.14965986394557823,1
0,2,2,0.9690721649484535,0.9668367346938774,0.3333333333333333,0.20166666666666666,0.054982817869415807,0.7268041237113402,0.8560411311053985,0.9387755102040817,2
3,2,2,0.5257731958762886,0.510204081632653,0.1111111111111111,0.9533333333333334,0.14776632302405499,0.37628865979381443,0.4652956298200514,0.5170068027210885,1
3,1,2,0.4639175257731959,0.4362244897959184,0.4444444444444445,0.15500000000000003,0.4261168384879725,0.27319587628865977,0.4730077120822622,0.36054421768707484,2
3,1,2,0.979381443298969,0.9566326530612244,0.5555555555555556,0.6666666666666667,0.46048109965635736,0.31443298969072164,0.6555269922879178,0.8095238095238095,1
5,1,2,0.8865979381443299,0.5433673469387754,0.8888888888888888,0.5216666666666667,0.5292096219931272,0.6237113402061856,0.763496143958869,0.5714285714285715,1
5,1,2,0.5876288659793814,0.33418367346938777,0.2222222222222222,0.2583333333333334,0.10996563573883161,0.5773195876288659,0.5475578406169667,0.46938775510204084,2
4,1,1,0.22680412371134018,0.173469387755102,0.7777777777777777,0.9516666666666667,0.24054982817869416,0.015463917525773195,0.21079691516709514,0.2380952380952381,1
4,1,1,0.7938144329896907,0.5408163265306122,0.7777777777777777,0.32833333333333337,0.07560137457044673,0.26804123711340205,0.5861182519280206,0.5238095238095238,2
0,1,2,0.12371134020618556,0.06122448979591836,0.0,0.5816666666666668,0.08934707903780069,0.05154639175257732,0.13367609254498716,0.07482993197278912,1
0,1,1,0.3402061855670103,0.24744897959183673,0.6666666666666665,0.6816666666666666,0.18213058419243985,0.09278350515463918,0.22879177377892032,0.34013605442176875,1
4,1,2,0.32989690721649484,0.336734693877551,0.5555555555555556,0.675,0.3436426116838488,0.05670103092783505,0.20565552699228792,0.33333333333333337,1
2,1,2,0.6082474226804123,0.5943877551020408,0.0,0.29333333333333333,0.15807560137457044,0.14948453608247422,0.5706940874035991,0.2585034013605442,1
2,2,1,0.288659793814433,0.173469387755102,0.1111111111111111,0.865,0.18556701030927836,0.24742268041237112,0.14652956298200515,0.14285714285714288,1
5,2,1,0.32989690721649484,0.23214285714285712,0.7777777777777777,0.3916666666666667,0.10652920962199312,0.28865979381443296,0.32390745501285345,0.217687074829932,2
0,1,1,0.020618556701030927,0.022959183673469385,0.6666666666666665,0.9816666666666667,0.037800687285223365,0.010309278350515464,0.010282776349614397,0.01360544217687075,1
0,1,2,0.5876288659793814,0.29336734693877553,0.5555555555555556,0.28,0.3127147766323024,0.5154639175257731,0.442159383033419,0.4217687074829932,2
5,1,1,0.020618556701030927,0.012755102040816325,0.0,0.7650000000000001,0.003436426116838488,0.02577319587628866,0.025706940874035994,0.020408163265306124,1
3,1,1,0.9072164948453607,0.8494897959183673,0.0,0.21000000000000008,0.7422680412371134,0.8350515463917526,0.5244215938303343,0.8095238095238095,1
0,1,1,0.8865979381443299,0.5943877551020408,0.3333333333333333,0.6866666666666668,0.013745704467353952,0.5824742268041236,0.4884318766066838,0.7551020408163266,1
4,1,1,0.18556701030927833,0.11224489795918367,0.0,0.5250000000000001,0.017182130584192438,0.005154639175257732,0.16452442159383035,0.20408163265306123,1
2,1,2,0.4639175257731959,0.3494897959183674,0.5555555555555556,0.8066666666666666,0.46048109965635736,0.13917525773195877,0.37275064267352187,0.46938775510204084,1
4,2,2,0.2577319587628866,0.14795918367346936,0.7777777777777777,0.6283333333333334,0.003436426116838488,0.17010309278350516,0.15938303341902316,0.2585034013605442,1
1,2,2,0.24742268041237112,0.19387755102040816,0.5555555555555556,0.010000000000000009,0.06872852233676975,0.12371134020618556,0.18766066838046275,0.22448979591836737,2
1,2,1,0.9072164948453607,0.6403061224489796,0.7777777777777777,0.5916666666666668,0.7560137457044673,0.4536082474226804,0.7403598971722366,0.489795918367347,1
4,2,2,0.5051546391752577,0.4872448979591837,0.3333333333333333,0.7583333333333333,0.07560137457044673,0.015463917525773195,0.37532133676092544,0.36054421768707484,1
2,1,2,0.6597938144329897,0.6505102040816326,0.8888888888888888,0.4966666666666667,0.13058419243986255,0.15979381443298968,0.4138817480719794,0.40136054421768713,1
2,1,2,0.4329896907216495,0.2423469387755102,0.8888888888888888,0.6866666666666668,0.18556701030927836,0.010309278350515464,0.21850899742930593,0.435374149659864,1
4,2,1,0.13402061855670103,0.1096938775510204,0.2222222222222222,0.3733333333333334,0.12714776632302405,0.10309278350515463,0.12082262210796914,0.09523809523809525,2
1,2,2,0.6185567010309277,0.5816326530612245,0.7777777777777777,0.8966666666666667,0.3127147766323024,0.07216494845360824,0.596401028277635,0.4761904761904762,1
4,1,1,0.07216494845360825,0.0663265306122449,0.2222222222222222,0.43333333333333335,0.05154639175257732,0.04639175257731959,0.07197943444730077,0.06122448979591837,1
3,2,2,0.7731958762886597,0.6658163265306122,0.5555555555555556,0.7650000000000001,0.11683848797250859,0.14948453608247422,0.5552699228791774,0.7346938775510204,1
2,1,1,0.04123711340206185,0.05357142857142857,0.2222222222222222,0.2566666666666667,0.003436426116838488,0.03092783505154639,0.05141388174807198,0.020408163265306124,2
4,2,2,0.422680412371134,0.413265306122449,0.1111111111111111,0.39833333333333343,0.3642611683848797,0.31443298969072164,0.23136246786632392,0.14285714285714288,1
2,2,1,0.8247422680412371,0.7015306122448979,0.7777777777777777,0.8783333333333334,0.3951890034364261,0.44845360824742264,0.660668380462725,0.7278911564625851,1
0,2,2,0.3402061855670103,0.29591836734693877,0.5555555555555556,0.6433333333333333,0.15120274914089346,0.24742268041237112,0.2519280205655527,0.17006802721088438,1
1,1,1,0.9999999999999999,0.8622448979591836,0.6666666666666665,0.1183333333333334,0.8384879725085911,0.36597938144329895,0.7455012853470437,0.4217687074829932,2
5,1,2,0.05154639175257732,0.04081632653061224,0.1111111111111111,0.8066666666666666,0.017182130584192438,0.05154639175257732,0.04627249357326478,0.04081632653061225,1
1,1,1,0.1958762886597938,0.17857142857142855,0.7777777777777777,0.8766666666666667,0.054982817869415807,0.18041237113402062,0.19023136246786634,0.09523809523809525,1
2,2,2,0.30927835051546393,0.2602040816326531,0.5555555555555556,0.33666666666666667,0.14776632302405499,0.07731958762886598,0.2493573264781491,0.30612244897959184,2
0,1,2,0.27835051546391754,0.1913265306122449,0.3333333333333333,0.11166666666666669,0.024054982817869414,0.19072164948453607,0.19023136246786634,0.2448979591836735,2
0,2,2,0.7010309278350515,0.45918367346938777,0.2222222222222222,0.4016666666666667,0.21649484536082475,0.32989690721649484,0.5269922879177379,0.5646258503401361,2
1,1,2,0.36082474226804123,0.3392857142857143,0.7777777777777777,0.5133333333333334,0.013745704467353952,0.1134020618556701,0.33676092544987146,0.1904761904761905,1
3,2,1,0.44329896907216493,0.32653061224489793,0.5555555555555556,0.45000000000000007,0.36082474226804123,0.10309278350515463,0.2519280205655527,0.39455782312925175,1
3,1,2,0.0,0.012755102040816325,0.8888888888888888,0.7533333333333334,0.006872852233676976,0.010309278350515464,0.0,0.01360544217687075,1
5,2,1,0.556701030927835,0.5153061224489796,0.3333333333333333,0.9550000000000001,0.18900343642611683,0.4896907216494845,0.4910025706940874,0.5306122448979592,1
5,1,2,0.5360824742268041,0.46683673469387754,0.0,0.3966666666666667,0.2646048109965636,0.13917525773195877,0.4755784061696658,0.272108843537415,1
4,2,2,0.010309278350515462,0.017857142857142856,0.4444444444444445,0.865,0.024054982817869414,0.015463917525773195,0.015424164524421594,0.01360544217687075,1
1,1,1,0.7525773195876289,0.7525510204081632,0.8888888888888888,0.7833333333333334,0.04810996563573883,0.26804123711340205,0.712082262210797,0.5918367346938775,1
5,2,1,0.23711340206185563,0.23724489795918366,0.2222222222222222,0.07500000000000007,0.06529209621993128,0.0979381443298969,0.16709511568123395,0.17687074829931973,2
4,1,1,0.29896907216494845,0.19897959183673466,0.5555555555555556,0.7166666666666668,0.21649484536082475,0.23195876288659792,0.22365038560411313,0.30612244897959184,1
1,1,1,0.7628865979381443,0.4846938775510204,1.0,0.8916666666666668,0.1993127147766323,0.11855670103092783,0.557840616966581,0.5578231292517007,1
3,2,1,0.03092783505154639,0.03571428571428571,0.0,0.8516666666666668,0.017182130584192438,0.02577319587628866,0.02827763496143959,0.01360544217687075,1
2,2,2,0.2577319587628866,0.14285714285714285,0.6666666666666665,0.6033333333333335,0.10996563573883161,0.08247422680412371,0.17994858611825196,0.2585034013605442,1
2,2,1,0.3402061855670103,0.33163265306122447,0.1111111111111111,0.20000000000000007,0.21993127147766323,0.08762886597938144,0.19794344473007713,0.1564625850340136,1
5,2,2,0.36082474226804123,0.29081632653061223,0.1111111111111111,0.18833333333333335,0.28865979381443296,0.28350515463917525,0.30077120822622105,0.1836734693877551,1
2,2,1,0.556701030927835,0.5025510204081632,0.4444444444444445,0.11166666666666669,0.47079037800687284,0.25773195876288657,0.4832904884318766,0.40816326530612246,2
5,2,1,0.4742268041237113,0.4107142857142857,0.6666666666666665,0.15000000000000002,0.28865979381443296,0.12371134020618556,0.2365038560411311,0.272108843537415,2
4,2,1,0.5154639175257731,0.30357142857142855,0.0,0.5033333333333334,0.3539518900343642,0.041237113402061855,0.519280205655527,0.5238095238095238,1
3,1,2,0.27835051546391754,0.2857142857142857,0.7777777777777777,0.905,0.07903780068728522,0.13402061855670103,0.26735218508997427,0.29251700680272114,1
1,1,2,0.2577319587628866,0.16581632653061223,1.0,0.6883333333333335,0.017182130584192438,0.17010309278350516,0.14910025706940874,0.1292517006802721,1
3,1,2,0.49484536082474223,0.40561224489795916,0.3333333333333333,0.4850000000000001,0.06529209621993128,0.17525773195876287,0.35218508997429304,0.34013605442176875,1
2,2,1,0.2577319587628866,0.23214285714285712,0.6666666666666665,0.6683333333333334,0.013745704467353952,0.17525773195876287,0.24678663239074553,0.1292517006802721,1
4,2,1,0.26804123711340205,0.24744897959183673,0.5555555555555556,0.5916666666666668,0.1683848797250859,0.18556701030927836,0.21079691516709514,0.22448979591836737,1
3,2,1,0.7319587628865979,0.5025510204081632,0.8888888888888888,0.7000000000000002,0.5326460481099656,0.5103092783505154,0.5835475578406171,0.6666666666666667,1
0,1,1,0.5876288659793814,0.37755102040816324,0.4444444444444445,0.8233333333333335,0.20618556701030927,0.22164948453608246,0.37532133676092544,0.3673469387755102,1
0,1,2,0.8144329896907216,0.5357142857142857,0.0,0.15333333333333332,0.4879725085910653,0.3402061855670103,0.8020565552699229,0.7482993197278912,2
3,1,1,0.17525773195876287,0.173469387755102,0.2222222222222222,0.4716666666666667,0.013745704467353952,0.14432989690721648,0.15938303341902316,0.1360544217687075,1
5,1,2,0.16494845360824742,0.16581632653061223,0.8888888888888888,0.2616666666666667,0.07560137457044673,0.05670103092783505,0.08997429305912596,0.09523809523809525,2
0,2,1,0.7628865979381443,0.4464285714285714,0.6666666666666665,0.45000000000000007,0.5223367697594502,0.6237113402061856,0.544987146529563,0.6734693877551021,1
1,1,2,0.9175257731958762,0.760204081632653,0.6666666666666665,0.9833333333333334,0.6116838487972508,0.6391752577319587,0.8277634961439589,0.5102040816326531,1
2,2,1,0.5257731958762886,0.30612244897959184,0.6666666666666665,0.28666666666666674,0.3436426116838488,0.08247422680412371,0.5167095115681235,0.22448979591836737,2
2,2,2,0.36082474226804123,0.27040816326530615,0.5555555555555556,0.8133333333333335,0.058419243986254296,0.03608247422680412,0.30591259640102825,0.17687074829931973,1
0,2,2,0.9587628865979381,0.8928571428571428,0.2222222222222222,0.5083333333333333,0.3436426116838488,0.654639175257732,0.7917737789203085,0.4761904761904762,1
3,1,2,0.8350515463917525,0.770408163265306,0.4444444444444445,0.28833333333333333,0.4570446735395189,0.4845360824742268,0.5912596401028278,0.8027210884353743,2
5,1,2,0.6391752577319587,0.5408163265306122,0.7777777777777777,0.7133333333333334,0.010309278350515464,0.26804123711340205,0.43958868894601544,0.653061224489796,1
5,1,1,0.5257731958762886,0.4464285714285714,0.7777777777777777,0.3416666666666667,0.3161512027491409,0.4381443298969072,0.3676092544987147,0.27891156462585037,2
0,1,1,0.556701030927835,0.4846938775510204,0.2222222222222222,0.17833333333333334,0.11683848797250859,0.18556701030927836,0.35732647814910024,0.5714285714285715,2
1,1,1,0.07216494845360825,0.03571428571428571,0.8888888888888888,0.27333333333333343,0.044673539518900345,0.0,0.04113110539845759,0.04761904761904762,2
0,1,1,0.22680412371134018,0.17602040816326528,1.0,0.3566666666666667,0.140893470790378,0.10824742268041238,0.16452442159383035,0.12244897959183675,2
1,1,2,0.9587628865979381,0.5790816326530611,0.4444444444444445,0.5450000000000002,0.979381443298969,0.5927835051546392,0.5501285347043703,0.6190476190476191,1
2,2,1,0.7422680412371133,0.37244897959183676,1.0,0.5450000000000002,0.5463917525773195,0.520618556701031,0.480719794344473,0.7006802721088435,1
4,2,1,0.13402061855670103,0.07397959183673469,0.4444444444444445,0.9300000000000002,0.05154639175257732,0.0,0.11311053984575835,0.11564625850340136,1
3,1,1,0.8865979381443299,0.7627551020408162,0.3333333333333333,0.5116666666666667,0.46735395189003437,0.654639175257732,0.544987146529563,0.40136054421768713,1
5,2,1,0.4845360824742268,0.35714285714285715,0.1111111111111111,0.605,0.2920962199312715,0.31443298969072164,0.49614395886889456,0.3741496598639456,1
1,2,1,0.8144329896907216,0.6785714285714285,0.2222222222222222,0.3700000000000001,0.7903780068728522,0.10824742268041238,0.4730077120822622,0.28571428571428575,2
2,2,1,0.21649484536082472,0.22448979591836732,1.0,0.5166666666666668,0.12714776632302405,0.03092783505154639,0.19280205655526994,0.23129251700680273,1
5,2,1,0.288659793814433,0.1607142857142857,0.7777777777777777,0.27,0.18900343642611683,0.18041237113402062,0.22622107969151672,0.2448979591836735,2
2,2,1,0.3814432989690722,0.22959183673469385,0.3333333333333333,0.4850000000000001,0.3745704467353952,0.13917525773195877,0.23907455012853474,0.22448979591836737,1
4,1,1,0.15463917525773194,0.15816326530612243,1.0,0.56,0.058419243986254296,0.04639175257731959,0.15167095115681237,0.1564625850340136,1
0,2,1,0.1958762886597938,0.11734693877551021,0.4444444444444445,0.09833333333333338,0.034364261168384876,0.041237113402061855,0.14910025706940874,0.06802721088435375,2
4,1,1,0.979381443298969,0.6301020408163265,0.1111111111111111,0.40333333333333343,0.3367697594501718,0.6185567010309279,0.7455012853470437,0.9115646258503403,2
5,2,1,0.3402061855670103,0.29336734693877553,0.1111111111111111,0.5700000000000001,0.07903780068728522,0.14948453608247422,0.2982005141388175,0.2448979591836735,1
5,2,1,0.13402061855670103,0.13265306122448978,0.1111111111111111,0.19000000000000006,0.027491408934707903,0.07216494845360824,0.06683804627249357,0.0816326530612245,1
3,2,1,0.8865979381443299,0.6607142857142856,1.0,0.9416666666666667,0.6632302405498282,0.5051546391752577,0.7043701799485862,0.8503401360544218,1
3,1,2,0.07216494845360825,0.07142857142857142,0.4444444444444445,0.11499999999999999,0.04810996563573883,0.005154639175257732,0.03598971722365039,0.034013605442176874,2
0,1,1,0.3402061855670103,0.26785714285714285,0.6666666666666665,0.8966666666666667,0.16151202749140894,0.35051546391752575,0.3496143958868895,0.11564625850340136,1
5,2,2,0.5463917525773195,0.5331632653061223,0.1111111111111111,0.4700000000000001,0.415807560137457,0.42783505154639173,0.4318766066838046,0.2108843537414966,1
5,2,1,0.9896907216494845,0.5841836734693877,0.4444444444444445,0.19333333333333336,0.37800687285223367,0.8917525773195876,0.5475578406169667,0.5782312925170069,2
5,1,2,0.1958762886597938,0.13265306122448978,1.0,0.675,0.18556701030927836,0.07216494845360824,0.11053984575835475,0.0816326530612245,1
0,1,2,0.16494845360824742,0.1377551020408163,0.8888888888888888,0.010000000000000009,0.017182130584192438,0.03608247422680412,0.13624678663239076,0.11564625850340136,2
5,1,1,0.5773195876288659,0.3239795918367347,0.3333333333333333,0.9183333333333334,0.23024054982817868,0.44845360824742264,0.4473007712082262,0.27891156462585037,1
5,1,2,0.6701030927835051,0.43112244897959184,0.8888888888888888,0.5216666666666667,0.3333333333333333,0.35051546391752575,0.6246786632390746,0.4829931972789116,1
3,1,2,0.422680412371134,0.40816326530612246,0.4444444444444445,0.10999999999999999,0.23711340206185566,0.34536082474226804,0.30848329048843187,0.3741496598639456,2
1,1,2,0.10309278350515463,0.06377551020408163,0.5555555555555556,0.21833333333333338,0.03092783505154639,0.020618556701030927,0.06683804627249357,0.06122448979591837,2
5,2,1,0.979381443298969,0.6530612244897959,0.0,0.7566666666666668,0.30927835051546393,0.5154639175257731,0.724935732647815,0.45578231292517013,1
5,1,1,0.5360824742268041,0.2780612244897959,0.4444444444444445,0.245,0.010309278350515464,0.4072164948453608,0.5424164524421594,0.40816326530612246,2
1,2,1,0.5257731958762886,0.3520408163265306,0.6666666666666665,0.3500000000000001,0.4570446735395189,0.5360824742268041,0.4781491002570694,0.5306122448979592,2
1,1,2,0.7319587628865979,0.6096938775510203,1.0,0.040000000000000036,0.44329896907216493,0.19072164948453607,0.4652956298200514,0.6122448979591837,2
5,1,2,0.9587628865979381,0.48214285714285715,0.0,0.3716666666666667,0.46391752577319584,0.07731958762886598,0.532133676092545,0.45578231292517013,2
0,2,1,0.7216494845360825,0.3903061224489796,0.0,0.10333333333333339,0.09278350515463918,0.12371134020618556,0.5269922879177379,0.40136054421768713,2
3,1,1,0.9072164948453607,0.8316326530612244,0.2222222222222222,0.595,0.3402061855670103,0.03092783505154639,0.7429305912596402,0.8163265306122449,1
5,2,2,0.6494845360824741,0.586734693877551,0.5555555555555556,0.8166666666666667,0.020618556701030927,0.5,0.390745501285347,0.6462585034013606,1
1,1,1,0.9587628865979381,0.770408163265306,0.8888888888888888,0.33333333333333337,0.044673539518900345,0.17010309278350516,0.519280205655527,0.3741496598639456,2
2,2,1,0.9999999999999999,0.8392857142857142,0.1111111111111111,0.275,0.9037800687285223,0.8762886597938144,0.6195372750642674,0.34013605442176875,1
4,2,2,0.27835051546391754,0.21428571428571427,0.2222222222222222,0.18166666666666675,0.12714776632302405,0.28350515463917525,0.20308483290488433,0.14965986394557823,2
4,1,1,0.05154639175257732,0.038265306122448974,1.0,0.5433333333333334,0.017182130584192438,0.03092783505154639,0.02827763496143959,0.020408163265306124,1
5,2,2,0.4123711340206186,0.33418367346938777,0.7777777777777777,0.40833333333333344,0.3367697594501718,0.422680412371134,0.31362467866323906,0.2380952380952381,2
3,2,2,0.4123711340206186,0.28316326530612246,0.4444444444444445,0.5900000000000001,0.3024054982817869,0.020618556701030927,0.4087403598971722,0.38775510204081637,1
0,2,2,0.7628865979381443,0.6683673469387754,0.2222222222222222,0.3583333333333334,0.21305841924398625,0.768041237113402,0.557840616966581,0.272108843537415,2
2,1,1,0.7113402061855669,0.4719387755102041,0.5555555555555556,0.8966666666666667,0.037800687285223365,0.26804123711340205,0.4190231362467866,0.33333333333333337,1
1,2,1,0.4639175257731959,0.4005102040816326,0.6666666666666665,0.17666666666666675,0.1374570446735395,0.27319587628865977,0.35989717223650386,0.22448979591836737,2
0,1,1,0.9896907216494845,0.5841836734693877,0.4444444444444445,0.45500000000000007,0.8213058419243986,0.17010309278350516,0.5989717223650386,0.9931972789115647,1
0,1,1,0.9896907216494845,0.9795918367346937,0.0,0.5183333333333333,0.2268041237113402,0.5360824742268041,0.840616966580977,0.40816326530612246,1
0,2,2,0.5051546391752577,0.33418367346938777,0.7777777777777777,0.5816666666666668,0.23367697594501718,0.08247422680412371,0.3958868894601542,0.2653061224489796,1
0,2,1,0.3195876288659794,0.18877551020408162,0.5555555555555556,0.7916666666666667,0.281786941580756,0.10824742268041238,0.18251928020565555,0.28571428571428575,1
3,1,2,0.44329896907216493,0.3112244897959184,0.5555555555555556,0.28166666666666673,0.140893470790378,0.3917525773195876,0.35732647814910024,0.23129251700680273,2
0,1,1,0.3814432989690722,0.31887755102040816,0.8888888888888888,0.4783333333333334,0.15463917525773196,0.27319587628865977,0.3161953727506427,0.34013605442176875,1
3,1,1,0.30927835051546393,0.24489795918367344,0.4444444444444445,0.026666666666666727,0.3127147766323024,0.28350515463917525,0.21850899742930593,0.2448979591836735,2
2,1,2,0.30927835051546393,0.2576530612244898,0.4444444444444445,0.42666666666666675,0.281786941580756,0.28865979381443296,0.2879177377892031,0.30612244897959184,1
2,2,2,0.9690721649484535,0.7882653061224489,0.5555555555555556,0.4633333333333334,0.3402061855670103,0.1134020618556701,0.673521850899743,0.9183673469387755,1
2,2,1,0.8762886597938143,0.4744897959183673,0.0,0.42333333333333334,0.13402061855670103,0.0979381443298969,0.455012853470437,0.7823129251700681,1
2,2,1,0.17525773195876287,0.16581632653061223,0.2222222222222222,0.9866666666666668,0.08934707903780069,0.1134020618556701,0.15681233933161956,0.06122448979591837,1
2,2,1,0.27835051546391754,0.2525510204081633,0.4444444444444445,0.025000000000000022,0.27835051546391754,0.020618556701030927,0.15938303341902316,0.108843537414966,2
0,2,2,0.6185567010309277,0.32142857142857145,0.4444444444444445,0.6583333333333334,0.06529209621993128,0.19072164948453607,0.5629820051413882,0.28571428571428575,1
0,2,2,0.5876288659793814,0.510204081632653,0.1111111111111111,0.8433333333333335,0.010309278350515464,0.19072164948453607,0.4138817480719794,0.326530612244898,1
4,2,1,0.30927835051546393,0.31887755102040816,0.3333333333333333,0.5633333333333335,0.14776632302405499,0.13402061855670103,0.19794344473007713,0.2585034013605442,1
1,2,1,0.1134020618556701,0.11989795918367348,0.1111111111111111,0.5166666666666668,0.11683848797250859,0.041237113402061855,0.10796915167095116,0.06122448979591837,1
2,2,1,0.1134020618556701,0.07397959183673469,0.1111111111111111,0.8500000000000001,0.13058419243986255,0.10824742268041238,0.10282776349614396,0.054421768707483,1
1,1,2,0.8762886597938143,0.8392857142857142,0.1111111111111111,0.9433333333333334,0.6735395189003436,0.8195876288659794,0.6015424164524422,0.7142857142857143,1
3,2,2,0.6288659793814433,0.5994897959183673,0.4444444444444445,0.7666666666666668,0.436426116838488,0.06701030927835051,0.4652956298200514,0.5986394557823129,1
3,1,2,0.422680412371134,0.2780612244897959,0.2222222222222222,0.42666666666666675,0.37800687285223367,0.22164948453608246,0.36503856041131105,0.34693877551020413,1
3,2,1,0.6391752577319587,0.5918367346938774,0.5555555555555556,0.6400000000000001,0.5910652920962199,0.5309278350515464,0.6426735218508998,0.5034013605442177,1
5,2,1,0.7731958762886597,0.6505102040816326,0.8888888888888888,0.4633333333333334,0.1718213058419244,0.39690721649484534,0.6915167095115682,0.7210884353741497,1
2,2,2,0.6907216494845361,0.6020408163265305,0.5555555555555556,0.8566666666666667,0.4467353951890034,0.0979381443298969,0.6760925449871465,0.40816326530612246,1
0,2,2,0.4123711340206186,0.36989795918367346,1.0,0.3500000000000001,0.3161512027491409,0.29381443298969073,0.2982005141388175,0.17687074829931973,2
4,2,2,0.3814432989690722,0.22193877551020405,0.0,0.6233333333333333,0.29896907216494845,0.29381443298969073,0.35218508997429304,0.2108843537414966,1
0,1,1,0.18556701030927833,0.11734693877551021,0.6666666666666665,0.45000000000000007,0.13058419243986255,0.015463917525773195,0.16195372750642675,0.08843537414965986,1
1,2,2,0.03092783505154639,0.03571428571428571,0.0,0.6333333333333333,0.024054982817869414,0.041237113402061855,0.02827763496143959,0.04761904761904762,1
0,1,2,0.3402061855670103,0.21683673469387754,0.5555555555555556,0.8383333333333334,0.18556701030927836,0.015463917525773195,0.20822622107969152,0.23129251700680273,1
2,2,1,0.29896907216494845,0.2653061224489796,0.7777777777777777,0.09500000000000008,0.3161512027491409,0.0979381443298969,0.19023136246786634,0.2585034013605442,2
3,2,1,0.4845360824742268,0.4770408163265306,0.1111111111111111,0.45833333333333337,0.4845360824742268,0.4690721649484536,0.41645244215938304,0.3129251700680272,1
1,2,2,0.08247422680412371,0.08418367346938775,0.1111111111111111,0.41000000000000003,0.0859106529209622,0.0,0.059125964010282785,0.034013605442176874,1
2,1,2,0.6701030927835051,0.5382653061224489,0.3333333333333333,0.1166666666666667,0.10996563573883161,0.6082474226804123,0.5089974293059126,0.5850340136054423,2
1,1,2,0.4020618556701031,0.23214285714285712,0.2222222222222222,0.6883333333333335,0.0,0.05154639175257732,0.27763496143958866,0.2108843537414966,1
4,2,1,0.14432989690721648,0.08928571428571429,0.0,0.9933333333333334,0.041237113402061855,0.020618556701030927,0.11568123393316196,0.1360544217687075,1
3,1,1,0.22680412371134018,0.2270408163265306,0.6666666666666665,0.5433333333333334,0.010309278350515464,0.18556701030927836,0.21079691516709514,0.1360544217687075,1
0,1,2,0.20618556701030927,0.15561224489795916,0.1111111111111111,0.9233333333333333,0.03092783505154639,0.08247422680412371,0.15938303341902316,0.08843537414965986,1
4,1,2,0.30927835051546393,0.20663265306122447,0.8888888888888888,0.8366666666666667,0.013745704467353952,0.0,0.22622107969151672,0.3197278911564626,1
4,2,1,0.14432989690721648,0.10459183673469388,1.0,0.13666666666666671,0.058419243986254296,0.015463917525773195,0.12596401028277637,0.1292517006802721,2
2,2,2,0.3814432989690722,0.37244897959183676,0.2222222222222222,0.19166666666666676,0.07560137457044673,0.22164948453608246,0.2365038560411311,0.3129251700680272,2
5,1,1,0.18556701030927833,0.1530612244897959,0.1111111111111111,0.10999999999999999,0.18213058419243985,0.1134020618556701,0.13110539845758357,0.1904761904761905,1
1,1,1,0.7628865979381443,0.6403061224489796,0.4444444444444445,0.4916666666666667,0.27147766323024053,0.020618556701030927,0.6323907455012854,0.7482993197278912,1
1,2,2,0.9896907216494845,0.5357142857142857,0.0,0.09333333333333338,0.7903780068728522,0.634020618556701,0.6529562982005142,0.9931972789115647,2
5,2,2,0.7938144329896907,0.7551020408163265,0.2222222222222222,0.44666666666666677,0.1993127147766323,0.7164948453608248,0.40102827763496146,0.5918367346938775,1
1,1,2,0.14432989690721648,0.09438775510204081,0.4444444444444445,0.5250000000000001,0.07560137457044673,0.13917525773195877,0.13367609254498716,0.09523809523809525,1
1,1,1,0.6391752577319587,0.3469387755102041,0.5555555555555556,0.021666666666666723,0.6391752577319587,0.3247422680412371,0.4704370179948586,0.33333333333333337,2
1,1,1,0.6391752577319587,0.4489795918367347,0.2222222222222222,0.45833333333333337,0.2268041237113402,0.3917525773195876,0.5861182519280206,0.36054421768707484,1
4,1,2,0.14432989690721648,0.13265306122448978,0.4444444444444445,0.4616666666666668,0.013745704467353952,0.06185567010309278,0.09768637532133675,0.09523809523809525,1
0,1,2,0.9278350515463917,0.7755102040816326,0.4444444444444445,0.2583333333333334,0.8556701030927835,0.10309278350515463,0.8380462724935733,0.35374149659863946,2
1,2,2,0.7835051546391752,0.6275510204081632,0.2222222222222222,0.33333333333333337,0.5257731958762887,0.5154639175257731,0.41645244215938304,0.30612244897959184,2
1,2,1,0.3917525773195876,0.23214285714285712,0.3333333333333333,0.3483333333333334,0.034364261168384876,0.211340206185567,0.2699228791773779,0.3741496598639456,2
2,2,1,0.6082474226804123,0.4872448979591837,0.3333333333333333,0.1316666666666667,0.18213058419243985,0.5567010309278351,0.35989717223650386,0.27891156462585037,2
5,1,2,0.7113402061855669,0.3622448979591837,0.6666666666666665,0.6066666666666667,0.18213058419243985,0.6649484536082474,0.3958868894601542,0.6258503401360545,1
0,2,1,0.23711340206185563,0.24489795918367344,0.2222222222222222,0.5383333333333333,0.20618556701030927,0.09278350515463918,0.15167095115681237,0.12244897959183675,1
5,1,2,0.30927835051546393,0.21428571428571427,0.7777777777777777,0.43000000000000005,0.08934707903780069,0.12886597938144329,0.22622107969151672,0.12244897959183675,1
4,1,2,0.15463917525773194,0.10204081632653061,0.8888888888888888,0.4666666666666667,0.05154639175257732,0.12371134020618556,0.16195372750642675,0.11564625850340136,1
4,1,2,0.6288659793814433,0.4413265306122449,0.2222222222222222,0.52,0.549828178694158,0.17010309278350516,0.596401028277635,0.217687074829932,1
4,1,1,0.05154639175257732,0.05357142857142857,0.6666666666666665,0.675,0.0,0.005154639175257732,0.043701799485861184,0.04761904761904762,1
4,1,1,0.09278350515463918,0.06122448979591836,0.8888888888888888,0.0016666666666667052,0.09621993127147765,0.08247422680412371,0.07712082262210797,0.10204081632653061,2
1,2,1,0.8969072164948453,0.808673469387755,0.7777777777777777,0.685,0.14776632302405499,0.06185567010309278,0.5604113110539847,0.35374149659863946,1
3,1,2,0.010309278350515462,0.01020408163265306,1.0,0.7250000000000001,0.03092783505154639,0.010309278350515464,0.015424164524421594,0.0272108843537415,1
1,2,2,0.20618556701030927,0.12499999999999999,0.6666666666666665,0.6366666666666667,0.08934707903780069,0.03092783505154639,0.14910025706940874,0.12244897959183675,1
3,2,2,0.32989690721649484,0.336734693877551,0.4444444444444445,0.08000000000000007,0.27147766323024053,0.19072164948453607,0.20308483290488433,0.3197278911564626,2
0,1,1,0.7938144329896907,0.5918367346938774,1.0,0.75,0.5773195876288659,0.788659793814433,0.5372750642673523,0.272108843537415,1
3,2,1,0.5773195876288659,0.45663265306122447,0.7777777777777777,0.8916666666666668,0.034364261168384876,0.31443298969072164,0.3676092544987147,0.5374149659863946,1
0,1,1,0.9484536082474226,0.5025510204081632,0.2222222222222222,0.14833333333333343,0.549828178694158,0.36597938144329895,0.4910025706940874,0.6938775510204083,2
2,1,2,0.4742268041237113,0.4744897959183673,0.1111111111111111,0.9433333333333334,0.35051546391752575,0.30927835051546393,0.3496143958868895,0.40136054421768713,1
3,2,2,0.7628865979381443,0.6709183673469387,0.1111111111111111,0.6483333333333334,0.18213058419243985,0.03092783505154639,0.6169665809768639,0.5850340136054423,1
0,2,2,0.5876288659793814,0.4413265306122449,0.7777777777777777,0.5750000000000002,0.4467353951890034,0.15979381443298968,0.5938303341902315,0.5850340136054423,1
1,1,1,0.422680412371134,0.24999999999999997,0.0,0.8283333333333334,0.15120274914089346,0.23195876288659792,0.41131105398457585,0.3197278911564626,1
5,1,2,0.6082474226804123,0.4464285714285714,0.2222222222222222,0.915,0.09965635738831614,0.5618556701030928,0.40616966580976865,0.5306122448979592,1
5,1,2,0.5360824742268041,0.49489795918367346,1.0,0.20500000000000007,0.2233676975945017,0.5154639175257731,0.3958868894601542,0.49659863945578236,2
1,2,1,0.5154639175257731,0.2780612244897959,0.0,0.1166666666666667,0.3402061855670103,0.5257731958762887,0.42159383033419023,0.435374149659864,2
5,2,2,0.8556701030927835,0.7908163265306122,0.5555555555555556,0.13,0.7353951890034364,0.6752577319587628,0.7737789203084834,0.5986394557823129,2
4,2,2,0.07216494845360825,0.04081632653061224,1.0,0.19500000000000006,0.034364261168384876,0.041237113402061855,0.06426735218508997,0.06122448979591837,2
1,2,2,0.12371134020618556,0.09693877551020408,1.0,0.3833333333333334,0.041237113402061855,0.05670103092783505,0.06940874035989716,0.1292517006802721,2
1,2,1,0.22680412371134018,0.22959183673469385,1.0,0.405,0.024054982817869414,0.041237113402061855,0.12082262210796914,0.23129251700680273,2
4,1,2,0.6288659793814433,0.375,0.8888888888888888,0.75,0.027491408934707903,0.33505154639175255,0.38817480719794345,0.5238095238095238,1
1,1,2,0.29896907216494845,0.18622448979591835,1.0,0.07666666666666666,0.024054982817869414,0.23711340206185566,0.20051413881748073,0.29931972789115646,2
4,1,1,0.6907216494845361,0.4770408163265306,0.6666666666666665,0.050000000000000044,0.31958762886597936,0.36597938144329895,0.4755784061696658,0.5714285714285715,2
2,2,1,0.288659793814433,0.18112244897959182,0.4444444444444445,0.6866666666666668,0.17525773195876287,0.05154639175257732,0.29048843187660667,0.2585034013605442,1
0,2,2,0.29896907216494845,0.24999999999999997,0.6666666666666665,0.1266666666666667,0.21993127147766323,0.13402061855670103,0.29048843187660667,0.29251700680272114,2
4,2,2,0.04123711340206185,0.022959183673469385,0.6666666666666665,0.06333333333333335,0.017182130584192438,0.02577319587628866,0.05141388174807198,0.034013605442176874,2
4,2,1,0.4639175257731959,0.34183673469387754,0.6666666666666665,0.5,0.415807560137457,0.4329896907216495,0.4473007712082262,0.34013605442176875,1
1,1,2,0.23711340206185563,0.1683673469387755,1.0,0.32500000000000007,0.16494845360824742,0.17010309278350516,0.13881748071979436,0.25170068027210885,2
0,1,2,0.979381443298969,0.7678571428571428,0.1111111111111111,0.0,0.5876288659793815,0.8556701030927835,0.9717223650385605,0.6258503401360545,1
4,2,1,0.7628865979381443,0.5025510204081632,0.8888888888888888,0.6516666666666668,0.1718213058419244,0.44845360824742264,0.5938303341902315,0.761904761904762,1
1,1,2,0.845360824742268,0.6224489795918366,0.3333333333333333,0.3650000000000001,0.44329896907216493,0.8608247422680412,0.4370179948586118,0.40816326530612246,2
3,1,1,0.3711340206185567,0.37755102040816324,1.0,0.4,0.3230240549828179,0.05154639175257732,0.23136246786632392,0.2448979591836735,2
3,2,1,0.29896907216494845,0.28316326530612246,0.7777777777777777,0.43666666666666676,0.12371134020618556,0.18556701030927836,0.17737789203084833,0.2108843537414966,1
2,2,2,0.5670103092783505,0.5357142857142857,0.4444444444444445,0.03833333333333333,0.054982817869415807,0.5773195876288659,0.4087403598971722,0.34693877551020413,2
1,1,1,0.5463917525773195,0.49489795918367346,0.4444444444444445,0.020000000000000018,0.43986254295532645,0.24742268041237112,0.49357326478149105,0.22448979591836737,2
1,2,1,0.0,0.007653061224489796,0.0,0.3516666666666667,0.017182130584192438,0.005154639175257732,0.012853470437017997,0.01360544217687075,1
3,2,1,0.36082474226804123,0.34438775510204084,0.4444444444444445,0.5350000000000001,0.1374570446735395,0.041237113402061855,0.2982005141388175,0.36054421768707484,1
2,2,1,0.14432989690721648,0.10204081632653061,1.0,0.3533333333333334,0.10996563573883161,0.12886597938144329,0.15424164524421596,0.06122448979591837,2
4,1,2,0.3814432989690722,0.2729591836734694,0.0,0.81,0.27147766323024053,0.08247422680412371,0.26735218508997427,0.14285714285714288,1
3,2,1,0.05154639175257732,0.033163265306122444,0.8888888888888888,0.0050000000000000044,0.020618556701030927,0.02577319587628866,0.043701799485861184,0.04081632653061225,2
3,1,1,0.5773195876288659,0.41836734693877553,0.8888888888888888,0.5550000000000002,0.27835051546391754,0.4329896907216495,0.37017994858611825,0.25170068027210885,1
4,1,1,0.3711340206185567,0.3494897959183674,0.2222222222222222,0.685,0.32646048109965636,0.37628865979381443,0.36503856041131105,0.2108843537414966,1
2,1,2,0.6391752577319587,0.423469387755102,0.7777777777777777,0.28666666666666674,0.38144329896907214,0.30927835051546393,0.41131105398457585,0.30612244897959184,2
1,1,1,0.5463917525773195,0.3010204081632653,0.1111111111111111,0.08333333333333337,0.21649484536082475,0.4742268041237113,0.43444730077120824,0.46938775510204084,2
1,2,1,0.6804123711340205,0.34183673469387754,0.4444444444444445,0.9650000000000001,0.017182130584192438,0.13402061855670103,0.557840616966581,0.46258503401360546,1
4,2,2,0.6701030927835051,0.33418367346938777,0.4444444444444445,0.22666666666666668,0.12371134020618556,0.06185567010309278,0.5886889460154242,0.5102040816326531,2
1,1,1,0.5257731958762886,0.2857142857142857,0.6666666666666665,0.9133333333333333,0.044673539518900345,0.18556701030927836,0.37017994858611825,0.38775510204081637,1
2,1,2,0.6597938144329897,0.5841836734693877,0.7777777777777777,0.42500000000000004,0.3402061855670103,0.33505154639175255,0.5912596401028278,0.22448979591836737,1
2,1,2,0.6597938144329897,0.32653061224489793,1.0,0.9750000000000001,0.3745704467353952,0.22164948453608246,0.5218508997429306,0.4217687074829932,1
0,2,2,0.7628865979381443,0.635204081632653,0.2222222222222222,0.9800000000000002,0.436426116838488,0.5618556701030928,0.622107969151671,0.5102040816326531,1
4,2,1,0.23711340206185563,0.14795918367346936,1.0,0.29666666666666675,0.2027491408934708,0.041237113402061855,0.2365038560411311,0.217687074829932,2
4,2,2,0.09278350515463918,0.05612244897959184,0.1111111111111111,0.5050000000000001,0.06529209621993128,0.07216494845360824,0.09254498714652956,0.034013605442176874,1
1,2,2,0.21649484536082472,0.20153061224489793,0.3333333333333333,0.8066666666666666,0.06872852233676975,0.0,0.18766066838046275,0.07482993197278912,1
1,1,1,0.3195876288659794,0.29081632653061223,0.1111111111111111,0.6366666666666667,0.12027491408934708,0.28350515463917525,0.30848329048843187,0.108843537414966,1
4,1,1,0.24742268041237112,0.14285714285714285,0.2222222222222222,0.28500000000000003,0.12027491408934708,0.0979381443298969,0.17994858611825196,0.23129251700680273,2
4,2,1,0.9381443298969071,0.9285714285714285,1.0,0.8466666666666667,0.5670103092783505,0.7577319587628866,0.673521850899743,0.4829931972789116,1
4,2,2,0.5257731958762886,0.4642857142857143,0.3333333333333333,0.28333333333333344,0.09965635738831614,0.47938144329896903,0.37532133676092544,0.33333333333333337,2
2,2,2,0.5360824742268041,0.34438775510204084,1.0,0.4566666666666668,0.03092783505154639,0.4742268041237113,0.27249357326478146,0.25170068027210885,1
4,2,1,0.3402061855670103,0.29846938775510207,0.3333333333333333,0.023333333333333317,0.2646048109965636,0.005154639175257732,0.3161953727506427,0.1836734693877551,2
2,1,2,0.4123711340206186,0.2525510204081633,0.6666666666666665,0.17833333333333334,0.2027491408934708,0.23195876288659792,0.30077120822622105,0.17006802721088438,2
0,2,1,0.9278350515463917,0.8826530612244897,0.1111111111111111,0.6700000000000002,0.5807560137457044,0.8247422680412371,0.6118251928020566,0.6666666666666667,1
2,1,2,0.422680412371134,0.2423469387755102,0.0,0.33166666666666667,0.15120274914089346,0.23195876288659792,0.3161953727506427,0.34693877551020413,2
1,1,1,0.7525773195876289,0.49999999999999994,0.4444444444444445,0.615,0.06185567010309278,0.4536082474226804,0.45758354755784064,0.49659863945578236,1
5,2,1,0.5360824742268041,0.4719387755102041,1.0,0.043333333333333335,0.3333333333333333,0.520618556701031,0.37275064267352187,0.217687074829932,2
3,2,2,0.5463917525773195,0.40561224489795916,0.8888888888888888,0.7966666666666669,0.16151202749140894,0.5515463917525774,0.3856041131105398,0.41496598639455784,1
2,2,1,0.1958762886597938,0.10714285714285714,0.0,0.8116666666666668,0.16494845360824742,0.14432989690721648,0.14652956298200515,0.14285714285714288,1
0,1,2,0.36082474226804123,0.30612244897959184,0.7777777777777777,0.885,0.274914089347079,0.1134020618556701,0.2802056555269923,0.163265306122449,1
0,1,2,0.8865979381443299,0.8316326530612244,0.8888888888888888,0.4600000000000001,0.044673539518900345,0.44845360824742264,0.8303341902313626,0.380952380952381,1
5,2,2,0.5773195876288659,0.5739795918367346,0.5555555555555556,0.5,0.549828178694158,0.05670103092783505,0.5244215938303343,0.38775510204081637,1
4,1,2,0.7938144329896907,0.7729591836734693,0.0,0.44833333333333336,0.2611683848797251,0.17525773195876287,0.5089974293059126,0.5034013605442177,1
1,2,1,0.29896907216494845,0.1530612244897959,1.0,0.9450000000000001,0.06529209621993128,0.31443298969072164,0.16195372750642675,0.272108843537415,1
0,2,2,0.4020618556701031,0.3622448979591837,0.5555555555555556,0.2350000000000001,0.3402061855670103,0.015463917525773195,0.3958868894601542,0.2653061224489796,2
2,2,1,0.9896907216494845,0.8265306122448979,0.0,0.00666666666666671,0.16151202749140894,0.979381443298969,0.622107969151671,0.5850340136054423,1
5,2,2,0.3195876288659794,0.20663265306122447,0.8888888888888888,0.3666666666666667,0.017182130584192438,0.3247422680412371,0.2750642673521851,0.272108843537415,2
0,1,2,0.18556701030927833,0.15051020408163263,0.6666666666666665,0.5216666666666667,0.003436426116838488,0.09278350515463918,0.13110539845758357,0.08843537414965986,1
2,2,1,0.04123711340206185,0.020408163265306124,0.3333333333333333,0.9750000000000001,0.024054982817869414,0.0,0.023136246786632394,0.020408163265306124,1
4,2,1,0.3505154639175258,0.2346938775510204,0.0,0.9016666666666668,0.1683848797250859,0.2268041237113402,0.3393316195372751,0.14285714285714288,1
2,2,2,0.7525773195876289,0.7346938775510203,1.0,0.8583333333333334,0.4261168384879725,0.4896907216494845,0.6426735218508998,0.6190476190476191,1
5,1,1,0.0,0.0025510204081632647,0.8888888888888888,0.8700000000000001,0.006872852233676976,0.015463917525773195,0.007712082262210798,0.020408163265306124,1
4,2,2,0.9999999999999999,0.7346938775510203,0.8888888888888888,0.7866666666666668,0.8281786941580755,1.0,0.6812339331619538,0.7959183673469389,1
5,1,1,0.6082474226804123,0.5663265306122448,0.2222222222222222,0.7933333333333334,0.6048109965635738,0.5103092783505154,0.34704370179948585,0.326530612244898,1
4,2,1,0.3402061855670103,0.25510204081632654,0.4444444444444445,0.06166666666666665,0.30927835051546393,0.28865979381443296,0.2622107969151671,0.30612244897959184,2
0,2,1,0.7835051546391752,0.4770408163265306,0.5555555555555556,0.05500000000000005,0.5292096219931272,0.768041237113402,0.7789203084832905,0.653061224489796,2
3,2,1,0.8762886597938143,0.7397959183673468,0.1111111111111111,0.020000000000000018,0.30927835051546393,0.14432989690721648,0.763496143958869,0.33333333333333337,1
3,1,1,0.16494845360824742,0.12244897959183675,0.3333333333333333,0.8166666666666667,0.003436426116838488,0.0,0.08740359897172237,0.1360544217687075,1
2,1,2,0.8041237113402061,0.8061224489795917,0.7777777777777777,0.8433333333333335,0.6838487972508591,0.09278350515463918,0.5886889460154242,0.3673469387755102,1
5,2,1,0.7525773195876289,0.4260204081632653,0.3333333333333333,0.0,0.26804123711340205,0.42783505154639173,0.4781491002570694,0.45578231292517013,2
5,1,1,0.36082474226804123,0.29846938775510207,0.5555555555555556,0.5083333333333333,0.1683848797250859,0.09278350515463918,0.33161953727506427,0.2108843537414966,1
2,1,1,0.14432989690721648,0.11224489795918367,0.5555555555555556,0.4700000000000001,0.05154639175257732,0.06701030927835051,0.12596401028277637,0.06802721088435375,1
5,1,2,0.1134020618556701,0.06122448979591836,0.2222222222222222,0.5116666666666667,0.027491408934707903,0.07731958762886598,0.11311053984575835,0.108843537414966,1
5,1,1,0.22680412371134018,0.20153061224489793,0.4444444444444445,0.6816666666666666,0.07216494845360824,0.19072164948453607,0.21850899742930593,0.1904761904761905,1
4,1,1,0.4020618556701031,0.288265306122449,0.6666666666666665,0.9233333333333333,0.017182130584192438,0.3556701030927835,0.31876606683804626,0.38775510204081637,1
2,2,1,0.7319587628865979,0.38010204081632654,1.0,0.7933333333333334,0.5051546391752577,0.49484536082474223,0.6709511568123394,0.27891156462585037,1
1,1,1,0.8041237113402061,0.6198979591836734,0.5555555555555556,0.5816666666666668,0.3711340206185567,0.08247422680412371,0.5526992287917738,0.6258503401360545,1
3,2,2,0.7938144329896907,0.7066326530612245,0.1111111111111111,0.15666666666666673,0.7835051546391752,0.6804123711340206,0.4601542416452442,0.2653061224489796,1
4,2,2,0.7216494845360825,0.4744897959183673,0.7777777777777777,0.1183333333333334,0.2268041237113402,0.7268041237113402,0.4781491002570694,0.33333333333333337,2
3,2,2,0.6185567010309277,0.32908163265306123,0.6666666666666665,0.6783333333333335,0.5910652920962199,0.4587628865979381,0.5861182519280206,0.28571428571428575,1
2,2,1,0.5670103092783505,0.45408163265306123,1.0,0.31833333333333336,0.23367697594501718,0.005154639175257732,0.4473007712082262,0.2653061224489796,2
0,1,1,0.5773195876288659,0.3520408163265306,0.7777777777777777,0.45000000000000007,0.281786941580756,0.21649484536082475,0.4138817480719794,0.25170068027210885,1
1,2,2,0.07216494845360825,0.0816326530612245,0.8888888888888888,0.15833333333333333,0.0859106529209622,0.041237113402061855,0.06940874035989716,0.08843537414965986,2
0,2,1,0.20618556701030927,0.18367346938775508,0.4444444444444445,0.32833333333333337,0.07903780068728522,0.10824742268041238,0.13881748071979436,0.12244897959183675,2
3,2,1,0.16494845360824742,0.12755102040816324,0.6666666666666665,0.2333333333333334,0.06872852233676975,0.005154639175257732,0.08740359897172237,0.06802721088435375,2
0,2,1,0.061855670103092786,0.05357142857142857,0.7777777777777777,0.875,0.024054982817869414,0.0,0.07197943444730077,0.07482993197278912,1
2,1,1,0.7628865979381443,0.45408163265306123,0.6666666666666665,0.033333333333333326,0.5051546391752577,0.13402061855670103,0.7146529562982006,0.5782312925170069,2
2,1,1,0.4020618556701031,0.336734693877551,0.1111111111111111,0.9100000000000001,0.3058419243986254,0.4020618556701031,0.2853470437017995,0.163265306122449,1
3,1,1,0.4536082474226804,0.27040816326530615,0.5555555555555556,0.9266666666666667,0.46391752577319584,0.26288659793814434,0.23393316195372751,0.22448979591836737,1
3,1,2,0.21649484536082472,0.16581632653061223,0.4444444444444445,0.19666666666666666,0.09621993127147765,0.13917525773195877,0.15424164524421596,0.09523809523809525,2
0,2,1,0.8041237113402061,0.5306122448979591,0.2222222222222222,0.010000000000000009,0.5532646048109966,0.6082474226804123,0.7172236503856042,0.5918367346938775,2
2,2,1,0.3711340206185567,0.3622448979591837,0.7777777777777777,0.44500000000000006,0.08247422680412371,0.13402061855670103,0.2622107969151671,0.20408163265306123,1
2,2,1,0.9587628865979381,0.9311224489795917,0.2222222222222222,0.32166666666666677,0.8281786941580755,0.711340206185567,0.8174807197943446,0.4217687074829932,2
2,1,2,0.9381443298969071,0.5331632653061223,0.0,0.3483333333333334,0.09621993127147765,0.13402061855670103,0.9125964010282777,0.44897959183673475,2
4,1,2,0.4639175257731959,0.4260204081632653,0.1111111111111111,0.10666666666666669,0.09965635738831614,0.23711340206185566,0.4755784061696658,0.4217687074829932,1
5,2,2,0.5979381443298969,0.6045918367346939,1.0,0.5650000000000002,0.010309278350515464,0.37628865979381443,0.38046272493573263,0.44897959183673475,1
2,1,1,0.5463917525773195,0.5459183673469387,0.0,0.015000000000000013,0.4054982817869416,0.05154639175257732,0.5475578406169667,0.5170068027210885,1
0,2,1,0.4536082474226804,0.36989795918367346,0.2222222222222222,0.22166666666666668,0.415807560137457,0.23711340206185566,0.27763496143958866,0.45578231292517013,2
5,2,2,0.9999999999999999,0.8494897959183673,1.0,0.4666666666666667,0.24054982817869416,0.5567010309278351,0.9537275064267353,1.0,1
4,2,1,0.020618556701030927,0.020408163265306124,0.2222222222222222,0.5733333333333335,0.034364261168384876,0.015463917525773195,0.03341902313624679,0.0272108843537415,1
1,2,1,0.7835051546391752,0.5586734693877551,0.4444444444444445,0.7716666666666667,0.3848797250859106,0.07216494845360824,0.686375321336761,0.33333333333333337,1
0,1,1,0.27835051546391754,0.26785714285714285,1.0,0.6566666666666667,0.21993127147766323,0.010309278350515464,0.2647814910025707,0.14285714285714288,1
3,2,2,0.03092783505154639,0.022959183673469385,0.2222222222222222,0.7616666666666667,0.044673539518900345,0.005154639175257732,0.023136246786632394,0.04081632653061225,1
0,2,2,0.23711340206185563,0.1683673469387755,0.5555555555555556,0.28500000000000003,0.24398625429553264,0.20618556701030927,0.12596401028277637,0.10204081632653061,2
5,2,2,0.9072164948453607,0.8903061224489796,0.0,0.2283333333333334,0.6323024054982818,0.9175257731958762,0.46272493573264784,0.7074829931972789,1
4,2,1,0.5154639175257731,0.28316326530612246,0.4444444444444445,0.17666666666666675,0.5051546391752577,0.10309278350515463,0.3264781491002571,0.29931972789115646,2
5,2,2,0.5979381443298969,0.49489795918367346,1.0,0.1266666666666667,0.5051546391752577,0.5515463917525774,0.4318766066838046,0.3741496598639456,2
1,1,2,0.5051546391752577,0.34438775510204084,0.6666666666666665,0.08333333333333337,0.21305841924398625,0.1134020618556701,0.3161953727506427,0.2448979591836735,2
5,2,1,0.8041237113402061,0.5663265306122448,1.0,0.8066666666666666,0.2611683848797251,0.37628865979381443,0.660668380462725,0.7346938775510204,1
4,1,1,0.9278350515463917,0.6403061224489796,0.6666666666666665,0.7750000000000001,0.7285223367697594,0.3402061855670103,0.6375321336760926,0.380952380952381,1
4,2,2,0.9896907216494845,0.8137755102040816,0.8888888888888888,0.4883333333333334,0.32646048109965636,0.020618556701030927,0.866323907455013,0.9727891156462586,1
3,1,1,0.7628865979381443,0.7576530612244897,0.4444444444444445,0.07333333333333336,0.6529209621993127,0.7061855670103092,0.7017994858611826,0.7551020408163266,2
1,1,2,0.5051546391752577,0.29336734693877553,0.5555555555555556,0.023333333333333317,0.5051546391752577,0.3917525773195876,0.3110539845758355,0.33333333333333337,2
4,1,1,0.13402061855670103,0.07653061224489796,0.7777777777777777,0.13666666666666671,0.006872852233676976,0.12371134020618556,0.07455012853470437,0.07482993197278912,2
2,2,1,0.6185567010309277,0.413265306122449,0.1111111111111111,0.3500000000000001,0.4845360824742268,0.2422680412371134,0.4601542416452442,0.4285714285714286,2
2,1,1,0.6288659793814433,0.6198979591836734,0.3333333333333333,0.27333333333333343,0.2646048109965636,0.1134020618556701,0.3264781491002571,0.46938775510204084,2
1,1,1,0.5463917525773195,0.37244897959183676,0.0,0.17166666666666675,0.2542955326460481,0.4587628865979381,0.4987146529562982,0.27891156462585037,2
3,2,2,0.8144329896907216,0.7678571428571428,0.5555555555555556,0.51,0.03092783505154639,0.05670103092783505,0.8123393316195373,0.7891156462585035,1
1,1,2,0.6288659793814433,0.5535714285714285,1.0,0.5766666666666667,0.32646048109965636,0.4072164948453608,0.3393316195372751,0.3741496598639456,1
1,1,2,0.09278350515463918,0.08418367346938775,1.0,0.32500000000000007,0.054982817869415807,0.05670103092783505,0.07197943444730077,0.034013605442176874,2
3,2,1,0.7216494845360825,0.5433673469387754,0.0,0.5433333333333334,0.3642611683848797,0.08247422680412371,0.6838046272493574,0.25170068027210885,1
1,2,1,0.288659793814433,0.14540816326530612,0.7777777777777777,0.3633333333333334,0.13058419243986255,0.08762886597938144,0.29048843187660667,0.2653061224489796,2
5,1,2,0.2577319587628866,0.18622448979591835,0.3333333333333333,0.7433333333333334,0.03092783505154639,0.1134020618556701,0.17737789203084833,0.23129251700680273,1
0,2,2,0.49484536082474223,0.40816326530612246,0.5555555555555556,0.7283333333333335,0.08934707903780069,0.17525773195876287,0.29562982005141386,0.29931972789115646,1
0,2,2,0.845360824742268,0.5612244897959183,0.6666666666666665,0.1183333333333334,0.2852233676975945,0.19072164948453607,0.5655526992287918,0.6190476190476191,2
1,1,2,0.7731958762886597,0.6887755102040816,0.3333333333333333,0.3483333333333334,0.3470790378006873,0.1134020618556701,0.5115681233933163,0.7346938775510204,2
1,1,2,0.4639175257731959,0.3494897959183674,0.0,0.18500000000000005,0.15807560137457044,0.26288659793814434,0.2647814910025707,0.25170068027210885,2
2,2,2,0.422680412371134,0.29336734693877553,1.0,0.6683333333333334,0.3986254295532646,0.23711340206185566,0.35732647814910024,0.22448979591836737,1
5,2,2,0.23711340206185563,0.21683673469387754,0.4444444444444445,0.7816666666666667,0.12714776632302405,0.08247422680412371,0.20308483290488433,0.1836734693877551,1
5,2,1,0.4329896907216495,0.3112244897959184,0.2222222222222222,0.7333333333333334,0.281786941580756,0.11855670103092783,0.24678663239074553,0.3673469387755102,1
5,2,2,0.5670103092783505,0.288265306122449,0.1111111111111111,0.9866666666666668,0.35051546391752575,0.31443298969072164,0.5012853470437019,0.5034013605442177,1
2,2,2,0.5257731958762886,0.32653061224489793,0.6666666666666665,0.19500000000000006,0.1683848797250859,0.31958762886597936,0.4601542416452442,0.46258503401360546,2
5,1,2,0.4536082474226804,0.3596938775510204,0.2222222222222222,0.8083333333333333,0.2233676975945017,0.3247422680412371,0.37017994858611825,0.4217687074829932,1
3,2,2,0.020618556701030927,0.020408163265306124,0.7777777777777777,0.3400000000000001,0.006872852233676976,0.020618556701030927,0.012853470437017997,0.0272108843537415,2
0,2,2,0.1958762886597938,0.14285714285714285,0.6666666666666665,0.17000000000000004,0.15120274914089346,0.0,0.11568123393316196,0.06802721088435375,2
2,1,1,0.10309278350515463,0.0816326530612245,0.7777777777777777,0.4,0.10652920962199312,0.09278350515463918,0.08226221079691516,0.054421768707483,2
2,1,1,0.8041237113402061,0.7168367346938774,0.4444444444444445,0.5116666666666667,0.3917525773195876,0.1958762886597938,0.737789203084833,0.7891156462585035,1
1,1,1,0.49484536082474223,0.4872448979591837,0.4444444444444445,0.18333333333333335,0.3986254295532646,0.31958762886597936,0.2930591259640103,0.30612244897959184,2
0,2,2,0.8556701030927835,0.43112244897959184,0.5555555555555556,0.54,0.2233676975945017,0.4329896907216495,0.4704370179948586,0.34693877551020413,1
4,1,2,0.4536082474226804,0.41581632653061223,0.7777777777777777,0.8416666666666668,0.16494845360824742,0.41237113402061853,0.2879177377892031,0.1904761904761905,1
2,1,2,0.4536082474226804,0.4030612244897959,0.8888888888888888,0.6816666666666666,0.24398625429553264,0.46391752577319584,0.34704370179948585,0.3673469387755102,1
2,2,1,0.8556701030927835,0.7806122448979591,0.6666666666666665,0.3516666666666667,0.8006872852233676,0.2268041237113402,0.5552699228791774,0.3741496598639456,2
1,1,1,0.7835051546391752,0.6326530612244897,0.8888888888888888,0.7766666666666668,0.23711340206185566,0.3711340206185567,0.4190231362467866,0.6938775510204083,1
3,2,1,0.12371134020618556,0.08928571428571429,0.7777777777777777,0.2516666666666667,0.10652920962199312,0.06701030927835051,0.10282776349614396,0.08843537414965986,2
1,2,1,0.36082474226804123,0.2525510204081633,0.1111111111111111,0.245,0.010309278350515464,0.10309278350515463,0.36503856041131105,0.217687074829932,2
3,2,1,0.08247422680412371,0.05612244897959184,0.8888888888888888,0.7716666666666667,0.013745704467353952,0.05670103092783505,0.04627249357326478,0.09523809523809525,1
5,2,2,0.07216494845360825,0.07142857142857142,1.0,0.8900000000000001,0.034364261168384876,0.04639175257731959,0.04627249357326478,0.08843537414965986,1
2,1,2,0.556701030927835,0.4897959183673469,0.3333333333333333,0.21500000000000008,0.20962199312714777,0.1134020618556701,0.5347043701799487,0.489795918367347,2
4,2,2,0.30927835051546393,0.2627551020408163,0.7777777777777777,0.655,0.26804123711340205,0.25257731958762886,0.2596401028277635,0.12244897959183675,1
1,1,2,0.27835051546391754,0.2755102040816327,1.0,0.29666666666666675,0.14432989690721648,0.14948453608247422,0.21079691516709514,0.20408163265306123,2
2,1,1,0.010309278350515462,0.012755102040816325,0.4444444444444445,0.7533333333333334,0.020618556701030927,0.015463917525773195,0.017994858611825194,0.0272108843537415,1
0,1,1,0.22680412371134018,0.14285714285714285,0.6666666666666665,0.03166666666666673,0.06872852233676975,0.21649484536082475,0.2365038560411311,0.22448979591836737,2
3,1,2,0.49484536082474223,0.4413265306122449,0.3333333333333333,0.0050000000000000044,0.21649484536082475,0.49484536082474223,0.3213367609254499,0.46938775510204084,2
3,2,1,0.49484536082474223,0.41836734693877553,1.0,0.20000000000000007,0.037800687285223365,0.25773195876288657,0.4730077120822622,0.46938775510204084,2
2,2,1,0.0,0.007653061224489796,0.3333333333333333,0.42000000000000004,0.013745704467353952,0.010309278350515464,0.010282776349614397,0.01360544217687075,1
3,2,1,0.5979381443298969,0.4005102040816326,0.5555555555555556,0.51,0.08934707903780069,0.5979381443298969,0.4884318766066838,0.5306122448979592,1
2,2,2,0.556701030927835,0.34183673469387754,0.0,0.43000000000000005,0.25773195876288657,0.47938144329896903,0.3033419023136247,0.45578231292517013,1
1,2,2,0.44329896907216493,0.3086734693877551,0.2222222222222222,0.3400000000000001,0.41237113402061853,0.16494845360824742,0.32904884318766064,0.14965986394557823,2
4,2,1,0.6185567010309277,0.45918367346938777,0.1111111111111111,1.0,0.5807560137457044,0.17525773195876287,0.3856041131105398,0.435374149659864,1
4,2,1,0.9896907216494845,0.5994897959183673,0.3333333333333333,0.5566666666666666,0.43986254295532645,0.47938144329896903,0.9588688946015425,0.41496598639455784,1
5,1,1,0.3814432989690722,0.22193877551020405,0.3333333333333333,0.06666666666666665,0.1683848797250859,0.35051546391752575,0.22365038560411313,0.35374149659863946,2
3,2,1,0.8350515463917525,0.5255102040816326,0.1111111111111111,0.5250000000000001,0.15120274914089346,0.010309278350515464,0.480719794344473,0.653061224489796,1
2,1,1,0.4845360824742268,0.30357142857142855,0.8888888888888888,0.08833333333333337,0.24054982817869416,0.010309278350515464,0.36246786632390743,0.2448979591836735,2
4,1,1,0.6907216494845361,0.40816326530612246,0.3333333333333333,0.51,0.1993127147766323,0.04639175257731959,0.6015424164524422,0.2448979591836735,1
2,2,2,0.44329896907216493,0.3622448979591837,0.8888888888888888,0.33000000000000007,0.27147766323024053,0.010309278350515464,0.3393316195372751,0.326530612244898,2
4,2,2,0.7525773195876289,0.5510204081632653,0.0,0.4750000000000001,0.23367697594501718,0.6288659793814433,0.699228791773779,0.5510204081632654,1
1,2,1,0.21649484536082472,0.15561224489795916,0.3333333333333333,0.4633333333333334,0.12371134020618556,0.09278350515463918,0.17223650385604114,0.20408163265306123,1
1,1,2,0.7422680412371133,0.3877551020408163,0.0,0.655,0.10309278350515463,0.6597938144329897,0.5526992287917738,0.6326530612244898,1
4,1,2,0.4742268041237113,0.35714285714285715,0.2222222222222222,0.8250000000000002,0.2027491408934708,0.0,0.27763496143958866,0.17687074829931973,1
1,1,2,0.24742268041237112,0.24489795918367344,0.2222222222222222,0.4900000000000001,0.09965635738831614,0.22164948453608246,0.16452442159383035,0.17006802721088438,1
3,2,1,0.2577319587628866,0.2627551020408163,0.3333333333333333,0.9000000000000001,0.017182130584192438,0.15463917525773196,0.22365038560411313,0.1292517006802721,1
3,2,2,0.36082474226804123,0.27040816326530615,0.7777777777777777,0.0016666666666667052,0.26804123711340205,0.11855670103092783,0.23907455012853474,0.23129251700680273,2
4,1,1,0.24742268041237112,0.23214285714285712,0.8888888888888888,0.30166666666666675,0.09278350515463918,0.2268041237113402,0.21336760925449874,0.163265306122449,2
5,2,1,0.8865979381443299,0.5816326530612245,0.7777777777777777,0.385,0.7147766323024055,0.13402061855670103,0.5604113110539847,0.54421768707483,2
2,2,2,0.7525773195876289,0.3852040816326531,0.3333333333333333,0.053333333333333344,0.2852233676975945,0.15979381443298968,0.6015424164524422,0.3673469387755102,2
0,1,2,0.4639175257731959,0.4642857142857143,0.1111111111111111,0.3600000000000001,0.034364261168384876,0.4329896907216495,0.2596401028277635,0.41496598639455784,1
2,2,2,0.7113402061855669,0.6709183673469387,0.2222222222222222,0.7116666666666667,0.5670103092783505,0.5051546391752577,0.5347043701799487,0.5374149659863946,1
3,2,1,0.5463917525773195,0.4846938775510204,0.4444444444444445,0.07333333333333336,0.49484536082474223,0.06701030927835051,0.3110539845758355,0.44897959183673475,2
2,1,2,0.9587628865979381,0.7959183673469387,0.5555555555555556,0.5833333333333335,0.6048109965635738,0.8556701030927835,0.5629820051413882,0.7755102040816327,1
3,1,1,0.4123711340206186,0.3852040816326531,0.3333333333333333,0.10333333333333339,0.3402061855670103,0.27319587628865977,0.390745501285347,0.380952380952381,2
5,1,1,0.6907216494845361,0.46683673469387754,0.8888888888888888,0.011666666666666714,0.12027491408934708,0.24742268041237112,0.6426735218508998,0.28571428571428575,2
5,1,2,0.9999999999999999,0.6198979591836734,0.0,0.3833333333333334,0.831615120274914,0.6597938144329897,0.5167095115681235,0.8843537414965987,2
5,1,2,0.6701030927835051,0.44387755102040816,0.2222222222222222,0.30333333333333334,0.10996563573883161,0.5360824742268041,0.46786632390745503,0.38775510204081637,2
0,2,1,0.9381443298969071,0.5586734693877551,0.6666666666666665,0.6683333333333334,0.020618556701030927,0.520618556701031,0.9151670951156813,0.38775510204081637,1
2,1,2,0.556701030927835,0.43112244897959184,0.7777777777777777,0.4766666666666667,0.47079037800687284,0.10824742268041238,0.35989717223650386,0.29251700680272114,1
0,1,1,0.8144329896907216,0.4413265306122449,0.7777777777777777,0.14,0.5223367697594502,0.6855670103092784,0.8071979434447302,0.6938775510204083,2
4,2,2,0.5979381443298969,0.45153061224489793,0.8888888888888888,0.9700000000000002,0.23024054982817868,0.12886597938144329,0.30591259640102825,0.5102040816326531,1
5,2,1,0.4123711340206186,0.2780612244897959,0.0,0.7633333333333334,0.18213058419243985,0.33505154639175255,0.23907455012853474,0.2585034013605442,1
5,1,2,0.14432989690721648,0.09438775510204081,0.8888888888888888,0.3816666666666667,0.010309278350515464,0.06185567010309278,0.12853470437017997,0.1360544217687075,2
3,1,1,0.061855670103092786,0.030612244897959183,0.0,0.4816666666666667,0.05154639175257732,0.05670103092783505,0.038560411311053984,0.0272108843537415,1
1,1,2,0.03092783505154639,0.025510204081632647,0.2222222222222222,0.6166666666666667,0.034364261168384876,0.02577319587628866,0.02827763496143959,0.04761904761904762,1
5,2,1,0.422680412371134,0.3520408163265306,0.5555555555555556,0.3866666666666667,0.4329896907216495,0.29381443298969073,0.30077120822622105,0.3129251700680272,2
0,2,2,0.3917525773195876,0.3112244897959184,0.8888888888888888,0.9466666666666668,0.37800687285223367,0.041237113402061855,0.36246786632390743,0.1564625850340136,1
2,2,2,0.27835051546391754,0.17857142857142855,0.0,0.7933333333333334,0.2852233676975945,0.15463917525773196,0.21079691516709514,0.23129251700680273,1
5,1,1,0.21649484536082472,0.22448979591836732,0.7777777777777777,0.5733333333333335,0.1374570446735395,0.13402061855670103,0.16195372750642675,0.2108843537414966,1
0,1,1,0.16494845360824742,0.14540816326530612,0.5555555555555556,0.5966666666666667,0.09965635738831614,0.11855670103092783,0.10796915167095116,0.163265306122449,1
1,1,1,0.8762886597938143,0.8571428571428571,0.4444444444444445,0.7766666666666668,0.5601374570446735,0.03608247422680412,0.49357326478149105,0.6122448979591837,1
3,2,2,0.7835051546391752,0.5306122448979591,0.5555555555555556,0.6950000000000001,0.041237113402061855,0.5515463917525774,0.5038560411311055,0.4217687074829932,1
2,1,2,0.30927835051546393,0.1530612244897959,0.4444444444444445,0.06500000000000006,0.010309278350515464,0.25257731958762886,0.17994858611825196,0.1836734693877551,2
0,2,2,0.14432989690721648,0.10714285714285714,0.8888888888888888,0.2716666666666667,0.003436426116838488,0.10309278350515463,0.09768637532133675,0.12244897959183675,2
4,2,2,0.22680412371134018,0.17857142857142855,0.1111111111111111,0.4,0.0859106529209622,0.015463917525773195,0.19280205655526994,0.14965986394557823,1
1,1,2,0.16494845360824742,0.14285714285714285,0.7777777777777777,0.8400000000000001,0.027491408934707903,0.12886597938144329,0.12082262210796914,0.06802721088435375,1
1,1,2,0.7525773195876289,0.4005102040816326,0.4444444444444445,0.4016666666666667,0.5601374570446735,0.23195876288659792,0.5681233933161954,0.34693877551020413,2
4,2,1,0.6701030927835051,0.461734693877551,0.4444444444444445,0.1183333333333334,0.06529209621993128,0.07216494845360824,0.3958868894601542,0.29931972789115646,2
5,1,2,0.5773195876288659,0.34183673469387754,0.2222222222222222,0.11499999999999999,0.36082474226804123,0.13917525773195877,0.3033419023136247,0.20408163265306123,2
0,2,2,0.03092783505154639,0.038265306122448974,0.0,0.585,0.024054982817869414,0.0,0.03598971722365039,0.01360544217687075,1
0,1,1,0.9484536082474226,0.7755102040816326,0.4444444444444445,0.29500000000000004,0.5979381443298969,0.04639175257731959,0.699228791773779,0.4217687074829932,2
4,2,2,0.14432989690721648,0.15051020408163263,0.8888888888888888,0.42333333333333334,0.10996563573883161,0.041237113402061855,0.13367609254498716,0.07482993197278912,1
0,1,1,0.9381443298969071,0.6301020408163265,0.6666666666666665,0.10333333333333339,0.5120274914089347,0.8298969072164948,0.8226221079691517,0.7482993197278912,2
5,1,2,0.36082474226804123,0.3494897959183674,0.0,0.28166666666666673,0.13058419243986255,0.03092783505154639,0.19794344473007713,0.1904761904761905,1
3,2,2,0.07216494845360825,0.04081632653061224,0.5555555555555556,0.41166666666666674,0.08247422680412371,0.020618556701030927,0.06940874035989716,0.0272108843537415,2
4,2,2,0.03092783505154639,0.025510204081632647,0.2222222222222222,0.8483333333333334,0.006872852233676976,0.015463917525773195,0.015424164524421594,0.034013605442176874,1
1,1,1,0.7835051546391752,0.40561224489795916,0.0,0.05833333333333335,0.1683848797250859,0.4072164948453608,0.7300771208226222,0.435374149659864,2
5,2,1,0.5257731958762886,0.34183673469387754,0.8888888888888888,0.6800000000000002,0.2611683848797251,0.04639175257731959,0.48586118251928023,0.40136054421768713,1
0,1,2,0.010309278350515462,0.01020408163265306,0.7777777777777777,0.7983333333333333,0.006872852233676976,0.0,0.017994858611825194,0.0272108843537415,1
0,1,1,0.49484536082474223,0.49999999999999994,0.2222222222222222,0.7466666666666668,0.2852233676975945,0.4381443298969072,0.2827763496143959,0.20408163265306123,1
0,1,2,0.7938144329896907,0.721938775510204,0.8888888888888888,0.4016666666666667,0.013745704467353952,0.20103092783505155,0.5655526992287918,0.45578231292517013,2
4,1,2,0.5257731958762886,0.39540816326530615,0.0,0.3783333333333334,0.13058419243986255,0.26804123711340205,0.4987146529562982,0.2653061224489796,2
0,2,1,0.5463917525773195,0.3826530612244898,0.1111111111111111,0.9316666666666669,0.15807560137457044,0.4896907216494845,0.5424164524421594,0.19727891156462588,1
0,1,2,0.13402061855670103,0.13520408163265304,0.8888888888888888,0.5066666666666668,0.06872852233676975,0.12371134020618556,0.10539845758354756,0.12244897959183675,1
5,1,2,0.6597938144329897,0.5051020408163265,0.8888888888888888,0.08000000000000007,0.23711340206185566,0.12886597938144329,0.5706940874035991,0.489795918367347,2
4,1,1,0.6185567010309277,0.40561224489795916,1.0,0.7233333333333334,0.3024054982817869,0.20618556701030927,0.3676092544987147,0.29931972789115646,1
3,1,2,0.6288659793814433,0.4260204081632653,0.7777777777777777,0.14666666666666672,0.4020618556701031,0.10824742268041238,0.40616966580976865,0.217687074829932,2
0,1,1,0.3711340206185567,0.19897959183673466,1.0,0.885,0.2233676975945017,0.08762886597938144,0.19023136246786634,0.1360544217687075,1
2,1,1,0.49484536082474223,0.3979591836734694,0.7777777777777777,0.665,0.3024054982817869,0.30412371134020616,0.45758354755784064,0.489795918367347,1
0,2,2,0.44329896907216493,0.42857142857142855,0.3333333333333333,0.0050000000000000044,0.2542955326460481,0.422680412371134,0.43958868894601544,0.28571428571428575,2
4,2,2,0.08247422680412371,0.08928571428571429,0.0,0.5183333333333333,0.058419243986254296,0.09278350515463918,0.056555269922879174,0.04081632653061225,1
2,1,2,0.15463917525773194,0.08673469387755102,1.0,0.43000000000000005,0.140893470790378,0.07216494845360824,0.12082262210796914,0.17006802721088438,1
4,1,1,0.10309278350515463,0.11479591836734694,0.0,0.7533333333333334,0.09621993127147765,0.04639175257731959,0.06940874035989716,0.04081632653061225,1
5,2,1,0.8556701030927835,0.6505102040816326,0.6666666666666665,0.81,0.4776632302405498,0.5670103092783505,0.8251928020565553,0.7687074829931974,1
0,1,2,0.8659793814432989,0.7321428571428571,0.8888888888888888,0.30166666666666675,0.7285223367697594,0.13402061855670103,0.7043701799485862,0.3673469387755102,2
2,1,2,0.020618556701030927,0.025510204081632647,0.7777777777777777,0.3450000000000001,0.006872852233676976,0.010309278350515464,0.030848329048843187,0.020408163265306124,2
4,1,2,0.8762886597938143,0.4974489795918367,0.6666666666666665,0.6916666666666667,0.46391752577319584,0.6907216494845361,0.8149100257069409,0.5782312925170069,1
0,2,2,0.16494845360824742,0.1377551020408163,1.0,0.15333333333333332,0.13058419243986255,0.12371134020618556,0.08226221079691516,0.09523809523809525,2
0,1,1,0.4639175257731959,0.44387755102040816,0.7777777777777777,0.9783333333333335,0.044673539518900345,0.25257731958762886,0.33161953727506427,0.45578231292517013,1
0,2,2,0.7319587628865979,0.5433673469387754,0.0,0.29833333333333334,0.6151202749140894,0.634020618556701,0.40102827763496146,0.5102040816326531,2
2,1,2,0.845360824742268,0.8112244897959183,1.0,0.046666666666666745,0.5601374570446735,0.23711340206185566,0.49357326478149105,0.54421768707483,2
2,1,1,0.4742268041237113,0.32142857142857145,0.3333333333333333,0.7333333333333334,0.31958762886597936,0.04639175257731959,0.2750642673521851,0.25170068027210885,1
2,1,2,0.9278350515463917,0.8647959183673468,0.0,0.26,0.41924398625429554,0.5824742268041236,0.6555269922879178,0.38775510204081637,1
1,2,2,0.6185567010309277,0.5306122448979591,0.4444444444444445,0.27833333333333343,0.5360824742268041,0.5412371134020618,0.596401028277635,0.36054421768707484,2
0,2,1,0.23711340206185563,0.16326530612244897,0.7777777777777777,0.44833333333333336,0.15463917525773196,0.17525773195876287,0.15167095115681237,0.08843537414965986,1
3,2,1,0.8041237113402061,0.6147959183673468,0.6666666666666665,0.16500000000000004,0.6563573883161512,0.27835051546391754,0.5218508997429306,0.7891156462585035,2
1,2,2,0.4536082474226804,0.38010204081632654,0.1111111111111111,0.4883333333333334,0.4742268041237113,0.1958762886597938,0.2930591259640103,0.2653061224489796,1
3,2,1,0.4845360824742268,0.3163265306122449,0.3333333333333333,0.18166666666666675,0.06872852233676975,0.12886597938144329,0.4884318766066838,0.3197278911564626,2
4,2,2,0.9587628865979381,0.5357142857142857,0.8888888888888888,0.08833333333333337,0.7869415807560137,0.11855670103092783,0.5424164524421594,0.7551020408163266,2
5,1,1,0.44329896907216493,0.288265306122449,1.0,0.010000000000000009,0.16494845360824742,0.0979381443298969,0.2982005141388175,0.38775510204081637,2
2,1,1,0.5876288659793814,0.35459183673469385,0.5555555555555556,0.33166666666666667,0.3161512027491409,0.5979381443298969,0.5115681233933163,0.29931972789115646,2
4,1,2,0.4123711340206186,0.3647959183673469,0.2222222222222222,0.040000000000000036,0.21649484536082475,0.30412371134020616,0.2930591259640103,0.20408163265306123,2
2,2,1,0.3195876288659794,0.28061224489795916,0.2222222222222222,0.5783333333333334,0.17525773195876287,0.30927835051546393,0.3213367609254499,0.29931972789115646,1
2,1,1,0.4845360824742268,0.3137755102040816,0.0,0.7783333333333333,0.037800687285223365,0.38144329896907214,0.3264781491002571,0.2585034013605442,1
4,2,2,0.5257731958762886,0.2653061224489796,0.5555555555555556,0.8683333333333334,0.5292096219931272,0.5257731958762887,0.44473007712082263,0.17687074829931973,1
4,2,2,0.7216494845360825,0.44387755102040816,0.2222222222222222,0.06333333333333335,0.3402061855670103,0.47938144329896903,0.7069408740359898,0.489795918367347,2
0,1,2,0.845360824742268,0.6122448979591836,0.1111111111111111,0.8083333333333333,0.40893470790378006,0.520618556701031,0.6760925449871465,0.5782312925170069,1
3,1,2,0.3711340206185567,0.29336734693877553,0.1111111111111111,0.6566666666666667,0.0,0.02577319587628866,0.20565552699228792,0.34693877551020413,1
0,2,2,0.9999999999999999,0.5612244897959183,1.0,0.5216666666666667,0.9759450171821306,0.4587628865979381,0.5989717223650386,0.33333333333333337,1
4,1,1,0.27835051546391754,0.2040816326530612,0.4444444444444445,0.030000000000000027,0.29896907216494845,0.211340206185567,0.27249357326478146,0.14285714285714288,2
3,2,1,0.5979381443298969,0.46938775510204084,0.8888888888888888,0.8050000000000002,0.09621993127147765,0.4381443298969072,0.5141388174807199,0.5986394557823129,1
2,2,2,0.15463917525773194,0.12755102040816324,1.0,0.7683333333333333,0.0859106529209622,0.02577319587628866,0.08740359897172237,0.0816326530612245,1
4,1,1,0.5257731958762886,0.29846938775510207,0.4444444444444445,0.04833333333333334,0.5257731958762887,0.47938144329896903,0.4370179948586118,0.41496598639455784,2
5,2,1,0.7525773195876289,0.375,0.6666666666666665,0.6016666666666668,0.415807560137457,0.29896907216494845,0.7609254498714654,0.29931972789115646,1
4,2,2,0.020618556701030927,0.01530612244897959,0.8888888888888888,0.06500000000000006,0.024054982817869414,0.010309278350515464,0.012853470437017997,0.01360544217687075,2
1,1,1,0.8350515463917525,0.44387755102040816,0.4444444444444445,0.6216666666666668,0.8144329896907216,0.27319587628865977,0.7300771208226222,0.28571428571428575,1
3,1,2,0.44329896907216493,0.423469387755102,0.8888888888888888,0.7466666666666668,0.2920962199312715,0.3711340206185567,0.38046272493573263,0.44897959183673475,1
3,1,2,0.4536082474226804,0.24744897959183673,0.1111111111111111,0.6700000000000002,0.23367697594501718,0.07731958762886598,0.40616966580976865,0.30612244897959184,1
4,2,2,0.4639175257731959,0.25510204081632654,0.5555555555555556,0.6833333333333333,0.25773195876288657,0.39690721649484534,0.4267352185089974,0.44897959183673475,1
0,1,1,0.07216494845360825,0.0816326530612245,0.2222222222222222,0.05166666666666675,0.08247422680412371,0.07216494845360824,0.08226221079691516,0.07482993197278912,2
1,2,2,0.22680412371134018,0.18622448979591835,0.5555555555555556,0.12,0.1958762886597938,0.2268041237113402,0.16195372750642675,0.09523809523809525,2
0,2,1,0.3814432989690722,0.23724489795918366,0.4444444444444445,0.8050000000000002,0.3402061855670103,0.10824742268041238,0.27249357326478146,0.2653061224489796,1
0,1,2,0.8350515463917525,0.7933673469387754,0.8888888888888888,0.43000000000000005,0.4570446735395189,0.14948453608247422,0.6580976863753214,0.4285714285714286,1
4,1,1,0.4639175257731959,0.3239795918367347,0.2222222222222222,0.42000000000000004,0.1924398625429553,0.42783505154639173,0.2982005141388175,0.163265306122449,1
4,2,2,0.3814432989690722,0.2627551020408163,1.0,0.40666666666666673,0.140893470790378,0.15979381443298968,0.27249357326478146,0.33333333333333337,2
2,2,2,0.020618556701030927,0.017857142857142856,0.2222222222222222,0.20833333333333337,0.027491408934707903,0.015463917525773195,0.012853470437017997,0.01360544217687075,2
2,2,1,0.15463917525773194,0.12244897959183675,0.8888888888888888,0.03500000000000003,0.06872852233676975,0.14432989690721648,0.12339331619537276,0.10204081632653061,2
2,1,1,0.6082474226804123,0.3877551020408163,0.3333333333333333,0.7633333333333334,0.3058419243986254,0.20618556701030927,0.33419023136246784,0.489795918367347,1
5,1,1,0.7319587628865979,0.4923469387755102,0.4444444444444445,0.1216666666666667,0.35738831615120276,0.2422680412371134,0.49357326478149105,0.7210884353741497,2
3,2,1,0.010309278350515462,0.005102040816326529,0.2222222222222222,0.9600000000000002,0.010309278350515464,0.005154639175257732,0.020565552699228794,0.020408163265306124,1
2,2,2,0.422680412371134,0.3622448979591837,0.4444444444444445,0.4900000000000001,0.3917525773195876,0.03608247422680412,0.35218508997429304,0.36054421768707484,1
3,2,2,0.7010309278350515,0.461734693877551,0.8888888888888888,0.895,0.09621993127147765,0.4072164948453608,0.38817480719794345,0.38775510204081637,1
0,2,1,0.4845360824742268,0.413265306122449,0.1111111111111111,0.5,0.38144329896907214,0.1134020618556701,0.30077120822622105,0.44217687074829937,1
4,1,2,0.6185567010309277,0.3086734693877551,1.0,0.41166666666666674,0.4879725085910653,0.5567010309278351,0.43444730077120824,0.54421768707483,2
1,2,2,0.4020618556701031,0.39540816326530615,0.5555555555555556,0.21833333333333338,0.3333333333333333,0.37628865979381443,0.38303341902313626,0.38775510204081637,2
0,2,1,0.7319587628865979,0.568877551020408,0.5555555555555556,0.9183333333333334,0.1134020618556701,0.17525773195876287,0.6298200514138819,0.36054421768707484,1
4,2,1,0.9278350515463917,0.7091836734693877,0.5555555555555556,0.7666666666666668,0.7972508591065292,0.5,0.5655526992287918,0.8775510204081634,1
0,2,2,0.061855670103092786,0.05357142857142857,0.0,0.6933333333333334,0.024054982817869414,0.06185567010309278,0.07197943444730077,0.0272108843537415,1
4,2,2,0.27835051546391754,0.2780612244897959,0.4444444444444445,0.74,0.2268041237113402,0.20618556701030927,0.17994858611825196,0.108843537414966,1
3,2,2,0.8144329896907216,0.5433673469387754,0.1111111111111111,0.7333333333333334,0.7697594501718212,0.19072164948453607,0.4267352185089974,0.6734693877551021,1
0,1,2,0.9381443298969071,0.510204081632653,0.6666666666666665,0.7650000000000001,0.9278350515463917,0.5979381443298969,0.673521850899743,0.7414965986394558,1
4,1,1,0.9278350515463917,0.7423469387755102,0.6666666666666665,0.3616666666666667,0.1683848797250859,0.0,0.853470437017995,0.6870748299319729,2
3,2,1,0.29896907216494845,0.1530612244897959,0.8888888888888888,0.9916666666666667,0.07903780068728522,0.17525773195876287,0.2622107969151671,0.28571428571428575,1
3,2,1,0.7010309278350515,0.3852040816326531,1.0,0.025000000000000022,0.6838487972508591,0.3917525773195876,0.4138817480719794,0.40136054421768713,2
4,2,2,0.3814432989690722,0.21683673469387754,0.6666666666666665,0.3783333333333334,0.15807560137457044,0.25257731958762886,0.37532133676092544,0.2108843537414966,2
3,1,2,0.5463917525773195,0.4974489795918367,0.6666666666666665,0.9216666666666669,0.2508591065292096,0.15463917525773196,0.390745501285347,0.2108843537414966,1
0,1,2,0.6597938144329897,0.34183673469387754,1.0,0.7450000000000001,0.12371134020618556,0.12371134020618556,0.6066838046272495,0.40816326530612246,1
2,2,2,0.9999999999999999,0.798469387755102,0.7777777777777777,0.9866666666666668,0.14432989690721648,0.9020618556701031,0.7994858611825193,0.8639455782312926,1
4,1,1,0.6597938144329897,0.5153061224489796,0.3333333333333333,0.9266666666666667,0.6460481099656358,0.27835051546391754,0.38046272493573263,0.6394557823129252,1
3,1,2,0.8659793814432989,0.5943877551020408,0.1111111111111111,0.040000000000000036,0.4742268041237113,0.1958762886597938,0.724935732647815,0.29251700680272114,2
5,1,2,0.7938144329896907,0.721938775510204,0.5555555555555556,0.8533333333333335,0.415807560137457,0.7422680412371134,0.763496143958869,0.7959183673469389,1
5,1,1,0.6804123711340205,0.568877551020408,0.0,0.8400000000000001,0.12027491408934708,0.6443298969072164,0.4601542416452442,0.6734693877551021,1
4,1,2,0.05154639175257732,0.038265306122448974,0.3333333333333333,0.9566666666666668,0.054982817869415807,0.05154639175257732,0.025706940874035994,0.020408163265306124,1
2,2,1,0.3711340206185567,0.24744897959183673,0.5555555555555556,0.3600000000000001,0.08247422680412371,0.21649484536082475,0.35732647814910024,0.34693877551020413,2
5,1,1,0.6907216494845361,0.45918367346938777,0.1111111111111111,0.17000000000000004,0.4329896907216495,0.6752577319587628,0.5886889460154242,0.41496598639455784,2
1,1,1,0.36082474226804123,0.3086734693877551,0.5555555555555556,0.050000000000000044,0.11683848797250859,0.05154639175257732,0.2596401028277635,0.1904761904761905,2
1,1,2,0.7938144329896907,0.6045918367346939,0.5555555555555556,0.9450000000000001,0.70446735395189,0.5154639175257731,0.7814910025706941,0.6394557823129252,1
4,1,1,0.8865979381443299,0.8647959183673468,0.7777777777777777,0.9066666666666667,0.6426116838487972,0.5670103092783505,0.5244215938303343,0.7278911564625851,1
5,2,1,0.3195876288659794,0.1913265306122449,0.3333333333333333,0.01666666666666672,0.10309278350515463,0.20103092783505155,0.20565552699228792,0.28571428571428575,2
4,2,2,0.5773195876288659,0.35459183673469385,1.0,0.3916666666666667,0.35051546391752575,0.20618556701030927,0.5347043701799487,0.23129251700680273,2
1,1,1,0.7422680412371133,0.7448979591836734,0.7777777777777777,0.03833333333333333,0.3436426116838488,0.2268041237113402,0.7480719794344474,0.5510204081632654,2
1,1,2,0.8247422680412371,0.645408163265306,0.1111111111111111,0.6433333333333333,0.06872852233676975,0.30412371134020616,0.4370179948586118,0.29931972789115646,1
0,2,1,0.3195876288659794,0.23724489795918366,0.3333333333333333,0.275,0.20962199312714777,0.03608247422680412,0.24164524421593833,0.1360544217687075,2
4,1,1,0.5257731958762886,0.2653061224489796,0.5555555555555556,0.41166666666666674,0.034364261168384876,0.5257731958762887,0.29048843187660667,0.38775510204081637,2
1,2,2,0.5670103092783505,0.47959183673469385,0.5555555555555556,0.5816666666666668,0.3230240549828179,0.5257731958762887,0.4138817480719794,0.30612244897959184,1
2,2,2,0.9072164948453607,0.7831632653061223,0.6666666666666665,0.6166666666666667,0.7319587628865979,0.27835051546391754,0.7917737789203085,0.8775510204081634,1
3,1,2,0.5876288659793814,0.3596938775510204,0.4444444444444445,0.18000000000000005,0.08247422680412371,0.26288659793814434,0.5835475578406171,0.25170068027210885,2
2,2,2,0.5360824742268041,0.29591836734693877,0.2222222222222222,0.0050000000000000044,0.5154639175257731,0.4742268041237113,0.38817480719794345,0.46938775510204084,2
0,1,2,0.9896907216494845,0.8801020408163265,0.6666666666666665,0.32833333333333337,0.10309278350515463,0.1134020618556701,0.6041131105398458,0.653061224489796,2
4,1,1,0.9896907216494845,0.8622448979591836,0.6666666666666665,0.7333333333333334,0.2233676975945017,0.8711340206185567,0.6889460154241646,0.34693877551020413,1
4,2,1,0.3711340206185567,0.20153061224489793,0.1111111111111111,0.015000000000000013,0.3745704467353952,0.20103092783505155,0.2544987146529563,0.22448979591836737,2
0,2,2,0.9587628865979381,0.6147959183673468,0.6666666666666665,0.7816666666666667,0.49484536082474223,0.12371134020618556,0.7840616966580978,0.9659863945578232,1
3,1,1,0.23711340206185563,0.173469387755102,0.2222222222222222,0.20000000000000007,0.13058419243986255,0.17010309278350516,0.21593830334190234,0.20408163265306123,2
1,1,2,0.17525773195876287,0.14540816326530612,1.0,0.4,0.037800687285223365,0.07216494845360824,0.10282776349614396,0.08843537414965986,2
5,1,1,0.4329896907216495,0.2627551020408163,1.0,0.8433333333333335,0.3333333333333333,0.18556701030927836,0.2699228791773779,0.17006802721088438,1
4,1,1,0.12371134020618556,0.0663265306122449,0.2222222222222222,0.7050000000000001,0.13058419243986255,0.0,0.11311053984575835,0.108843537414966,1
5,2,1,0.30927835051546393,0.29336734693877553,0.7777777777777777,0.44166666666666676,0.27835051546391754,0.13917525773195877,0.22879177377892032,0.12244897959183675,1
1,1,1,0.29896907216494845,0.2270408163265306,0.7777777777777777,0.1233333333333334,0.08247422680412371,0.18041237113402062,0.17480719794344474,0.2380952380952381,2
4,1,2,0.44329896907216493,0.24489795918367344,0.4444444444444445,0.3483333333333334,0.38144329896907214,0.15979381443298968,0.30591259640102825,0.1836734693877551,2
3,2,1,0.9381443298969071,0.5918367346938774,0.7777777777777777,0.7133333333333334,0.12027491408934708,0.5103092783505154,0.6940874035989718,0.6666666666666667,1
2,1,2,0.6907216494845361,0.45663265306122447,1.0,0.16000000000000003,0.5360824742268041,0.22164948453608246,0.5809768637532134,0.3673469387755102,2
0,2,1,0.3814432989690722,0.211734693877551,0.0,0.6116666666666668,0.14776632302405499,0.3402061855670103,0.3393316195372751,0.1360544217687075,1
5,2,2,0.30927835051546393,0.18112244897959182,0.5555555555555556,0.4716666666666667,0.3230240549828179,0.28350515463917525,0.2647814910025707,0.2448979591836735,1
1,2,1,0.556701030927835,0.5306122448979591,0.4444444444444445,0.265,0.3333333333333333,0.07216494845360824,0.3496143958868895,0.5510204081632654,2
4,2,1,0.36082474226804123,0.29591836734693877,0.8888888888888888,0.5583333333333333,0.20962199312714777,0.32989690721649484,0.2802056555269923,0.3197278911564626,1
3,2,2,0.845360824742268,0.6862244897959183,0.5555555555555556,0.5066666666666668,0.7353951890034364,0.4536082474226804,0.6015424164524422,0.3197278911564626,1
0,2,1,0.4123711340206186,0.21938775510204078,0.6666666666666665,0.8266666666666667,0.10309278350515463,0.08247422680412371,0.33419023136246784,0.326530612244898,1
4,1,2,0.3711340206185567,0.20918367346938774,0.4444444444444445,0.19333333333333336,0.21305841924398625,0.24742268041237112,0.37532133676092544,0.27891156462585037,2
3,1,2,0.30927835051546393,0.20153061224489793,0.3333333333333333,0.018333333333333313,0.1683848797250859,0.28865979381443296,0.26735218508997427,0.108843537414966,2
1,1,2,0.979381443298969,0.8571428571428571,0.4444444444444445,0.8883333333333334,0.845360824742268,0.8350515463917526,0.7197943444730078,0.44897959183673475,1
1,2,1,0.422680412371134,0.23214285714285712,0.2222222222222222,0.405,0.2542955326460481,0.26804123711340205,0.37275064267352187,0.28571428571428575,2
5,1,1,0.8144329896907216,0.510204081632653,0.8888888888888888,0.7516666666666667,0.054982817869415807,0.4072164948453608,0.8071979434447302,0.5034013605442177,1
5,2,1,0.9484536082474226,0.5841836734693877,0.6666666666666665,0.9750000000000001,0.5807560137457044,0.06185567010309278,0.8894601542416454,0.3197278911564626,1
4,2,1,0.8144329896907216,0.4872448979591837,0.2222222222222222,0.07666666666666666,0.26804123711340205,0.47938144329896903,0.7455012853470437,0.30612244897959184,2
4,1,2,0.6494845360824741,0.3622448979591837,0.1111111111111111,0.4800000000000001,0.3539518900343642,0.4896907216494845,0.5784061696658098,0.435374149659864,1
2,1,2,0.9484536082474226,0.5816326530612245,0.1111111111111111,0.31333333333333335,0.6907216494845361,0.18041237113402062,0.7275064267352186,0.7414965986394558,2
1,2,1,0.24742268041237112,0.1607142857142857,1.0,0.7750000000000001,0.07216494845360824,0.010309278350515464,0.12596401028277637,0.08843537414965986,1
3,2,1,0.8041237113402061,0.645408163265306,0.2222222222222222,0.06166666666666665,0.3024054982817869,0.02577319587628866,0.4781491002570694,0.6666666666666667,2
1,1,2,0.4639175257731959,0.22959183673469385,0.3333333333333333,0.3583333333333334,0.034364261168384876,0.2422680412371134,0.3676092544987147,0.38775510204081637,2
2,1,1,0.7628865979381443,0.5612244897959183,0.5555555555555556,0.42500000000000004,0.07216494845360824,0.711340206185567,0.4473007712082262,0.4829931972789116,1
1,1,1,0.6804123711340205,0.6862244897959183,0.0,0.6700000000000002,0.15807560137457044,0.12371134020618556,0.6889460154241646,0.4285714285714286,1
2,2,1,0.6597938144329897,0.4260204081632653,0.0,0.2616666666666667,0.003436426116838488,0.09278350515463918,0.5912596401028278,0.45578231292517013,2
2,1,2,0.8247422680412371,0.6862244897959183,0.4444444444444445,0.20833333333333337,0.3917525773195876,0.25257731958762886,0.7455012853470437,0.30612244897959184,2
1,1,1,0.4329896907216495,0.30612244897959184,0.2222222222222222,0.4716666666666667,0.08247422680412371,0.4072164948453608,0.43444730077120824,0.44897959183673475,1
1,2,2,0.8350515463917525,0.7372448979591836,0.2222222222222222,0.9616666666666667,0.47079037800687284,0.5103092783505154,0.8020565552699229,0.6462585034013606,1
0,1,2,0.9278350515463917,0.9234693877551019,0.6666666666666665,0.3700000000000001,0.36082474226804123,0.27319587628865977,0.5681233933161954,0.8979591836734695,2
5,2,1,0.2577319587628866,0.21428571428571427,1.0,0.645,0.08934707903780069,0.06185567010309278,0.22365038560411313,0.08843537414965986,1
0,1,2,0.6082474226804123,0.5943877551020408,1.0,0.9266666666666667,0.1134020618556701,0.26804123711340205,0.4473007712082262,0.435374149659864,1
4,2,1,0.9175257731958762,0.8341836734693877,0.3333333333333333,0.405,0.5395189003436426,0.7422680412371134,0.49357326478149105,0.761904761904762,2
5,2,1,0.7628865979381443,0.3852040816326531,0.6666666666666665,0.4600000000000001,0.07903780068728522,0.14432989690721648,0.622107969151671,0.3197278911564626,1
2,2,2,0.7216494845360825,0.4260204081632653,0.4444444444444445,0.9266666666666667,0.6219931271477663,0.654639175257732,0.39845758354755784,0.40816326530612246,1
0,1,1,0.24742268041237112,0.20153061224489793,0.3333333333333333,0.7033333333333334,0.12027491408934708,0.21649484536082475,0.17480719794344474,0.217687074829932,1
4,1,1,0.6494845360824741,0.5076530612244897,0.5555555555555556,0.5883333333333334,0.6391752577319587,0.07216494845360824,0.6041131105398458,0.435374149659864,1
5,1,2,0.8969072164948453,0.8979591836734693,0.7777777777777777,0.30000000000000004,0.5910652920962199,0.5824742268041236,0.6401028277634963,0.33333333333333337,2
2,1,1,0.5360824742268041,0.35714285714285715,0.6666666666666665,0.29500000000000004,0.35051546391752575,0.03608247422680412,0.27763496143958866,0.3741496598639456,2
0,1,2,0.010309278350515462,0.005102040816326529,0.0,0.9750000000000001,0.006872852233676976,0.020618556701030927,0.010282776349614397,0.01360544217687075,1
0,2,2,0.845360824742268,0.4923469387755102,0.8888888888888888,0.3833333333333334,0.584192439862543,0.18556701030927836,0.6143958868894602,0.8367346938775511,2
3,1,2,0.8350515463917525,0.43112244897959184,0.3333333333333333,0.9500000000000002,0.16151202749140894,0.4536082474226804,0.46272493573264784,0.6802721088435375,1
4,2,2,0.15463917525773194,0.13520408163265304,0.3333333333333333,0.15833333333333333,0.09278350515463918,0.041237113402061855,0.08226221079691516,0.163265306122449,2
2,2,2,0.13402061855670103,0.09948979591836735,0.7777777777777777,0.7850000000000001,0.0859106529209622,0.041237113402061855,0.13881748071979436,0.07482993197278912,1
1,2,1,0.0,0.005102040816326529,0.0,0.4650000000000001,0.017182130584192438,0.005154639175257732,0.005141388174807198,0.006802721088435375,1
1,1,1,0.08247422680412371,0.08673469387755102,0.6666666666666665,0.8300000000000001,0.06872852233676975,0.010309278350515464,0.08997429305912596,0.09523809523809525,1
3,2,1,0.8865979381443299,0.6326530612244897,0.3333333333333333,0.28833333333333333,0.5910652920962199,0.03092783505154639,0.6195372750642674,0.8435374149659864,2
0,1,1,0.08247422680412371,0.07397959183673469,0.3333333333333333,0.00666666666666671,0.017182130584192438,0.03092783505154639,0.08740359897172237,0.04761904761904762,2
0,2,1,0.8659793814432989,0.5790816326530611,0.6666666666666665,0.6300000000000001,0.6460481099656358,0.845360824742268,0.5809768637532134,0.8163265306122449,1
5,1,1,0.22680412371134018,0.21938775510204078,0.0,0.7416666666666667,0.058419243986254296,0.10309278350515463,0.22879177377892032,0.14285714285714288,1
1,1,2,0.22680412371134018,0.21938775510204078,0.3333333333333333,0.8916666666666668,0.08247422680412371,0.06185567010309278,0.13367609254498716,0.07482993197278912,1
5,2,1,0.5979381443298969,0.3010204081632653,1.0,0.9133333333333333,0.4776632302405498,0.24742268041237112,0.455012853470437,0.2448979591836735,1
5,2,2,0.7628865979381443,0.40816326530612246,0.8888888888888888,0.9533333333333334,0.17525773195876287,0.0979381443298969,0.5244215938303343,0.34013605442176875,1
3,2,2,0.8041237113402061,0.5051020408163265,0.4444444444444445,0.5133333333333334,0.3367697594501718,0.7989690721649484,0.6632390745501286,0.35374149659863946,1
0,1,1,0.5360824742268041,0.4897959183673469,0.7777777777777777,0.7633333333333334,0.08934707903780069,0.13917525773195877,0.46272493573264784,0.40816326530612246,1
0,2,1,0.12371134020618556,0.08673469387755102,0.1111111111111111,0.9016666666666668,0.10309278350515463,0.05154639175257732,0.11053984575835475,0.06802721088435375,1
0,2,1,0.061855670103092786,0.05867346938775509,0.0,0.53,0.010309278350515464,0.06185567010309278,0.043701799485861184,0.034013605442176874,1
4,1,1,0.010309278350515462,0.020408163265306124,0.1111111111111111,0.2616666666666667,0.024054982817869414,0.005154639175257732,0.020565552699228794,0.0272108843537415,1
0,1,2,0.4020618556701031,0.3596938775510204,0.1111111111111111,0.9066666666666667,0.09278350515463918,0.30927835051546393,0.24678663239074553,0.28571428571428575,1
2,2,2,0.13402061855670103,0.08928571428571429,0.1111111111111111,0.7933333333333334,0.09621993127147765,0.0,0.12853470437017997,0.09523809523809525,1
1,2,2,0.4536082474226804,0.3469387755102041,0.3333333333333333,0.3666666666666667,0.4570446735395189,0.32989690721649484,0.2442159383033419,0.14965986394557823,2
1,1,1,0.3195876288659794,0.18367346938775508,0.5555555555555556,0.5800000000000001,0.21993127147766323,0.08762886597938144,0.21593830334190234,0.108843537414966,1
4,2,1,0.7938144329896907,0.7933673469387754,0.4444444444444445,0.5900000000000001,0.5670103092783505,0.7835051546391752,0.6452442159383034,0.34013605442176875,1
0,2,2,0.8144329896907216,0.6683673469387754,1.0,0.07000000000000006,0.1993127147766323,0.28865979381443296,0.6015424164524422,0.39455782312925175,2
5,2,2,0.07216494845360825,0.06377551020408163,0.7777777777777777,0.8466666666666667,0.07216494845360824,0.04639175257731959,0.07197943444730077,0.054421768707483,1
1,1,1,0.4845360824742268,0.38010204081632654,0.4444444444444445,0.21500000000000008,0.1958762886597938,0.37628865979381443,0.36246786632390743,0.22448979591836737,2
3,1,1,0.6082474226804123,0.45408163265306123,0.6666666666666665,0.3966666666666667,0.4054982817869416,0.21649484536082475,0.4087403598971722,0.5102040816326531,2
3,2,2,0.44329896907216493,0.4107142857142857,0.2222222222222222,0.3883333333333334,0.06185567010309278,0.28865979381443296,0.30591259640102825,0.2653061224489796,2
2,1,1,0.27835051546391754,0.17857142857142855,0.3333333333333333,0.15666666666666673,0.2646048109965636,0.13402061855670103,0.19023136246786634,0.272108843537415,2
1,2,2,0.7938144329896907,0.7397959183673468,0.0,0.7850000000000001,0.6048109965635738,0.6597938144329897,0.5167095115681235,0.272108843537415,1
5,1,1,0.4020618556701031,0.24999999999999997,0.1111111111111111,0.8200000000000001,0.15120274914089346,0.31443298969072164,0.21336760925449874,0.33333333333333337,1
5,2,1,0.7731958762886597,0.3877551020408163,0.3333333333333333,0.17833333333333334,0.2233676975945017,0.4690721649484536,0.6683804627249358,0.3129251700680272,2
0,2,2,0.556701030927835,0.4846938775510204,0.8888888888888888,0.40666666666666673,0.21993127147766323,0.14432989690721648,0.5038560411311055,0.435374149659864,2
5,1,2,0.9072164948453607,0.45153061224489793,0.8888888888888888,0.3483333333333334,0.845360824742268,0.26804123711340205,0.506426735218509,0.41496598639455784,2
4,2,1,0.6391752577319587,0.461734693877551,0.7777777777777777,0.033333333333333326,0.6082474226804123,0.18556701030927836,0.3496143958868895,0.5646258503401361,2
4,1,2,0.6907216494845361,0.3673469387755102,0.0,0.32666666666666677,0.41237113402061853,0.36082474226804123,0.390745501285347,0.272108843537415,2
3,2,2,0.9175257731958762,0.6913265306122448,0.8888888888888888,0.5866666666666667,0.2920962199312715,0.37628865979381443,0.8071979434447302,0.46258503401360546,1
2,1,1,0.09278350515463918,0.08673469387755102,0.0,0.8433333333333335,0.09278350515463918,0.041237113402061855,0.06683804627249357,0.034013605442176874,1
4,2,2,0.15463917525773194,0.10714285714285714,0.5555555555555556,0.8683333333333334,0.10996563573883161,0.0979381443298969,0.11825192802056554,0.10204081632653061,1
5,1,1,0.9278350515463917,0.7270408163265305,1.0,0.53,0.49140893470790376,0.5567010309278351,0.8637532133676094,0.7210884353741497,1
2,2,1,0.8350515463917525,0.5178571428571428,0.5555555555555556,0.7150000000000001,0.7697594501718212,0.46391752577319584,0.7994858611825193,0.5714285714285715,1
5,2,1,0.49484536082474223,0.2627551020408163,0.2222222222222222,0.8983333333333334,0.4329896907216495,0.44329896907216493,0.5012853470437019,0.2380952380952381,1
3,1,2,0.20618556701030927,0.15561224489795916,0.0,0.030000000000000027,0.04810996563573883,0.10824742268041238,0.10282776349614396,0.10204081632653061,2
2,1,2,0.44329896907216493,0.23724489795918366,0.7777777777777777,0.17333333333333334,0.06185567010309278,0.30927835051546393,0.42930591259640105,0.1836734693877551,2
5,2,1,0.4020618556701031,0.22193877551020405,0.2222222222222222,0.4683333333333334,0.2268041237113402,0.07731958762886598,0.2827763496143959,0.23129251700680273,1
1,2,2,0.26804123711340205,0.16581632653061223,0.8888888888888888,0.4933333333333334,0.27147766323024053,0.020618556701030927,0.17994858611825196,0.10204081632653061,1
1,2,2,0.6597938144329897,0.520408163265306,0.1111111111111111,0.19166666666666676,0.43986254295532645,0.61340206185567,0.4473007712082262,0.2653061224489796,1
3,2,1,0.30927835051546393,0.17602040816326528,0.2222222222222222,0.7133333333333334,0.16494845360824742,0.10309278350515463,0.19794344473007713,0.3129251700680272,1
0,2,2,0.6288659793814433,0.33163265306122447,0.0,0.6100000000000001,0.3024054982817869,0.20618556701030927,0.35732647814910024,0.33333333333333337,1
2,1,2,0.4639175257731959,0.44387755102040816,0.6666666666666665,0.625,0.1993127147766323,0.3711340206185567,0.32904884318766064,0.44217687074829937,1
0,1,2,0.4020618556701031,0.3852040816326531,0.7777777777777777,0.00666666666666671,0.10309278350515463,0.26804123711340205,0.4087403598971722,0.2108843537414966,2
5,1,1,0.7113402061855669,0.3877551020408163,0.1111111111111111,0.29000000000000004,0.2611683848797251,0.46391752577319584,0.5681233933161954,0.6394557823129252,2
4,1,1,0.4845360824742268,0.2525510204081633,0.8888888888888888,0.1166666666666667,0.3745704467353952,0.1134020618556701,0.3444730077120823,0.44897959183673475,2
4,1,2,0.556701030927835,0.510204081632653,1.0,0.4933333333333334,0.17525773195876287,0.5618556701030928,0.31876606683804626,0.5374149659863946,1
4,1,2,0.32989690721649484,0.2040816326530612,0.0,0.44500000000000006,0.1958762886597938,0.0979381443298969,0.2544987146529563,0.1836734693877551,1
3,2,2,0.44329896907216493,0.4030612244897959,0.7777777777777777,0.6183333333333334,0.36082474226804123,0.18556701030927836,0.3110539845758355,0.39455782312925175,1
2,1,2,0.010309278350515462,0.012755102040816325,0.8888888888888888,0.865,0.010309278350515464,0.015463917525773195,0.015424164524421594,0.0272108843537415,1
5,2,1,0.7628865979381443,0.5790816326530611,0.4444444444444445,0.8816666666666668,0.10652920962199312,0.37628865979381443,0.44473007712082263,0.49659863945578236,1
5,1,2,0.03092783505154639,0.022959183673469385,0.5555555555555556,0.2566666666666667,0.04810996563573883,0.02577319587628866,0.017994858611825194,0.020408163265306124,2
0,1,1,0.5876288659793814,0.38010204081632654,0.7777777777777777,0.16500000000000004,0.5223367697594502,0.16494845360824742,0.30591259640102825,0.44217687074829937,2
0,1,2,0.7113402061855669,0.520408163265306,0.4444444444444445,0.8066666666666666,0.32646048109965636,0.5876288659793815,0.7095115681233933,0.5850340136054423,1
2,2,1,0.8556701030927835,0.6785714285714285,0.2222222222222222,0.3966666666666667,0.7319587628865979,0.845360824742268,0.544987146529563,0.3129251700680272,2
0,1,1,0.6391752577319587,0.423469387755102,0.7777777777777777,0.7650000000000001,0.5567010309278351,0.36597938144329895,0.38303341902313626,0.2108843537414966,1
2,1,2,0.7113402061855669,0.5382653061224489,0.5555555555555556,0.665,0.3917525773195876,0.6907216494845361,0.5732647814910027,0.326530612244898,1
5,2,2,0.16494845360824742,0.1301020408163265,0.6666666666666665,0.07833333333333337,0.13058419243986255,0.06701030927835051,0.11825192802056554,0.11564625850340136,2
3,2,1,0.6597938144329897,0.635204081632653,1.0,0.4966666666666667,0.45017182130584193,0.18556701030927836,0.5244215938303343,0.5850340136054423,1
4,1,1,0.8865979381443299,0.6836734693877551,0.0,0.17666666666666675,0.5601374570446735,0.31958762886597936,0.6632390745501286,0.39455782312925175,1
2,2,2,0.4742268041237113,0.39540816326530615,1.0,0.9333333333333333,0.058419243986254296,0.17010309278350516,0.33676092544987146,0.34693877551020413,1
5,1,1,0.4329896907216495,0.413265306122449,0.4444444444444445,0.8433333333333335,0.12027491408934708,0.2268041237113402,0.2802056555269923,0.1904761904761905,1
0,2,2,0.18556701030927833,0.1683673469387755,0.0,0.2466666666666667,0.09278350515463918,0.1958762886597938,0.17480719794344474,0.108843537414966,1
2,1,2,0.6804123711340205,0.568877551020408,1.0,0.15500000000000003,0.07216494845360824,0.1134020618556701,0.5141388174807199,0.5578231292517007,2
5,2,1,0.6597938144329897,0.4005102040816326,0.5555555555555556,0.8516666666666668,0.45017182130584193,0.25773195876288657,0.37017994858611825,0.34013605442176875,1
2,1,2,0.3195876288659794,0.19387755102040816,1.0,0.8816666666666668,0.16494845360824742,0.10824742268041238,0.33161953727506427,0.17687074829931973,1
3,2,2,0.7422680412371133,0.5892857142857142,0.7777777777777777,0.6666666666666667,0.6632302405498282,0.15463917525773196,0.5244215938303343,0.6054421768707483,1
0,2,1,0.44329896907216493,0.3086734693877551,0.8888888888888888,0.6983333333333335,0.3539518900343642,0.010309278350515464,0.22879177377892032,0.2108843537414966,1
1,2,1,0.9587628865979381,0.770408163265306,0.5555555555555556,0.21666666666666667,0.18556701030927836,0.41237113402061853,0.7840616966580978,0.7142857142857143,2
1,1,2,0.061855670103092786,0.06887755102040817,0.1111111111111111,0.06333333333333335,0.03092783505154639,0.05154639175257732,0.059125964010282785,0.0272108843537415,1
2,1,2,0.3917525773195876,0.3239795918367347,0.1111111111111111,0.6583333333333334,0.21993127147766323,0.3556701030927835,0.38817480719794345,0.29251700680272114,1
2,2,2,0.7010309278350515,0.6479591836734693,0.8888888888888888,0.1233333333333334,0.11683848797250859,0.7061855670103092,0.37532133676092544,0.30612244897959184,2
3,1,2,0.3402061855670103,0.20918367346938774,0.8888888888888888,0.5150000000000001,0.2508591065292096,0.0,0.31876606683804626,0.17006802721088438,1
3,1,1,0.979381443298969,0.9107142857142856,0.2222222222222222,0.5516666666666667,0.12027491408934708,0.28350515463917525,0.724935732647815,0.5102040816326531,1
0,2,2,0.32989690721649484,0.26785714285714285,0.2222222222222222,0.2316666666666667,0.18213058419243985,0.07216494845360824,0.29048843187660667,0.1292517006802721,2
1,1,1,0.4536082474226804,0.336734693877551,1.0,0.895,0.1924398625429553,0.39690721649484534,0.2982005141388175,0.17006802721088438,1
4,1,2,0.3711340206185567,0.2576530612244898,0.4444444444444445,0.8883333333333334,0.25773195876288657,0.12886597938144329,0.35475578406169667,0.28571428571428575,1
4,2,1,0.4123711340206186,0.23724489795918366,1.0,0.9383333333333335,0.2542955326460481,0.04639175257731959,0.22622107969151672,0.23129251700680273,1
2,1,2,0.23711340206185563,0.21428571428571427,0.1111111111111111,0.6400000000000001,0.0,0.03092783505154639,0.24164524421593833,0.17687074829931973,1
0,2,1,0.7010309278350515,0.6198979591836734,0.2222222222222222,0.40333333333333343,0.21993127147766323,0.13402061855670103,0.622107969151671,0.3197278911564626,2
1,2,2,0.5257731958762886,0.2857142857142857,0.3333333333333333,0.7550000000000001,0.3436426116838488,0.21649484536082475,0.36246786632390743,0.20408163265306123,1
0,2,2,0.6391752577319587,0.35459183673469385,0.0,0.3533333333333334,0.054982817869415807,0.4742268041237113,0.5861182519280206,0.2380952380952381,2
3,2,2,0.32989690721649484,0.19897959183673466,0.5555555555555556,0.14166666666666672,0.20962199312714777,0.20618556701030927,0.26735218508997427,0.272108843537415,2
4,2,2,0.6701030927835051,0.4719387755102041,0.0,0.7483333333333335,0.5360824742268041,0.4072164948453608,0.5038560411311055,0.5850340136054423,1
1,2,1,0.4536082474226804,0.24999999999999997,0.1111111111111111,0.53,0.07560137457044673,0.005154639175257732,0.32390745501285345,0.29251700680272114,1
4,1,1,0.07216494845360825,0.05612244897959184,0.1111111111111111,0.4716666666666667,0.044673539518900345,0.041237113402061855,0.038560411311053984,0.07482993197278912,1
0,1,2,0.5051546391752577,0.49999999999999994,0.8888888888888888,0.5916666666666668,0.15120274914089346,0.0,0.4318766066838046,0.4829931972789116,1
0,2,1,0.7010309278350515,0.5255102040816326,1.0,0.13333333333333341,0.4054982817869416,0.5567010309278351,0.5347043701799487,0.4217687074829932,2
3,1,1,0.4020618556701031,0.3673469387755102,0.2222222222222222,0.6316666666666668,0.2268041237113402,0.19072164948453607,0.2622107969151671,0.380952380952381,1
2,1,2,0.4536082474226804,0.36989795918367346,0.2222222222222222,0.18333333333333335,0.44329896907216493,0.35051546391752575,0.40616966580976865,0.39455782312925175,2
2,1,1,0.3505154639175258,0.2857142857142857,0.3333333333333333,0.4833333333333334,0.054982817869415807,0.26804123711340205,0.27249357326478146,0.20408163265306123,1
5,1,2,0.5876288659793814,0.34438775510204084,0.6666666666666665,0.16166666666666674,0.4261168384879725,0.03092783505154639,0.5167095115681235,0.20408163265306123,2
2,1,2,0.04123711340206185,0.04591836734693877,0.7777777777777777,0.20833333333333337,0.03092783505154639,0.02577319587628866,0.05141388174807198,0.020408163265306124,2
0,1,2,0.4845360824742268,0.4107142857142857,0.0,0.13833333333333342,0.1134020618556701,0.18041237113402062,0.37789203084832906,0.39455782312925175,1
5,1,1,0.6391752577319587,0.6020408163265305,0.2222222222222222,0.17666666666666675,0.5051546391752577,0.6391752577319587,0.6452442159383034,0.29251700680272114,2
2,1,2,0.7010309278350515,0.4974489795918367,0.4444444444444445,0.43833333333333335,0.13402061855670103,0.4845360824742268,0.5784061696658098,0.54421768707483,1
3,1,1,0.6701030927835051,0.33418367346938777,0.6666666666666665,0.8033333333333335,0.1683848797250859,0.20618556701030927,0.6555269922879178,0.653061224489796,1
1,2,1,0.061855670103092786,0.04846938775510204,0.1111111111111111,0.9200000000000002,0.03092783505154639,0.010309278350515464,0.048843187660668384,0.06802721088435375,1
5,2,2,0.7628865979381443,0.7015306122448979,0.0,0.7550000000000001,0.6323024054982818,0.6288659793814433,0.4267352185089974,0.54421768707483,1
5,1,1,0.30927835051546393,0.18622448979591835,0.1111111111111111,0.31500000000000006,0.1718213058419244,0.14948453608247422,0.2647814910025707,0.1292517006802721,2
2,2,1,0.4845360824742268,0.34438775510204084,0.0,0.4766666666666667,0.3402061855670103,0.07216494845360824,0.24678663239074553,0.4761904761904762,1
3,2,2,0.7216494845360825,0.5229591836734693,0.7777777777777777,0.43333333333333335,0.07216494845360824,0.5515463917525774,0.5347043701799487,0.2448979591836735,1
3,1,2,0.556701030927835,0.5178571428571428,0.2222222222222222,0.31166666666666676,0.21993127147766323,0.5,0.5115681233933163,0.27891156462585037,2
4,1,1,0.7319587628865979,0.45918367346938777,0.3333333333333333,0.22333333333333338,0.3436426116838488,0.14948453608247422,0.6812339331619538,0.45578231292517013,2
4,2,2,0.3195876288659794,0.17091836734693877,1.0,0.3400000000000001,0.281786941580756,0.16494845360824742,0.17994858611825196,0.17006802721088438,2
2,1,1,0.9278350515463917,0.6377551020408162,0.1111111111111111,0.8783333333333334,0.8900343642611683,0.8195876288659794,0.4884318766066838,0.7482993197278912,1
3,2,1,0.8144329896907216,0.586734693877551,1.0,0.595,0.5395189003436426,0.14948453608247422,0.7146529562982006,0.4217687074829932,1
5,1,2,0.6597938144329897,0.5382653061224489,0.4444444444444445,0.245,0.436426116838488,0.5721649484536082,0.5115681233933163,0.435374149659864,2
0,1,1,0.4123711340206186,0.3392857142857143,0.1111111111111111,0.8900000000000001,0.29896907216494845,0.17525773195876287,0.30077120822622105,0.2108843537414966,1
2,1,2,0.5773195876288659,0.5459183673469387,0.3333333333333333,0.09000000000000008,0.42955326460481097,0.11855670103092783,0.30591259640102825,0.46258503401360546,2
2,1,1,0.556701030927835,0.5280612244897959,0.8888888888888888,0.9716666666666667,0.3367697594501718,0.08247422680412371,0.5295629820051414,0.40816326530612246,1
0,2,1,0.3505154639175258,0.24489795918367344,0.5555555555555556,0.5683333333333334,0.3539518900343642,0.12371134020618556,0.22622107969151672,0.1836734693877551,1
1,1,1,0.7731958762886597,0.423469387755102,0.2222222222222222,0.5350000000000001,0.7766323024054983,0.4072164948453608,0.6966580976863754,0.6938775510204083,1
0,1,1,0.7835051546391752,0.586734693877551,0.4444444444444445,0.4783333333333334,0.42955326460481097,0.47938144329896903,0.699228791773779,0.6598639455782314,1
3,2,2,0.5670103092783505,0.3852040816326531,0.7777777777777777,0.20666666666666667,0.16151202749140894,0.15463917525773196,0.4138817480719794,0.380952380952381,2
5,1,2,0.6288659793814433,0.5153061224489796,0.6666666666666665,0.3583333333333334,0.14776632302405499,0.18556701030927836,0.46272493573264784,0.6190476190476191,2
5,2,1,0.21649484536082472,0.11224489795918367,0.8888888888888888,0.4866666666666667,0.054982817869415807,0.20103092783505155,0.15167095115681237,0.1904761904761905,1
4,1,1,0.9690721649484535,0.49999999999999994,0.2222222222222222,0.03166666666666673,0.10996563573883161,0.8505154639175257,0.7146529562982006,0.44897959183673475,2
1,2,1,0.08247422680412371,0.09183673469387756,0.7777777777777777,0.10000000000000009,0.0859106529209622,0.015463917525773195,0.04627249357326478,0.04081632653061225,2
5,1,1,0.7216494845360825,0.6836734693877551,0.5555555555555556,0.3916666666666667,0.28865979381443296,0.6597938144329897,0.7146529562982006,0.326530612244898,2
2,2,1,0.3711340206185567,0.28316326530612246,0.7777777777777777,0.6100000000000001,0.30927835051546393,0.12371134020618556,0.19794344473007713,0.2585034013605442,1
4,2,1,0.9381443298969071,0.6198979591836734,0.7777777777777777,0.19833333333333336,0.6219931271477663,0.0,0.6786632390745502,0.34693877551020413,2
2,2,1,0.7216494845360825,0.5510204081632653,0.5555555555555556,0.5666666666666667,0.0,0.5876288659793815,0.3676092544987147,0.2585034013605442,1
0,1,2,0.7628865979381443,0.49489795918367346,0.5555555555555556,0.40833333333333344,0.14776632302405499,0.26804123711340205,0.750642673521851,0.49659863945578236,2
4,1,2,0.44329896907216493,0.3826530612244898,0.4444444444444445,0.905,0.4536082474226804,0.3556701030927835,0.2699228791773779,0.14965986394557823,1
1,2,1,0.9999999999999999,0.7806122448979591,1.0,0.43166666666666675,0.415807560137457,0.31443298969072164,0.9845758354755785,0.8231292517006803,1
0,2,1,0.05154639175257732,0.0433673469387755,0.8888888888888888,0.5833333333333335,0.013745704467353952,0.06701030927835051,0.06426735218508997,0.034013605442176874,1
0,1,2,0.3402061855670103,0.30612244897959184,0.7777777777777777,0.29833333333333334,0.3333333333333333,0.30927835051546393,0.19537275064267354,0.3197278911564626,2
1,1,1,0.010309278350515462,0.017857142857142856,0.6666666666666665,0.040000000000000036,0.003436426116838488,0.005154639175257732,0.020565552699228794,0.006802721088435375,2
5,2,1,0.5360824742268041,0.41836734693877553,0.0,0.09000000000000008,0.037800687285223365,0.23195876288659792,0.4884318766066838,0.35374149659863946,1
4,2,1,0.26804123711340205,0.20663265306122447,0.4444444444444445,0.3683333333333334,0.05154639175257732,0.06185567010309278,0.22622107969151672,0.25170068027210885,2
5,2,1,0.4845360824742268,0.3979591836734694,0.3333333333333333,0.3416666666666667,0.4261168384879725,0.25257731958762886,0.37532133676092544,0.41496598639455784,2
4,2,2,0.04123711340206185,0.03571428571428571,0.5555555555555556,0.22666666666666668,0.013745704467353952,0.0,0.03598971722365039,0.04761904761904762,2
0,1,2,0.288659793814433,0.19897959183673466,0.2222222222222222,0.6383333333333334,0.10996563573883161,0.25257731958762886,0.2544987146529563,0.217687074829932,1
0,1,2,0.16494845360824742,0.14030612244897958,0.8888888888888888,0.08000000000000007,0.09965635738831614,0.03608247422680412,0.16452442159383035,0.06802721088435375,2
4,1,1,0.5051546391752577,0.39285714285714285,0.2222222222222222,0.9450000000000001,0.3848797250859106,0.42783505154639173,0.48586118251928023,0.2448979591836735,1
5,1,2,0.12371134020618556,0.09693877551020408,0.6666666666666665,0.9666666666666668,0.12714776632302405,0.09278350515463918,0.06426735218508997,0.14285714285714288,1
2,1,1,0.6701030927835051,0.6428571428571428,0.4444444444444445,0.6216666666666668,0.38144329896907214,0.44329896907216493,0.6375321336760926,0.34013605442176875,1
3,2,2,0.422680412371134,0.3137755102040816,0.8888888888888888,0.30333333333333334,0.31958762886597936,0.04639175257731959,0.33161953727506427,0.41496598639455784,2
3,1,1,0.7835051546391752,0.4923469387755102,0.1111111111111111,0.7783333333333333,0.6219931271477663,0.5412371134020618,0.519280205655527,0.5238095238095238,1
3,2,2,0.5360824742268041,0.39540816326530615,0.8888888888888888,0.7666666666666668,0.436426116838488,0.11855670103092783,0.4138817480719794,0.489795918367347,1
0,2,2,0.03092783505154639,0.04081632653061224,0.0,0.9283333333333335,0.037800687285223365,0.02577319587628866,0.038560411311053984,0.020408163265306124,1
1,1,2,0.8659793814432989,0.673469387755102,0.4444444444444445,0.7250000000000001,0.4054982817869416,0.4690721649484536,0.5244215938303343,0.761904761904762,1
3,1,2,0.23711340206185563,0.22959183673469385,0.1111111111111111,0.8500000000000001,0.09278350515463918,0.17010309278350516,0.23393316195372751,0.25170068027210885,1
4,2,2,0.288659793814433,0.17602040816326528,0.0,0.6333333333333333,0.03092783505154639,0.17525773195876287,0.23907455012853474,0.11564625850340136,1
5,2,1,0.7010309278350515,0.6785714285714285,0.1111111111111111,0.9816666666666667,0.04810996563573883,0.21649484536082475,0.5681233933161954,0.5034013605442177,1
1,2,1,0.020618556701030927,0.030612244897959183,0.7777777777777777,0.6466666666666667,0.013745704467353952,0.015463917525773195,0.023136246786632394,0.01360544217687075,1
5,2,2,0.5154639175257731,0.34183673469387754,0.7777777777777777,0.385,0.3024054982817869,0.23195876288659792,0.3958868894601542,0.19727891156462588,2
3,1,2,0.3195876288659794,0.2755102040816327,0.0,0.6000000000000001,0.2233676975945017,0.19072164948453607,0.30848329048843187,0.30612244897959184,1
1,2,1,0.22680412371134018,0.21683673469387754,0.8888888888888888,0.19000000000000006,0.12371134020618556,0.1134020618556701,0.17480719794344474,0.17006802721088438,2
4,1,1,0.5773195876288659,0.39540816326530615,0.6666666666666665,0.38,0.21649484536082475,0.005154639175257732,0.5424164524421594,0.5918367346938775,2
4,2,1,0.9484536082474226,0.5025510204081632,0.5555555555555556,0.8616666666666668,0.12371134020618556,0.08247422680412371,0.8766066838046274,0.54421768707483,1
2,2,2,0.6082474226804123,0.3826530612244898,0.0,0.8316666666666668,0.24398625429553264,0.28350515463917525,0.4498714652956298,0.36054421768707484,1
1,1,1,0.7525773195876289,0.5382653061224489,1.0,0.5916666666666668,0.4467353951890034,0.5309278350515464,0.7146529562982006,0.5510204081632654,1
2,2,2,0.4020618556701031,0.40561224489795916,0.2222222222222222,0.41000000000000003,0.12027491408934708,0.15979381443298968,0.38046272493573263,0.25170068027210885,2
3,2,2,0.8556701030927835,0.7780612244897959,0.6666666666666665,0.7416666666666667,0.37800687285223367,0.422680412371134,0.4910025706940874,0.489795918367347,1
0,1,2,0.422680412371134,0.423469387755102,0.3333333333333333,0.9733333333333334,0.2233676975945017,0.27835051546391754,0.30077120822622105,0.25170068027210885,1
5,2,2,0.9381443298969071,0.5535714285714285,0.1111111111111111,0.8700000000000001,0.718213058419244,0.5154639175257731,0.6143958868894602,0.8231292517006803,1
4,2,2,0.5979381443298969,0.46938775510204084,0.0,0.5383333333333333,0.14776632302405499,0.20618556701030927,0.4832904884318766,0.38775510204081637,1
1,2,1,0.5257731958762886,0.4744897959183673,0.7777777777777777,0.10166666666666668,0.010309278350515464,0.25773195876288657,0.2982005141388175,0.3741496598639456,2
5,2,1,0.7422680412371133,0.40561224489795916,0.0,0.7966666666666669,0.584192439862543,0.13917525773195877,0.4910025706940874,0.6258503401360545,1
1,2,1,0.09278350515463918,0.08928571428571429,0.3333333333333333,0.7983333333333333,0.020618556701030927,0.09278350515463918,0.09511568123393316,0.108843537414966,1
1,1,1,0.6597938144329897,0.520408163265306,0.1111111111111111,0.4900000000000001,0.16494845360824742,0.010309278350515464,0.6709511568123394,0.6054421768707483,1
3,1,2,0.8247422680412371,0.7142857142857142,0.0,0.3833333333333334,0.5154639175257731,0.5412371134020618,0.5115681233933163,0.8231292517006803,1
3,2,2,0.3195876288659794,0.22959183673469385,0.5555555555555556,0.040000000000000036,0.18213058419243985,0.13402061855670103,0.18508997429305915,0.1360544217687075,2
4,1,1,0.23711340206185563,0.22193877551020405,0.4444444444444445,0.15666666666666673,0.23024054982817868,0.10309278350515463,0.17994858611825196,0.20408163265306123,2
3,1,1,0.3195876288659794,0.2576530612244898,0.5555555555555556,0.8600000000000001,0.24398625429553264,0.3247422680412371,0.29562982005141386,0.33333333333333337,1
5,2,2,0.08247422680412371,0.0510204081632653,0.7777777777777777,0.20500000000000007,0.058419243986254296,0.03608247422680412,0.06683804627249357,0.09523809523809525,2
5,1,1,0.6185567010309277,0.31887755102040816,0.0,0.39833333333333343,0.1924398625429553,0.5051546391752577,0.5655526992287918,0.326530612244898,2
1,1,2,0.7010309278350515,0.5280612244897959,1.0,0.42333333333333334,0.5807560137457044,0.3402061855670103,0.3676092544987147,0.380952380952381,1
2,1,1,0.7010309278350515,0.4770408163265306,0.2222222222222222,0.3716666666666667,0.18213058419243985,0.47938144329896903,0.6555269922879178,0.6462585034013606,2
1,2,1,0.5257731958762886,0.29846938775510207,0.4444444444444445,0.9200000000000002,0.013745704467353952,0.5360824742268041,0.4781491002570694,0.34013605442176875,1
0,2,1,0.16494845360824742,0.08673469387755102,0.0,0.3416666666666667,0.13402061855670103,0.12371134020618556,0.10796915167095116,0.09523809523809525,2
0,1,1,0.21649484536082472,0.19387755102040816,0.4444444444444445,0.21666666666666667,0.2268041237113402,0.14432989690721648,0.20051413881748073,0.1292517006802721,2
2,1,2,0.3917525773195876,0.2270408163265306,0.7777777777777777,0.8066666666666666,0.10996563573883161,0.03092783505154639,0.3264781491002571,0.33333333333333337,1
1,2,2,0.8969072164948453,0.6045918367346939,0.2222222222222222,0.13333333333333341,0.5670103092783505,0.38144329896907214,0.7043701799485862,0.5102040816326531,2
3,1,2,0.8041237113402061,0.46683673469387754,1.0,0.44166666666666676,0.054982817869415807,0.44329896907216493,0.5706940874035991,0.6394557823129252,1
4,1,1,0.7938144329896907,0.6785714285714285,0.6666666666666665,0.2433333333333334,0.6151202749140894,0.37628865979381443,0.41645244215938304,0.5578231292517007,2
5,1,1,0.6701030927835051,0.5076530612244897,0.3333333333333333,0.17666666666666675,0.23711340206185566,0.25257731958762886,0.3856041131105398,0.4829931972789116,2
4,2,2,0.22680412371134018,0.14540816326530612,0.2222222222222222,0.6866666666666668,0.23367697594501718,0.1134020618556701,0.14652956298200515,0.0816326530612245,1
4,2,2,0.8659793814432989,0.568877551020408,0.6666666666666665,0.7150000000000001,0.010309278350515464,0.8350515463917526,0.519280205655527,0.8095238095238095,1
1,2,1,0.5257731958762886,0.3647959183673469,1.0,0.3466666666666667,0.3848797250859106,0.14432989690721648,0.42930591259640105,0.3129251700680272,2
0,1,2,0.7422680412371133,0.6275510204081632,1.0,0.5800000000000001,0.24398625429553264,0.4072164948453608,0.5912596401028278,0.4217687074829932,1
0,2,1,0.8762886597938143,0.46938775510204084,0.4444444444444445,0.07666666666666666,0.041237113402061855,0.09278350515463918,0.7814910025706941,0.5578231292517007,2
5,1,2,0.8247422680412371,0.4642857142857143,0.1111111111111111,0.15666666666666673,0.32989690721649484,0.29381443298969073,0.6966580976863754,0.7551020408163266,2
0,2,1,0.36082474226804123,0.23979591836734693,0.5555555555555556,0.3350000000000001,0.08934707903780069,0.3402061855670103,0.22879177377892032,0.3129251700680272,2
5,2,1,0.9278350515463917,0.9183673469387754,0.0,0.5916666666666668,0.10309278350515463,0.06185567010309278,0.8200514138817482,0.5918367346938775,1
4,2,2,0.6082474226804123,0.5255102040816326,0.1111111111111111,0.6033333333333335,0.35051546391752575,0.36082474226804123,0.5912596401028278,0.27891156462585037,1
2,1,1,0.8865979381443299,0.7780612244897959,1.0,0.8666666666666667,0.024054982817869414,0.24742268041237112,0.6580976863753214,0.8639455782312926,1
5,2,2,0.9278350515463917,0.4744897959183673,0.4444444444444445,0.3683333333333334,0.2852233676975945,0.7474226804123711,0.5938303341902315,0.46938775510204084,2
3,1,2,0.7216494845360825,0.7040816326530611,0.5555555555555556,0.28833333333333333,0.7250859106529209,0.4536082474226804,0.7069408740359898,0.5918367346938775,2
1,1,2,0.04123711340206185,0.022959183673469385,0.4444444444444445,0.43500000000000005,0.03092783505154639,0.015463917525773195,0.02827763496143959,0.04081632653061225,1
5,1,2,0.8041237113402061,0.5816326530612245,1.0,0.2683333333333334,0.2027491408934708,0.12371134020618556,0.7455012853470437,0.489795918367347,2
4,1,1,0.6907216494845361,0.34438775510204084,0.7777777777777777,0.6916666666666667,0.07216494845360824,0.31443298969072164,0.5295629820051414,0.5578231292517007,1
0,2,1,0.422680412371134,0.3903061224489796,0.8888888888888888,0.2333333333333334,0.21305841924398625,0.06701030927835051,0.2493573264781491,0.3197278911564626,2
3,2,1,0.8556701030927835,0.6275510204081632,0.8888888888888888,0.7483333333333335,0.32989690721649484,0.06185567010309278,0.8071979434447302,0.6870748299319729,1
4,2,2,0.8659793814432989,0.4362244897959184,0.0,0.8116666666666668,0.4020618556701031,0.5463917525773195,0.4652956298200514,0.7210884353741497,1
3,1,2,0.6288659793814433,0.3469387755102041,0.8888888888888888,0.7466666666666668,0.6082474226804123,0.4536082474226804,0.5501285347043703,0.5850340136054423,1
3,2,1,0.5773195876288659,0.3392857142857143,0.5555555555555556,0.03500000000000003,0.058419243986254296,0.17010309278350516,0.5655526992287918,0.23129251700680273,2
3,1,1,0.08247422680412371,0.0510204081632653,0.4444444444444445,0.0050000000000000044,0.034364261168384876,0.020618556701030927,0.056555269922879174,0.06802721088435375,2
0,2,1,0.15463917525773194,0.1301020408163265,0.3333333333333333,0.6366666666666667,0.08247422680412371,0.05154639175257732,0.09254498714652956,0.14285714285714288,1
2,2,2,0.30927835051546393,0.211734693877551,0.8888888888888888,0.5633333333333335,0.034364261168384876,0.25257731958762886,0.21336760925449874,0.2380952380952381,1
0,1,1,0.7525773195876289,0.41581632653061223,0.6666666666666665,0.2333333333333334,0.5910652920962199,0.7474226804123711,0.6118251928020566,0.7006802721088435,2
1,2,1,0.18556701030927833,0.1607142857142857,0.4444444444444445,0.9550000000000001,0.04810996563573883,0.010309278350515464,0.15424164524421596,0.163265306122449,1
3,2,2,0.9175257731958762,0.49489795918367346,1.0,0.2283333333333334,0.21649484536082475,0.7061855670103092,0.6015424164524422,0.8775510204081634,2
4,1,1,0.845360824742268,0.49489795918367346,0.3333333333333333,0.8266666666666667,0.6151202749140894,0.4742268041237113,0.5115681233933163,0.5238095238095238,1
4,1,2,0.7113402061855669,0.6862244897959183,0.7777777777777777,0.8733333333333335,0.08247422680412371,0.41237113402061853,0.5681233933161954,0.2653061224489796,1
2,2,2,0.0,0.012755102040816325,0.2222222222222222,0.06333333333333335,0.003436426116838488,0.0,0.0025706940874035992,0.006802721088435375,2
0,2,1,0.49484536082474223,0.37244897959183676,0.5555555555555556,0.45833333333333337,0.43986254295532645,0.07731958762886598,0.30848329048843187,0.44897959183673475,1
0,2,1,0.44329896907216493,0.423469387755102,0.3333333333333333,0.7883333333333333,0.21649484536082475,0.35051546391752575,0.35218508997429304,0.40816326530612246,1
2,2,1,0.5051546391752577,0.49489795918367346,0.0,0.7216666666666667,0.0,0.23195876288659792,0.32390745501285345,0.4217687074829932,1
3,1,1,0.4020618556701031,0.2627551020408163,0.6666666666666665,0.29166666666666674,0.18556701030927836,0.22164948453608246,0.3496143958868895,0.30612244897959184,2
1,2,2,0.7216494845360825,0.375,0.4444444444444445,0.6283333333333334,0.3642611683848797,0.20103092783505155,0.622107969151671,0.27891156462585037,1
3,2,2,0.7835051546391752,0.44387755102040816,0.2222222222222222,0.17166666666666675,0.4329896907216495,0.19072164948453607,0.6272493573264782,0.6802721088435375,2
3,1,1,0.7525773195876289,0.6377551020408162,0.5555555555555556,0.7783333333333333,0.4536082474226804,0.5567010309278351,0.4910025706940874,0.653061224489796,1
3,1,1,0.6391752577319587,0.5280612244897959,0.0,0.855,0.13402061855670103,0.5618556701030928,0.519280205655527,0.29931972789115646,1
4,1,2,0.7010309278350515,0.6479591836734693,1.0,0.4950000000000001,0.6838487972508591,0.6958762886597938,0.699228791773779,0.6870748299319729,1
4,2,1,0.9072164948453607,0.7857142857142856,0.3333333333333333,0.9933333333333334,0.24398625429553264,0.2268041237113402,0.5938303341902315,0.8911564625850341,1
2,2,1,0.4329896907216495,0.3469387755102041,0.2222222222222222,0.8500000000000001,0.4536082474226804,0.21649484536082475,0.37789203084832906,0.35374149659863946,1
2,2,2,0.07216494845360825,0.0433673469387755,0.6666666666666665,0.06166666666666665,0.058419243986254296,0.0,0.04627249357326478,0.04081632653061225,2
1,1,2,0.9896907216494845,0.6785714285714285,0.8888888888888888,0.8200000000000001,0.5463917525773195,0.7268041237113402,0.6401028277634963,0.8095238095238095,1
4,2,2,0.04123711340206185,0.033163265306122444,0.2222222222222222,0.8066666666666666,0.010309278350515464,0.005154639175257732,0.04113110539845759,0.034013605442176874,1
5,1,1,0.979381443298969,0.760204081632653,0.5555555555555556,0.22333333333333338,0.6735395189003436,0.922680412371134,0.532133676092545,0.46938775510204084,2
2,1,1,0.845360824742268,0.8239795918367346,0.4444444444444445,0.14,0.4776632302405498,0.08247422680412371,0.5475578406169667,0.4761904761904762,2
1,1,2,0.8350515463917525,0.6275510204081632,0.4444444444444445,0.5700000000000001,0.3951890034364261,0.7938144329896907,0.5475578406169667,0.39455782312925175,1
4,1,2,0.7938144329896907,0.7551020408163265,0.3333333333333333,0.023333333333333317,0.7560137457044673,0.23711340206185566,0.660668380462725,0.5510204081632654,2
1,2,2,0.8659793814432989,0.6530612244897959,0.0,0.51,0.12714776632302405,0.768041237113402,0.8329048843187662,0.8299319727891157,1
5,2,1,0.6701030927835051,0.4413265306122449,0.6666666666666665,0.905,0.436426116838488,0.010309278350515464,0.49357326478149105,0.380952380952381,1
0,1,2,0.2577319587628866,0.18112244897959182,0.4444444444444445,0.7966666666666669,0.23367697594501718,0.041237113402061855,0.13624678663239076,0.1904761904761905,1
0,2,2,0.6597938144329897,0.645408163265306,0.3333333333333333,0.6966666666666668,0.4329896907216495,0.6288659793814433,0.5501285347043703,0.6122448979591837,1
1,1,1,0.7113402061855669,0.5229591836734693,1.0,0.2283333333333334,0.32989690721649484,0.37628865979381443,0.6272493573264782,0.5986394557823129,2
5,1,1,0.010309278350515462,0.01020408163265306,0.4444444444444445,0.4766666666666667,0.0,0.020618556701030927,0.017994858611825194,0.006802721088435375,1
2,1,2,0.20618556701030927,0.17091836734693877,0.2222222222222222,0.7950000000000002,0.20962199312714777,0.020618556701030927,0.10539845758354756,0.22448979591836737,1
1,1,1,0.8762886597938143,0.8010204081632653,0.5555555555555556,0.3750000000000001,0.26804123711340205,0.5257731958762887,0.7712082262210798,0.41496598639455784,2
4,1,2,0.7216494845360825,0.5816326530612245,0.5555555555555556,0.5533333333333335,0.15807560137457044,0.4381443298969072,0.4910025706940874,0.29931972789115646,1
0,2,2,0.18556701030927833,0.11479591836734694,1.0,0.06166666666666665,0.044673539518900345,0.1134020618556701,0.13367609254498716,0.11564625850340136,2
4,1,1,0.8659793814432989,0.7040816326530611,0.3333333333333333,0.2633333333333334,0.7697594501718212,0.09278350515463918,0.866323907455013,0.7959183673469389,2
2,1,1,0.21649484536082472,0.1301020408163265,0.3333333333333333,0.10666666666666669,0.15463917525773196,0.02577319587628866,0.17223650385604114,0.1360544217687075,2
2,2,1,0.9690721649484535,0.7525510204081632,0.7777777777777777,0.33166666666666667,0.979381443298969,0.3247422680412371,0.8097686375321338,0.5034013605442177,2
2,1,1,0.17525773195876287,0.15816326530612243,0.7777777777777777,0.9783333333333335,0.06872852233676975,0.06185567010309278,0.10796915167095116,0.11564625850340136,1
1,1,2,0.1958762886597938,0.1530612244897959,0.7777777777777777,0.9700000000000002,0.13402061855670103,0.1134020618556701,0.19023136246786634,0.19727891156462588,1
1,2,1,0.3814432989690722,0.21428571428571427,0.3333333333333333,0.8616666666666668,0.03092783505154639,0.12886597938144329,0.26735218508997427,0.14285714285714288,1
5,2,1,0.0,0.0,0.4444444444444445,0.6733333333333333,0.017182130584192438,0.005154639175257732,0.012853470437017997,0.01360544217687075,1
1,2,1,0.17525773195876287,0.10714285714285714,0.5555555555555556,0.7366666666666668,0.041237113402061855,0.10309278350515463,0.10539845758354756,0.0816326530612245,1
0,2,1,0.30927835051546393,0.288265306122449,0.1111111111111111,0.15500000000000003,0.16151202749140894,0.015463917525773195,0.19794344473007713,0.2108843537414966,1
0,2,2,0.09278350515463918,0.10204081632653061,0.8888888888888888,0.8800000000000001,0.024054982817869414,0.041237113402061855,0.06683804627249357,0.06122448979591837,1
5,1,1,0.8041237113402061,0.5408163265306122,0.5555555555555556,0.7983333333333333,0.08934707903780069,0.7783505154639175,0.7583547557840618,0.7074829931972789,1
4,1,1,0.6082474226804123,0.5459183673469387,0.2222222222222222,0.9333333333333333,0.4776632302405498,0.04639175257731959,0.35475578406169667,0.380952380952381,1
5,1,2,0.30927835051546393,0.2627551020408163,0.0,0.22000000000000008,0.2233676975945017,0.19072164948453607,0.2802056555269923,0.25170068027210885,1
4,1,1,0.9072164948453607,0.7678571428571428,1.0,0.3866666666666667,0.7216494845360825,0.38144329896907214,0.776349614395887,0.8911564625850341,2
0,2,1,0.10309278350515463,0.07397959183673469,0.0,0.6300000000000001,0.05154639175257732,0.05154639175257732,0.07969151670951156,0.06122448979591837,1
3,1,2,0.7938144329896907,0.6811224489795917,0.2222222222222222,0.5016666666666667,0.6082474226804123,0.4020618556701031,0.7017994858611826,0.7823129251700681,1
3,1,1,0.7731958762886597,0.5816326530612245,0.3333333333333333,0.8450000000000002,0.09965635738831614,0.5051546391752577,0.5167095115681235,0.4761904761904762,1
2,2,2,0.4329896907216495,0.413265306122449,0.7777777777777777,0.9650000000000001,0.26804123711340205,0.3865979381443299,0.2570694087403599,0.3673469387755102,1
1,2,2,0.29896907216494845,0.2780612244897959,0.8888888888888888,0.6083333333333334,0.06872852233676975,0.27835051546391754,0.30077120822622105,0.17006802721088438,1
5,2,1,0.24742268041237112,0.22959183673469385,0.7777777777777777,0.6616666666666668,0.17525773195876287,0.06185567010309278,0.19023136246786634,0.25170068027210885,1
4,1,2,0.5463917525773195,0.5459183673469387,0.6666666666666665,0.9450000000000001,0.1718213058419244,0.44845360824742264,0.38303341902313626,0.2108843537414966,1
1,1,2,0.5670103092783505,0.3877551020408163,0.3333333333333333,0.40666666666666673,0.36082474226804123,0.44845360824742264,0.5295629820051414,0.4761904761904762,2
5,1,2,0.6082474226804123,0.520408163265306,1.0,0.30333333333333334,0.3230240549828179,0.10309278350515463,0.4267352185089974,0.40136054421768713,2
2,1,2,0.8247422680412371,0.5663265306122448,0.8888888888888888,0.9283333333333335,0.46048109965635736,0.7371134020618556,0.7223650385604113,0.5714285714285715,1
1,1,2,0.5979381443298969,0.5331632653061223,0.5555555555555556,0.41500000000000004,0.6151202749140894,0.422680412371134,0.4267352185089974,0.4217687074829932,2
1,1,1,0.8041237113402061,0.7729591836734693,0.4444444444444445,0.7000000000000002,0.8144329896907216,0.4381443298969072,0.6323907455012854,0.6598639455782314,1
4,2,2,0.18556701030927833,0.11479591836734694,0.3333333333333333,0.0033333333333334103,0.05154639175257732,0.041237113402061855,0.09511568123393316,0.17687074829931973,2
5,1,1,0.1134020618556701,0.0663265306122449,0.5555555555555556,0.615,0.013745704467353952,0.08762886597938144,0.09254498714652956,0.12244897959183675,1
1,1,2,0.7010309278350515,0.6836734693877551,0.2222222222222222,0.4850000000000001,0.23024054982817868,0.6288659793814433,0.544987146529563,0.33333333333333337,1
3,1,2,0.4020618556701031,0.3826530612244898,0.2222222222222222,0.2333333333333334,0.25773195876288657,0.26288659793814434,0.20308483290488433,0.1360544217687075,2
3,1,2,0.8041237113402061,0.6607142857142856,0.7777777777777777,0.9833333333333334,0.5429553264604811,0.22164948453608246,0.634961439588689,0.272108843537415,1
4,2,2,0.8144329896907216,0.7066326530612245,0.3333333333333333,0.605,0.3024054982817869,0.5824742268041236,0.660668380462725,0.3741496598639456,1
4,1,1,0.9587628865979381,0.568877551020408,0.6666666666666665,0.22166666666666668,0.3436426116838488,0.04639175257731959,0.5861182519280206,0.9115646258503403,2
0,1,2,0.9278350515463917,0.5663265306122448,0.4444444444444445,0.02833333333333332,0.4879725085910653,0.8969072164948453,0.724935732647815,0.7278911564625851,2
2,1,2,0.3814432989690722,0.3673469387755102,0.7777777777777777,0.10000000000000009,0.08934707903780069,0.010309278350515464,0.20565552699228792,0.19727891156462588,2
1,1,2,0.9175257731958762,0.6607142857142856,0.3333333333333333,0.7116666666666667,0.7147766323024055,0.36597938144329895,0.7069408740359898,0.6054421768707483,1
3,1,1,0.288659793814433,0.2040816326530612,0.1111111111111111,0.6416666666666668,0.09965635738831614,0.27835051546391754,0.2827763496143959,0.2585034013605442,1
4,1,2,0.18556701030927833,0.10204081632653061,0.3333333333333333,0.1216666666666667,0.06872852233676975,0.13917525773195877,0.19023136246786634,0.14965986394557823,2
5,1,2,0.6288659793814433,0.3647959183673469,0.3333333333333333,0.28166666666666673,0.4570446735395189,0.520618556701031,0.622107969151671,0.2585034013605442,2
3,2,1,0.4020618556701031,0.27040816326530615,0.3333333333333333,0.41333333333333344,0.3024054982817869,0.26804123711340205,0.33161953727506427,0.29251700680272114,2
0,2,2,0.9896907216494845,0.7423469387755102,1.0,0.53,0.041237113402061855,0.7525773195876289,0.8611825192802057,0.5646258503401361,1
2,1,2,0.5154639175257731,0.3852040816326531,0.3333333333333333,0.5966666666666667,0.041237113402061855,0.3865979381443299,0.3213367609254499,0.217687074829932,1
3,1,2,0.7628865979381443,0.7244897959183673,0.8888888888888888,0.8016666666666667,0.7319587628865979,0.6391752577319587,0.7532133676092546,0.54421768707483,1
3,2,2,0.9278350515463917,0.8979591836734693,0.0,0.6916666666666667,0.38144329896907214,0.6082474226804123,0.5012853470437019,0.7959183673469389,1
5,2,2,0.20618556701030927,0.19897959183673466,0.1111111111111111,0.18166666666666675,0.010309278350515464,0.0,0.11825192802056554,0.163265306122449,2
2,2,1,0.8350515463917525,0.5178571428571428,0.4444444444444445,0.3400000000000001,0.003436426116838488,0.04639175257731959,0.8457583547557841,0.45578231292517013,2
3,1,1,0.6082474226804123,0.5433673469387754,0.7777777777777777,0.21333333333333337,0.09965635738831614,0.31443298969072164,0.38046272493573263,0.489795918367347,2
2,1,2,0.44329896907216493,0.41581632653061223,1.0,0.6733333333333333,0.21993127147766323,0.21649484536082475,0.4267352185089974,0.163265306122449,1
3,2,2,0.6597938144329897,0.4719387755102041,0.5555555555555556,0.8900000000000001,0.6460481099656358,0.47938144329896903,0.3444730077120823,0.326530612244898,1
4,2,2,0.8969072164948453,0.8826530612244897,0.6666666666666665,0.6566666666666667,0.5292096219931272,0.14432989690721648,0.5218508997429306,0.6190476190476191,1
4,1,1,0.3814432989690722,0.33163265306122447,1.0,0.255,0.3367697594501718,0.02577319587628866,0.30848329048843187,0.3197278911564626,2
3,1,1,0.8969072164948453,0.895408163265306,0.6666666666666665,0.17333333333333334,0.7663230240549828,0.39690721649484534,0.6709511568123394,0.40136054421768713,2
5,2,2,0.6391752577319587,0.5612244897959183,0.5555555555555556,0.7933333333333334,0.017182130584192438,0.4690721649484536,0.6118251928020566,0.39455782312925175,1
1,2,1,0.9587628865979381,0.7244897959183673,0.7777777777777777,0.3766666666666667,0.845360824742268,0.25257731958762886,0.8097686375321338,0.44897959183673475,2
3,1,1,0.010309278350515462,0.017857142857142856,0.3333333333333333,0.5683333333333334,0.024054982817869414,0.010309278350515464,0.020565552699228794,0.01360544217687075,1
5,2,2,0.4020618556701031,0.30612244897959184,0.2222222222222222,0.4700000000000001,0.3745704467353952,0.31443298969072164,0.35475578406169667,0.2380952380952381,1
2,1,2,0.8144329896907216,0.5229591836734693,0.8888888888888888,0.7966666666666669,0.140893470790378,0.7989690721649484,0.42159383033419023,0.7210884353741497,1
4,1,2,0.9999999999999999,0.7168367346938774,0.4444444444444445,0.7716666666666667,0.8144329896907216,0.654639175257732,0.9125964010282777,0.39455782312925175,1
0,2,2,0.4742268041237113,0.4770408163265306,0.5555555555555556,0.5833333333333335,0.24054982817869416,0.05154639175257732,0.39331619537275064,0.326530612244898,1
0,1,1,0.27835051546391754,0.23979591836734693,0.0,0.8666666666666667,0.23024054982817868,0.08247422680412371,0.22622107969151672,0.2653061224489796,1
1,2,1,0.3402061855670103,0.336734693877551,0.5555555555555556,0.8733333333333335,0.28865979381443296,0.20103092783505155,0.29048843187660667,0.27891156462585037,1
1,2,1,0.4845360824742268,0.3137755102040816,0.1111111111111111,0.6966666666666668,0.4054982817869416,0.37628865979381443,0.29562982005141386,0.2585034013605442,1
2,2,1,0.5051546391752577,0.33163265306122447,0.6666666666666665,0.021666666666666723,0.2027491408934708,0.4072164948453608,0.455012853470437,0.2653061224489796,2
5,1,2,0.7319587628865979,0.6607142857142856,0.4444444444444445,0.7516666666666667,0.04810996563573883,0.6288659793814433,0.6786632390745502,0.7074829931972789,1
0,1,1,0.0,0.0,0.8888888888888888,0.3666666666666667,0.003436426116838488,0.015463917525773195,0.007712082262210798,0.006802721088435375,2
2,1,2,0.12371134020618556,0.11224489795918367,0.1111111111111111,0.09166666666666667,0.07216494845360824,0.03092783505154639,0.10539845758354756,0.09523809523809525,1
3,1,1,0.8762886597938143,0.8494897959183673,0.6666666666666665,0.023333333333333317,0.2646048109965636,0.5154639175257731,0.5501285347043703,0.4217687074829932,2
1,2,1,0.26804123711340205,0.14285714285714285,1.0,0.7133333333333334,0.034364261168384876,0.16494845360824742,0.2570694087403599,0.09523809523809525,1
3,1,1,0.9175257731958762,0.760204081632653,0.6666666666666665,0.44000000000000006,0.9140893470790378,0.37628865979381443,0.5758354755784062,0.5578231292517007,1
0,2,1,0.6804123711340205,0.3826530612244898,0.6666666666666665,0.665,0.6838487972508591,0.13402061855670103,0.3496143958868895,0.5646258503401361,1
0,2,1,0.49484536082474223,0.4260204081632653,0.2222222222222222,0.54,0.23024054982817868,0.31958762886597936,0.38817480719794345,0.40136054421768713,1
0,1,1,0.4329896907216495,0.42091836734693877,0.6666666666666665,0.8250000000000002,0.29896907216494845,0.44845360824742264,0.3161953727506427,0.23129251700680273,1
5,2,1,0.845360824742268,0.46683673469387754,1.0,0.6716666666666666,0.0859106529209622,0.36597938144329895,0.7326478149100257,0.6462585034013606,1
4,1,2,0.7835051546391752,0.4336734693877551,0.1111111111111111,0.15666666666666673,0.12371134020618556,0.6752577319587628,0.6169665809768639,0.489795918367347,2
4,1,1,0.4742268041237113,0.24489795918367344,0.6666666666666665,0.7983333333333333,0.17869415807560138,0.47938144329896903,0.4704370179948586,0.19727891156462588,1
1,1,2,0.30927835051546393,0.21683673469387754,0.1111111111111111,0.17500000000000004,0.034364261168384876,0.13402061855670103,0.26735218508997427,0.23129251700680273,2
5,1,1,0.21649484536082472,0.16326530612244897,0.7777777777777777,0.52,0.23024054982817868,0.17010309278350516,0.21850899742930593,0.1360544217687075,1
5,2,1,0.9278350515463917,0.7091836734693877,0.4444444444444445,0.2466666666666667,0.7663230240549828,0.17010309278350516,0.8457583547557841,0.7278911564625851,2
2,2,1,0.4639175257731959,0.34183673469387754,0.2222222222222222,0.3433333333333334,0.044673539518900345,0.4072164948453608,0.42159383033419023,0.2380952380952381,2
0,2,1,0.8041237113402061,0.7678571428571428,0.0,0.7933333333333334,0.570446735395189,0.07216494845360824,0.7403598971722366,0.5306122448979592,1
1,1,1,0.24742268041237112,0.211734693877551,0.2222222222222222,0.7166666666666668,0.027491408934707903,0.14948453608247422,0.14652956298200515,0.2108843537414966,1
3,2,2,0.0,0.012755102040816325,1.0,0.7166666666666668,0.0,0.015463917525773195,0.0025706940874035992,0.020408163265306124,1
5,1,2,0.7319587628865979,0.43112244897959184,0.0,0.07500000000000007,0.20962199312714777,0.4329896907216495,0.5886889460154242,0.33333333333333337,2
4,2,2,0.3195876288659794,0.29336734693877553,0.0,0.9116666666666668,0.26804123711340205,0.12371134020618556,0.3033419023136247,0.20408163265306123,1
4,2,2,0.8350515463917525,0.586734693877551,1.0,0.16333333333333333,0.6357388316151202,0.5927835051546392,0.4318766066838046,0.6734693877551021,2
5,2,1,0.4020618556701031,0.23724489795918366,0.0,0.011666666666666714,0.3024054982817869,0.4020618556701031,0.21079691516709514,0.2108843537414966,2
1,2,2,0.7319587628865979,0.596938775510204,0.7777777777777777,0.9200000000000002,0.3230240549828179,0.35051546391752575,0.5732647814910027,0.5782312925170069,1
1,2,2,0.9381443298969071,0.693877551020408,0.2222222222222222,0.10666666666666669,0.41924398625429554,0.711340206185567,0.6426735218508998,0.7346938775510204,2
2,1,1,0.422680412371134,0.38010204081632654,0.5555555555555556,0.42000000000000004,0.11683848797250859,0.10824742268041238,0.31876606683804626,0.326530612244898,1
3,2,2,0.24742268041237112,0.19897959183673466,0.0,0.20166666666666666,0.14432989690721648,0.15979381443298968,0.15167095115681237,0.17006802721088438,1
5,1,2,0.27835051546391754,0.2423469387755102,0.5555555555555556,0.4800000000000001,0.2027491408934708,0.11855670103092783,0.16709511568123395,0.19727891156462588,1
2,1,1,0.07216494845360825,0.0816326530612245,0.2222222222222222,0.7716666666666667,0.07903780068728522,0.015463917525773195,0.043701799485861184,0.04081632653061225,1
3,2,1,0.4845360824742268,0.4387755102040816,1.0,0.8716666666666668,0.4329896907216495,0.44845360824742264,0.35989717223650386,0.326530612244898,1
0,1,2,0.7731958762886597,0.6249999999999999,0.4444444444444445,0.5700000000000001,0.5773195876288659,0.5515463917525774,0.6966580976863754,0.30612244897959184,1
1,1,2,0.4639175257731959,0.42091836734693877,0.5555555555555556,0.5783333333333334,0.35738831615120276,0.42783505154639173,0.2647814910025707,0.23129251700680273,1
5,2,2,0.288659793814433,0.21938775510204078,1.0,0.9766666666666668,0.08934707903780069,0.05154639175257732,0.2647814910025707,0.1904761904761905,1
4,2,2,0.979381443298969,0.6607142857142856,0.1111111111111111,0.3633333333333334,0.9003436426116839,0.0,0.5706940874035991,0.9523809523809524,2
0,1,1,0.6907216494845361,0.6760204081632653,1.0,0.3583333333333334,0.3711340206185567,0.12886597938144329,0.42159383033419023,0.5646258503401361,2
2,2,1,0.3711340206185567,0.3086734693877551,0.3333333333333333,0.06666666666666665,0.06185567010309278,0.13402061855670103,0.24164524421593833,0.17687074829931973,2
3,2,1,0.04123711340206185,0.03571428571428571,0.6666666666666665,0.3683333333333334,0.0,0.05154639175257732,0.03598971722365039,0.04081632653061225,2
2,2,1,0.10309278350515463,0.0663265306122449,0.5555555555555556,0.050000000000000044,0.013745704467353952,0.08247422680412371,0.08997429305912596,0.04081632653061225,2
4,2,1,0.7835051546391752,0.6760204081632653,0.0,0.29000000000000004,0.3058419243986254,0.5773195876288659,0.4652956298200514,0.380952380952381,1
0,2,2,0.9072164948453607,0.8877551020408162,0.2222222222222222,0.9966666666666668,0.017182130584192438,0.8350515463917526,0.5244215938303343,0.6190476190476191,1
1,2,2,0.26804123711340205,0.22448979591836732,0.5555555555555556,0.22666666666666668,0.12371134020618556,0.02577319587628866,0.19280205655526994,0.2448979591836735,2
1,2,2,0.7835051546391752,0.5357142857142857,0.4444444444444445,0.043333333333333335,0.7835051546391752,0.5515463917525774,0.46786632390745503,0.30612244897959184,2
4,1,1,0.4639175257731959,0.2346938775510204,0.8888888888888888,0.9600000000000002,0.4054982817869416,0.3402061855670103,0.455012853470437,0.27891156462585037,1
2,1,2,0.4536082474226804,0.4387755102040816,1.0,0.4950000000000001,0.3917525773195876,0.31443298969072164,0.35475578406169667,0.27891156462585037,1
4,1,2,0.5051546391752577,0.4030612244897959,0.6666666666666665,0.22666666666666668,0.3917525773195876,0.13917525773195877,0.32904884318766064,0.45578231292517013,2
3,2,1,0.6082474226804123,0.5739795918367346,0.8888888888888888,0.5666666666666667,0.5773195876288659,0.37628865979381443,0.49614395886889456,0.40816326530612246,1
0,2,2,0.5979381443298969,0.5765306122448979,0.7777777777777777,0.0033333333333334103,0.41924398625429554,0.33505154639175255,0.4473007712082262,0.4829931972789116,2
2,2,2,0.845360824742268,0.5841836734693877,0.7777777777777777,0.29333333333333333,0.5223367697594502,0.27835051546391754,0.4730077120822622,0.5850340136054423,2
2,1,2,0.9381443298969071,0.5535714285714285,0.6666666666666665,0.15500000000000003,0.14776632302405499,0.1958762886597938,0.7223650385604113,0.9455782312925171,2
0,1,2,0.4123711340206186,0.25510204081632654,0.4444444444444445,0.3433333333333334,0.31958762886597936,0.23195876288659792,0.3110539845758355,0.40816326530612246,2
3,1,2,0.9690721649484535,0.9566326530612244,0.4444444444444445,0.19666666666666666,0.23024054982817868,0.28350515463917525,0.8894601542416454,0.7687074829931974,2
3,1,2,0.556701030927835,0.33418367346938777,0.2222222222222222,0.9416666666666667,0.5120274914089347,0.5,0.30848329048843187,0.40816326530612246,1
4,1,2,0.7835051546391752,0.721938775510204,0.0,0.6716666666666666,0.017182130584192438,0.6391752577319587,0.750642673521851,0.7142857142857143,1
2,1,1,0.44329896907216493,0.3137755102040816,0.0,0.44666666666666677,0.23711340206185566,0.20103092783505155,0.4498714652956298,0.19727891156462588,1
3,1,2,0.22680412371134018,0.14285714285714285,0.0,0.20833333333333337,0.037800687285223365,0.02577319587628866,0.18251928020565555,0.17006802721088438,2
0,2,2,0.3814432989690722,0.28061224489795916,0.5555555555555556,0.008333333333333415,0.1718213058419244,0.30412371134020616,0.21850899742930593,0.14285714285714288,2
5,1,1,0.9690721649484535,0.5178571428571428,0.2222222222222222,0.26,0.5945017182130584,0.5670103092783505,0.5501285347043703,0.7891156462585035,2
4,2,2,0.07216494845360825,0.05867346938775509,0.0,0.5033333333333334,0.020618556701030927,0.041237113402061855,0.07455012853470437,0.06802721088435375,1
3,1,1,0.09278350515463918,0.08928571428571429,1.0,0.8566666666666667,0.04810996563573883,0.07731958762886598,0.07455012853470437,0.07482993197278912,1
4,2,2,0.6391752577319587,0.6275510204081632,0.0,0.5666666666666667,0.3436426116838488,0.29381443298969073,0.4730077120822622,0.4285714285714286,1
2,1,2,0.4536082474226804,0.375,0.1111111111111111,0.8616666666666668,0.24742268041237112,0.12371134020618556,0.3264781491002571,0.44897959183673475,1
4,1,2,0.7628865979381443,0.7525510204081632,1.0,0.10166666666666668,0.4742268041237113,0.29896907216494845,0.3856041131105398,0.40136054421768713,2
5,2,2,0.6804123711340205,0.5051020408163265,0.6666666666666665,0.8983333333333334,0.06529209621993128,0.03092783505154639,0.39331619537275064,0.5102040816326531,1
5,1,2,0.7113402061855669,0.6811224489795917,1.0,0.4866666666666667,0.17525773195876287,0.49484536082474223,0.5115681233933163,0.5170068027210885,1
4,2,1,0.6701030927835051,0.6224489795918366,0.2222222222222222,0.33000000000000007,0.44329896907216493,0.03608247422680412,0.4755784061696658,0.5714285714285715,2
5,2,1,0.5773195876288659,0.3086734693877551,0.2222222222222222,0.9116666666666668,0.17525773195876287,0.46391752577319584,0.35475578406169667,0.5170068027210885,1
0,1,1,0.8659793814432989,0.7423469387755102,0.7777777777777777,0.5716666666666668,0.034364261168384876,0.7268041237113402,0.840616966580977,0.8367346938775511,1
0,1,1,0.3402061855670103,0.2627551020408163,0.1111111111111111,0.14833333333333343,0.2852233676975945,0.24742268041237112,0.22622107969151672,0.17006802721088438,1
2,1,1,0.4742268041237113,0.4387755102040816,1.0,0.135,0.013745704467353952,0.3556701030927835,0.33676092544987146,0.4761904761904762,2
5,1,1,0.6082474226804123,0.3596938775510204,0.7777777777777777,0.16666666666666674,0.3161512027491409,0.14432989690721648,0.6041131105398458,0.380952380952381,2
5,1,1,0.5154639175257731,0.3163265306122449,0.7777777777777777,0.6966666666666668,0.4020618556701031,0.005154639175257732,0.45758354755784064,0.489795918367347,1
5,2,1,0.4020618556701031,0.3086734693877551,0.3333333333333333,0.015000000000000013,0.281786941580756,0.05154639175257732,0.3264781491002571,0.22448979591836737,2
5,2,2,0.30927835051546393,0.18112244897959182,0.0,0.8966666666666667,0.07560137457044673,0.14948453608247422,0.2544987146529563,0.2448979591836735,1
3,2,1,0.7525773195876289,0.5433673469387754,0.6666666666666665,0.6300000000000001,0.3024054982817869,0.6237113402061856,0.5089974293059126,0.761904761904762,1
2,2,1,0.13402061855670103,0.10714285714285714,0.6666666666666665,0.8766666666666667,0.10996563573883161,0.08762886597938144,0.11053984575835475,0.108843537414966,1
4,1,1,0.10309278350515463,0.07142857142857142,0.7777777777777777,0.08000000000000007,0.041237113402061855,0.1134020618556701,0.08226221079691516,0.11564625850340136,2
1,1,1,0.845360824742268,0.49489795918367346,0.2222222222222222,0.29333333333333333,0.8487972508591065,0.8505154639175257,0.8097686375321338,0.8231292517006803,2
0,2,1,0.7938144329896907,0.6632653061224489,0.3333333333333333,0.6100000000000001,0.15807560137457044,0.4742268041237113,0.4652956298200514,0.8027210884353743,1
1,1,1,0.1958762886597938,0.10204081632653061,1.0,0.9933333333333334,0.003436426116838488,0.11855670103092783,0.18508997429305915,0.1564625850340136,1
2,1,2,0.23711340206185563,0.17091836734693877,1.0,0.41166666666666674,0.027491408934707903,0.06185567010309278,0.12596401028277637,0.1564625850340136,2
2,2,1,0.36082474226804123,0.3469387755102041,0.0,0.17500000000000004,0.2027491408934708,0.16494845360824742,0.22622107969151672,0.3741496598639456,1
5,1,2,0.09278350515463918,0.09438775510204081,0.7777777777777777,0.33000000000000007,0.013745704467353952,0.005154639175257732,0.05141388174807198,0.04761904761904762,2
5,1,2,0.6494845360824741,0.6249999999999999,0.3333333333333333,0.7983333333333333,0.24054982817869416,0.49484536082474223,0.3958868894601542,0.5986394557823129,1
0,2,1,0.8247422680412371,0.7959183673469387,0.3333333333333333,0.17166666666666675,0.3951890034364261,0.4536082474226804,0.480719794344473,0.41496598639455784,2
2,2,2,0.49484536082474223,0.3086734693877551,0.3333333333333333,0.6816666666666666,0.38831615120274915,0.35051546391752575,0.33419023136246784,0.28571428571428575,1
1,2,2,0.13402061855670103,0.14540816326530612,0.2222222222222222,0.3450000000000001,0.08934707903780069,0.13917525773195877,0.11568123393316196,0.1292517006802721,2
5,2,2,0.36082474226804123,0.22448979591836732,0.8888888888888888,0.1133333333333334,0.11683848797250859,0.12371134020618556,0.20822622107969152,0.22448979591836737,2
3,1,1,0.4020618556701031,0.3647959183673469,0.7777777777777777,0.7666666666666668,0.16151202749140894,0.3402061855670103,0.37532133676092544,0.20408163265306123,1
2,2,2,0.7216494845360825,0.42091836734693877,0.2222222222222222,0.8266666666666667,0.2268041237113402,0.31443298969072164,0.36246786632390743,0.6666666666666667,1
1,1,2,0.18556701030927833,0.11989795918367348,0.2222222222222222,0.9600000000000002,0.017182130584192438,0.14948453608247422,0.14138817480719795,0.10204081632653061,1
3,2,2,0.18556701030927833,0.11224489795918367,0.6666666666666665,0.6216666666666668,0.027491408934707903,0.17525773195876287,0.14395886889460155,0.10204081632653061,1
1,1,1,0.5051546391752577,0.2857142857142857,0.1111111111111111,0.7450000000000001,0.1718213058419244,0.4587628865979381,0.35475578406169667,0.4761904761904762,1
1,2,2,0.5979381443298969,0.3392857142857143,0.5555555555555556,0.4816666666666667,0.30927835051546393,0.015463917525773195,0.3161953727506427,0.4829931972789116,1
1,1,2,0.4845360824742268,0.45408163265306123,0.3333333333333333,0.13666666666666671,0.46735395189003437,0.020618556701030927,0.390745501285347,0.163265306122449,2
3,2,1,0.07216494845360825,0.0510204081632653,0.5555555555555556,1.0,0.044673539518900345,0.0,0.07712082262210797,0.07482993197278912,1
1,1,1,0.7525773195876289,0.6301020408163265,0.8888888888888888,0.5466666666666666,0.12027491408934708,0.1134020618556701,0.5501285347043703,0.3197278911564626,1
2,1,2,0.6391752577319587,0.6301020408163265,0.5555555555555556,0.6116666666666668,0.46391752577319584,0.28350515463917525,0.647814910025707,0.3673469387755102,1
2,1,1,0.8762886597938143,0.6658163265306122,0.0,0.7966666666666669,0.2920962199312715,0.12371134020618556,0.7326478149100257,0.7006802721088435,1
4,1,1,0.7319587628865979,0.43112244897959184,0.8888888888888888,0.885,0.6357388316151202,0.22164948453608246,0.5835475578406171,0.35374149659863946,1
5,1,2,0.7422680412371133,0.6836734693877551,0.1111111111111111,0.033333333333333326,0.6804123711340206,0.7525773195876289,0.6401028277634963,0.6394557823129252,1
2,1,2,0.2577319587628866,0.22959183673469385,0.7777777777777777,0.5933333333333335,0.2646048109965636,0.12886597938144329,0.15681233933161956,0.2448979591836735,1
3,1,2,0.32989690721649484,0.21938775510204078,0.2222222222222222,0.9933333333333334,0.14432989690721648,0.24742268041237112,0.2544987146529563,0.28571428571428575,1
3,2,1,0.1958762886597938,0.18112244897959182,0.1111111111111111,0.033333333333333326,0.1134020618556701,0.13917525773195877,0.15424164524421596,0.14965986394557823,1
2,2,2,0.29896907216494845,0.2602040816326531,0.4444444444444445,0.7516666666666667,0.18900343642611683,0.30412371134020616,0.22365038560411313,0.108843537414966,1
5,2,2,0.4639175257731959,0.4362244897959184,0.0,0.3716666666666667,0.3642611683848797,0.36082474226804123,0.27249357326478146,0.35374149659863946,1
5,1,2,0.29896907216494845,0.2602040816326531,0.2222222222222222,0.4733333333333334,0.2646048109965636,0.10824742268041238,0.27249357326478146,0.19727891156462588,1
2,2,2,0.5670103092783505,0.5127551020408163,0.0,0.55,0.10309278350515463,0.15979381443298968,0.5732647814910027,0.19727891156462588,1
3,1,1,0.21649484536082472,0.1964285714285714,0.6666666666666665,0.28666666666666674,0.15120274914089346,0.17010309278350516,0.19023136246786634,0.12244897959183675,2
0,2,1,0.6597938144329897,0.4642857142857143,0.7777777777777777,0.8366666666666667,0.5017182130584192,0.05670103092783505,0.5526992287917738,0.6598639455782314,1
2,1,1,0.2577319587628866,0.15561224489795916,0.8888888888888888,0.41166666666666674,0.1718213058419244,0.08762886597938144,0.22879177377892032,0.11564625850340136,2
1,2,1,0.061855670103092786,0.06377551020408163,0.7777777777777777,0.7100000000000002,0.06872852233676975,0.06701030927835051,0.07197943444730077,0.0816326530612245,1
1,1,2,0.6597938144329897,0.4642857142857143,0.3333333333333333,0.6866666666666668,0.07903780068728522,0.16494845360824742,0.6195372750642674,0.5170068027210885,1
3,1,2,0.3814432989690722,0.2653061224489796,0.2222222222222222,0.8166666666666667,0.3642611683848797,0.0979381443298969,0.31362467866323906,0.1836734693877551,1
5,2,2,0.0,0.007653061224489796,0.7777777777777777,0.16000000000000003,0.0,0.0,0.005141388174807198,0.01360544217687075,2
3,1,2,0.18556701030927833,0.09948979591836735,0.2222222222222222,0.885,0.044673539518900345,0.08762886597938144,0.16966580976863754,0.0816326530612245,1
2,1,1,0.9175257731958762,0.5255102040816326,1.0,0.5533333333333335,0.14432989690721648,0.020618556701030927,0.763496143958869,0.8979591836734695,1
3,1,2,0.4639175257731959,0.26785714285714285,0.3333333333333333,0.3783333333333334,0.4570446735395189,0.15979381443298968,0.34190231362467866,0.326530612244898,2
3,2,1,0.30927835051546393,0.2755102040816327,0.2222222222222222,0.6800000000000002,0.3058419243986254,0.29381443298969073,0.20051413881748073,0.10204081632653061,1
2,2,2,0.15463917525773194,0.09948979591836735,0.6666666666666665,0.8816666666666668,0.006872852233676976,0.08247422680412371,0.11053984575835475,0.108843537414966,1
1,2,2,0.24742268041237112,0.19897959183673466,0.5555555555555556,0.9233333333333333,0.15463917525773196,0.26288659793814434,0.15424164524421596,0.17006802721088438,1
3,2,1,0.2577319587628866,0.16326530612244897,0.6666666666666665,0.9983333333333335,0.08247422680412371,0.21649484536082475,0.14652956298200515,0.1360544217687075,1
0,2,1,0.3505154639175258,0.33418367346938777,0.2222222222222222,0.4816666666666667,0.12371134020618556,0.0,0.2802056555269923,0.272108843537415,1
4,1,1,0.7216494845360825,0.6556122448979591,0.2222222222222222,0.45166666666666677,0.16151202749140894,0.0,0.5732647814910027,0.28571428571428575,1
2,2,1,0.23711340206185563,0.15561224489795916,0.2222222222222222,0.6800000000000002,0.23711340206185566,0.010309278350515464,0.24678663239074553,0.2380952380952381,1
2,2,2,0.5463917525773195,0.4923469387755102,0.7777777777777777,0.046666666666666745,0.08247422680412371,0.24742268041237112,0.27249357326478146,0.25170068027210885,2
3,1,1,0.9278350515463917,0.846938775510204,0.3333333333333333,0.44000000000000006,0.7147766323024055,0.7835051546391752,0.7583547557840618,0.7755102040816327,1
3,2,2,0.9072164948453607,0.4770408163265306,0.3333333333333333,0.655,0.6288659793814433,0.23195876288659792,0.7532133676092546,0.489795918367347,1
4,2,1,0.5876288659793814,0.375,0.6666666666666665,0.5433333333333334,0.563573883161512,0.23711340206185566,0.44473007712082263,0.5578231292517007,1
4,1,2,0.556701030927835,0.3903061224489796,0.5555555555555556,0.28333333333333344,0.3402061855670103,0.5515463917525774,0.3676092544987147,0.4761904761904762,2
2,2,1,0.30927835051546393,0.3112244897959184,0.3333333333333333,0.915,0.013745704467353952,0.27319587628865977,0.2596401028277635,0.29931972789115646,1
5,2,2,0.9175257731958762,0.7015306122448979,0.7777777777777777,0.41166666666666674,0.7525773195876289,0.36082474226804123,0.8123393316195373,0.6394557823129252,2
0,2,1,0.4536082474226804,0.37755102040816324,0.0,0.19500000000000006,0.1924398625429553,0.20103092783505155,0.29562982005141386,0.44897959183673475,1
4,1,2,0.7319587628865979,0.37244897959183676,0.0,0.09666666666666668,0.46735395189003437,0.634020618556701,0.5167095115681235,0.49659863945578236,2
5,2,1,0.1134020618556701,0.07142857142857142,0.7777777777777777,0.8766666666666667,0.006872852233676976,0.08762886597938144,0.12339331619537276,0.09523809523809525,1
0,2,2,0.16494845360824742,0.09948979591836735,0.2222222222222222,0.8933333333333333,0.044673539518900345,0.0979381443298969,0.16709511568123395,0.1360544217687075,1
3,1,2,0.03092783505154639,0.03571428571428571,0.4444444444444445,0.3483333333333334,0.013745704467353952,0.015463917525773195,0.02827763496143959,0.020408163265306124,2
2,2,1,0.5670103092783505,0.5153061224489796,1.0,0.4683333333333334,0.5223367697594502,0.4020618556701031,0.2853470437017995,0.5782312925170069,1
4,1,2,0.010309278350515462,0.020408163265306124,0.1111111111111111,0.09833333333333338,0.003436426116838488,0.0,0.017994858611825194,0.01360544217687075,1
5,1,1,0.1958762886597938,0.173469387755102,0.4444444444444445,0.3616666666666667,0.041237113402061855,0.14948453608247422,0.13110539845758357,0.09523809523809525,2
1,2,1,0.5670103092783505,0.5051020408163265,0.6666666666666665,0.2366666666666667,0.4020618556701031,0.37628865979381443,0.4524421593830334,0.44217687074829937,2
1,2,1,0.09278350515463918,0.06122448979591836,0.7777777777777777,0.07666666666666666,0.06529209621993128,0.015463917525773195,0.048843187660668384,0.054421768707483,2
5,1,2,0.9381443298969071,0.8596938775510203,0.2222222222222222,0.7366666666666668,0.14432989690721648,0.03092783505154639,0.8354755784061697,0.5578231292517007,1
1,1,1,0.3402061855670103,0.19897959183673466,0.4444444444444445,0.5433333333333334,0.24398625429553264,0.28350515463917525,0.17737789203084833,0.19727891156462588,1
0,2,1,0.8247422680412371,0.7270408163265305,0.1111111111111111,0.5316666666666667,0.30927835051546393,0.05670103092783505,0.5835475578406171,0.4285714285714286,1
2,2,1,0.7525773195876289,0.4489795918367347,1.0,0.7233333333333334,0.3127147766323024,0.28350515463917525,0.5835475578406171,0.33333333333333337,1
1,1,1,0.7010309278350515,0.645408163265306,0.2222222222222222,0.20000000000000007,0.5189003436426116,0.5927835051546392,0.3856041131105398,0.5918367346938775,2
5,2,1,0.3814432989690722,0.2040816326530612,0.8888888888888888,0.5,0.13402061855670103,0.03092783505154639,0.2596401028277635,0.380952380952381,1
3,1,1,0.4639175257731959,0.32908163265306123,0.5555555555555556,0.2333333333333334,0.1374570446735395,0.17010309278350516,0.4190231362467866,0.29251700680272114,2
5,2,1,0.15463917525773194,0.12499999999999999,0.7777777777777777,0.8666666666666667,0.058419243986254296,0.06185567010309278,0.09511568123393316,0.06802721088435375,1
0,1,2,0.23711340206185563,0.1913265306122449,0.3333333333333333,0.2283333333333334,0.1993127147766323,0.0,0.14138817480719795,0.22448979591836737,2
1,2,1,0.020618556701030927,0.028061224489795915,0.5555555555555556,0.28,0.024054982817869414,0.0,0.030848329048843187,0.0272108843537415,2
0,2,1,0.22680412371134018,0.22448979591836732,0.3333333333333333,0.1133333333333334,0.07560137457044673,0.010309278350515464,0.13624678663239076,0.22448979591836737,2
4,1,2,0.5670103092783505,0.5510204081632653,0.0,0.9516666666666667,0.10996563573883161,0.08762886597938144,0.36246786632390743,0.41496598639455784,1
1,1,2,0.9896907216494845,0.9591836734693877,0.1111111111111111,0.8600000000000001,0.7491408934707904,0.6288659793814433,0.6632390745501286,0.5782312925170069,1
5,1,2,0.9072164948453607,0.8290816326530611,0.1111111111111111,0.7883333333333333,0.3642611683848797,0.211340206185567,0.4781491002570694,0.7823129251700681,1
3,2,2,0.061855670103092786,0.06887755102040817,0.6666666666666665,0.4600000000000001,0.041237113402061855,0.06701030927835051,0.059125964010282785,0.0272108843537415,1
1,1,2,0.14432989690721648,0.10714285714285714,0.6666666666666665,0.6216666666666668,0.06529209621993128,0.13917525773195877,0.08740359897172237,0.08843537414965986,1
0,1,1,0.9896907216494845,0.8622448979591836,1.0,0.7666666666666668,0.7388316151202748,0.4845360824742268,0.8508997429305913,0.9251700680272109,1
5,2,1,0.27835051546391754,0.18367346938775508,0.5555555555555556,0.6300000000000001,0.11683848797250859,0.15463917525773196,0.27249357326478146,0.25170068027210885,1
4,2,1,0.3814432989690722,0.29846938775510207,0.6666666666666665,0.9883333333333335,0.20618556701030927,0.2422680412371134,0.32390745501285345,0.35374149659863946,1
0,1,1,0.3195876288659794,0.22193877551020405,0.8888888888888888,0.7566666666666668,0.20962199312714777,0.20103092783505155,0.16966580976863754,0.3197278911564626,1
3,1,1,0.05154639175257732,0.04846938775510204,0.3333333333333333,0.5283333333333333,0.054982817869415807,0.020618556701030927,0.053984575835475584,0.06122448979591837,1
3,2,1,0.845360824742268,0.7448979591836734,1.0,0.6016666666666668,0.5017182130584192,0.17525773195876287,0.7352185089974294,0.7414965986394558,1
1,1,1,0.3917525773195876,0.3010204081632653,0.5555555555555556,0.09333333333333338,0.36082474226804123,0.12886597938144329,0.39331619537275064,0.34013605442176875,2
0,2,1,0.17525773195876287,0.1530612244897959,0.7777777777777777,0.8516666666666668,0.037800687285223365,0.005154639175257732,0.12339331619537276,0.1292517006802721,1
0,2,2,0.3814432989690722,0.3647959183673469,0.0,0.7166666666666668,0.3161512027491409,0.20618556701030927,0.3676092544987147,0.3673469387755102,1
5,2,2,0.7422680412371133,0.45153061224489793,0.0,0.8200000000000001,0.18213058419243985,0.4845360824742268,0.5038560411311055,0.36054421768707484,1
5,2,1,0.5876288659793814,0.4005102040816326,0.2222222222222222,0.8300000000000001,0.5463917525773195,0.25773195876288657,0.30848329048843187,0.2108843537414966,1
2,2,2,0.12371134020618556,0.0663265306122449,0.5555555555555556,0.31666666666666676,0.020618556701030927,0.08247422680412371,0.13367609254498716,0.08843537414965986,2
2,1,1,0.16494845360824742,0.13265306122448978,0.2222222222222222,0.2466666666666667,0.09965635738831614,0.015463917525773195,0.13624678663239076,0.08843537414965986,2
0,1,1,0.08247422680412371,0.07142857142857142,0.2222222222222222,0.3750000000000001,0.06529209621993128,0.08762886597938144,0.06426735218508997,0.09523809523809525,2
1,1,2,0.7422680412371133,0.48214285714285715,1.0,0.19166666666666676,0.07560137457044673,0.24742268041237112,0.7429305912596402,0.4761904761904762,2
5,1,2,0.2577319587628866,0.2627551020408163,0.7777777777777777,0.32666666666666677,0.027491408934707903,0.14948453608247422,0.24164524421593833,0.163265306122449,2
1,2,1,0.3505154639175258,0.32653061224489793,0.3333333333333333,0.405,0.09965635738831614,0.005154639175257732,0.24678663239074553,0.1836734693877551,2
5,1,2,0.7010309278350515,0.461734693877551,0.5555555555555556,0.3666666666666667,0.16151202749140894,0.61340206185567,0.42930591259640105,0.2585034013605442,2
4,2,1,0.49484536082474223,0.45153061224489793,0.6666666666666665,0.011666666666666714,0.18213058419243985,0.28865979381443296,0.3213367609254499,0.22448979591836737,2
2,1,2,0.16494845360824742,0.1377551020408163,0.6666666666666665,0.33666666666666667,0.04810996563573883,0.05670103092783505,0.10539845758354756,0.08843537414965986,2
2,1,1,0.4639175257731959,0.29846938775510207,0.2222222222222222,0.3416666666666667,0.11683848797250859,0.1958762886597938,0.455012853470437,0.1564625850340136,2
2,2,1,0.6701030927835051,0.5816326530612245,0.1111111111111111,0.00666666666666671,0.49484536082474223,0.36597938144329895,0.6169665809768639,0.6802721088435375,1
5,2,2,0.5773195876288659,0.4387755102040816,0.4444444444444445,0.6983333333333335,0.1993127147766323,0.0979381443298969,0.3110539845758355,0.2108843537414966,1
0,1,1,0.5876288659793814,0.5714285714285714,0.8888888888888888,0.925,0.46048109965635736,0.3247422680412371,0.36503856041131105,0.272108843537415,1
4,2,2,0.5979381443298969,0.39540816326530615,0.8888888888888888,0.4883333333333334,0.23367697594501718,0.24742268041237112,0.33161953727506427,0.435374149659864,1
1,2,1,0.05154639175257732,0.028061224489795915,0.4444444444444445,0.3716666666666667,0.024054982817869414,0.05670103092783505,0.03341902313624679,0.06122448979591837,2
0,2,1,0.36082474226804123,0.32653061224489793,0.6666666666666665,0.14166666666666672,0.3642611683848797,0.35051546391752575,0.22879177377892032,0.33333333333333337,2
0,1,1,0.7113402061855669,0.4846938775510204,0.2222222222222222,0.8050000000000002,0.13402061855670103,0.24742268041237112,0.5526992287917738,0.34013605442176875,1
5,1,1,0.09278350515463918,0.09183673469387756,0.0,0.3966666666666667,0.013745704467353952,0.06701030927835051,0.10282776349614396,0.108843537414966,1
3,2,1,0.9587628865979381,0.5051020408163265,0.0,0.3433333333333334,0.5773195876288659,0.041237113402061855,0.8329048843187662,0.7482993197278912,2
4,2,1,0.20618556701030927,0.211734693877551,0.0,0.2683333333333334,0.04810996563573883,0.15463917525773196,0.11311053984575835,0.14285714285714288,1
4,2,1,0.5463917525773195,0.5025510204081632,0.3333333333333333,0.6100000000000001,0.13058419243986255,0.2422680412371134,0.455012853470437,0.5374149659863946,1
3,2,1,0.4329896907216495,0.40816326530612246,1.0,0.43500000000000005,0.18900343642611683,0.41237113402061853,0.30077120822622105,0.272108843537415,1
5,2,2,0.49484536082474223,0.26785714285714285,0.4444444444444445,0.07500000000000007,0.422680412371134,0.25773195876288657,0.35475578406169667,0.4285714285714286,2
4,2,1,0.6082474226804123,0.3112244897959184,0.6666666666666665,0.9366666666666668,0.38831615120274915,0.07731958762886598,0.5552699228791774,0.46258503401360546,1
3,2,2,0.8144329896907216,0.5612244897959183,0.4444444444444445,0.6433333333333333,0.7010309278350515,0.44845360824742264,0.48586118251928023,0.4217687074829932,1
4,1,1,0.7010309278350515,0.4923469387755102,0.3333333333333333,0.6800000000000002,0.6048109965635738,0.13402061855670103,0.6169665809768639,0.30612244897959184,1
4,2,2,0.556701030927835,0.36989795918367346,1.0,0.5933333333333335,0.32989690721649484,0.4742268041237113,0.29048843187660667,0.44217687074829937,1
4,1,2,0.16494845360824742,0.17091836734693877,0.6666666666666665,0.7383333333333335,0.08934707903780069,0.05154639175257732,0.10796915167095116,0.10204081632653061,1
2,1,2,0.3505154639175258,0.3010204081632653,0.6666666666666665,0.18000000000000005,0.3470790378006873,0.21649484536082475,0.3264781491002571,0.3673469387755102,2
5,1,2,0.04123711340206185,0.025510204081632647,0.6666666666666665,0.18000000000000005,0.034364261168384876,0.015463917525773195,0.03341902313624679,0.06122448979591837,2
1,1,1,0.4845360824742268,0.413265306122449,0.5555555555555556,0.2316666666666667,0.25773195876288657,0.07216494845360824,0.2570694087403599,0.489795918367347,2
3,1,1,0.288659793814433,0.173469387755102,0.2222222222222222,0.19166666666666676,0.06872852233676975,0.29381443298969073,0.2365038560411311,0.17006802721088438,2
0,2,1,0.3711340206185567,0.2627551020408163,0.5555555555555556,0.31666666666666676,0.1134020618556701,0.33505154639175255,0.36246786632390743,0.2108843537414966,2
1,1,1,0.7628865979381443,0.7576530612244897,0.7777777777777777,0.9733333333333334,0.4570446735395189,0.18556701030927836,0.43444730077120824,0.7346938775510204,1
4,1,2,0.7835051546391752,0.6403061224489796,0.8888888888888888,0.20833333333333337,0.10309278350515463,0.7216494845360825,0.776349614395887,0.489795918367347,2
0,1,2,0.6804123711340205,0.5459183673469387,1.0,0.7166666666666668,0.6013745704467354,0.06701030927835051,0.4704370179948586,0.2448979591836735,1
4,1,1,0.5876288659793814,0.4336734693877551,1.0,0.595,0.05154639175257732,0.28865979381443296,0.3264781491002571,0.27891156462585037,1
2,2,2,0.4845360824742268,0.42091836734693877,0.4444444444444445,0.30000000000000004,0.07560137457044673,0.4587628865979381,0.3161953727506427,0.1836734693877551,2
3,2,1,0.09278350515463918,0.07142857142857142,0.7777777777777777,0.09333333333333338,0.044673539518900345,0.005154639175257732,0.06940874035989716,0.108843537414966,2
1,2,1,0.9896907216494845,0.9107142857142856,0.5555555555555556,0.5483333333333333,0.9621993127147767,0.211340206185567,0.7583547557840618,0.761904761904762,1
1,1,1,0.10309278350515463,0.11224489795918367,0.0,0.6116666666666668,0.037800687285223365,0.015463917525773195,0.10025706940874035,0.054421768707483,1
0,2,2,0.4639175257731959,0.2857142857142857,0.8888888888888888,0.43166666666666675,0.25773195876288657,0.0,0.4730077120822622,0.17687074829931973,1
4,1,2,0.6701030927835051,0.4005102040816326,0.1111111111111111,0.8183333333333334,0.0,0.6701030927835051,0.5244215938303343,0.35374149659863946,1
0,2,1,0.36082474226804123,0.28061224489795916,0.2222222222222222,0.3966666666666667,0.21305841924398625,0.020618556701030927,0.2596401028277635,0.3673469387755102,2
2,1,2,0.7422680412371133,0.4005102040816326,1.0,0.09666666666666668,0.5738831615120275,0.28350515463917525,0.6812339331619538,0.29251700680272114,2
2,2,2,0.3195876288659794,0.29081632653061223,0.6666666666666665,0.2316666666666667,0.1374570446735395,0.3247422680412371,0.20565552699228792,0.11564625850340136,2
2,1,1,0.4742268041237113,0.3826530612244898,0.5555555555555556,0.3383333333333334,0.1134020618556701,0.20618556701030927,0.30077120822622105,0.29251700680272114,2
4,1,1,0.4536082474226804,0.29591836734693877,0.2222222222222222,0.8500000000000001,0.3848797250859106,0.422680412371134,0.442159383033419,0.35374149659863946,1
1,1,1,0.8041237113402061,0.7729591836734693,0.6666666666666665,0.0033333333333334103,0.436426116838488,0.6752577319587628,0.6066838046272495,0.46258503401360546,2
0,2,2,0.4020618556701031,0.21683673469387754,0.8888888888888888,0.0,0.3745704467353952,0.32989690721649484,0.21336760925449874,0.2380952380952381,2
4,2,2,0.24742268041237112,0.17602040816326528,0.7777777777777777,0.52,0.044673539518900345,0.05154639175257732,0.14138817480719795,0.09523809523809525,1
3,2,2,0.1134020618556701,0.11989795918367348,0.2222222222222222,0.6433333333333333,0.09278350515463918,0.10309278350515463,0.09768637532133675,0.06122448979591837,1
0,1,1,0.21649484536082472,0.11734693877551021,0.5555555555555556,0.18166666666666675,0.1134020618556701,0.12371134020618556,0.11311053984575835,0.217687074829932,2
5,1,2,0.010309278350515462,0.01530612244897959,0.2222222222222222,0.32000000000000006,0.027491408934707903,0.015463917525773195,0.010282776349614397,0.0272108843537415,2
0,1,1,0.7010309278350515,0.5459183673469387,1.0,0.33000000000000007,0.2268041237113402,0.28350515463917525,0.37017994858611825,0.2653061224489796,2
3,2,1,0.4329896907216495,0.27040816326530615,0.8888888888888888,0.5183333333333333,0.29553264604810997,0.3247422680412371,0.21850899742930593,0.20408163265306123,1
5,2,1,0.5051546391752577,0.29336734693877553,0.2222222222222222,0.7933333333333334,0.2611683848797251,0.020618556701030927,0.2622107969151671,0.29931972789115646,1
1,2,2,0.5876288659793814,0.3239795918367347,0.2222222222222222,0.7983333333333333,0.3711340206185567,0.5979381443298969,0.32904884318766064,0.44897959183673475,1
3,1,1,0.7835051546391752,0.6862244897959183,0.7777777777777777,0.43333333333333335,0.12371134020618556,0.4175257731958763,0.5526992287917738,0.5850340136054423,1
4,1,1,0.20618556701030927,0.12244897959183675,0.2222222222222222,0.01333333333333342,0.10996563573883161,0.13402061855670103,0.16195372750642675,0.2108843537414966,2
4,2,2,0.5360824742268041,0.3137755102040816,0.8888888888888888,0.81,0.010309278350515464,0.12886597938144329,0.532133676092545,0.44897959183673475,1
1,2,2,0.7422680412371133,0.7346938775510203,0.3333333333333333,0.4950000000000001,0.415807560137457,0.24742268041237112,0.41131105398457585,0.4761904761904762,1
4,1,2,0.5773195876288659,0.29846938775510207,0.5555555555555556,0.8516666666666668,0.3230240549828179,0.4536082474226804,0.35732647814910024,0.2108843537414966,1
1,1,1,0.5773195876288659,0.3239795918367347,0.5555555555555556,0.9366666666666668,0.38831615120274915,0.4329896907216495,0.30077120822622105,0.2653061224489796,1
3,2,1,0.4742268041237113,0.35459183673469385,0.5555555555555556,0.11499999999999999,0.10996563573883161,0.010309278350515464,0.35218508997429304,0.20408163265306123,2
1,2,1,0.7422680412371133,0.6020408163265305,0.1111111111111111,0.645,0.7147766323024055,0.5618556701030928,0.6632390745501286,0.380952380952381,1
0,2,1,0.9690721649484535,0.4923469387755102,0.5555555555555556,0.33333333333333337,0.7388316151202748,0.03608247422680412,0.9588688946015425,0.7414965986394558,2
2,2,1,0.0,0.005102040816326529,0.2222222222222222,0.7433333333333334,0.013745704467353952,0.0,0.005141388174807198,0.0,1
4,2,2,0.05154639175257732,0.04591836734693877,0.6666666666666665,0.5316666666666667,0.06529209621993128,0.03608247422680412,0.053984575835475584,0.06802721088435375,1
2,2,2,0.7628865979381443,0.41836734693877553,1.0,0.6533333333333333,0.3402061855670103,0.49484536082474223,0.6375321336760926,0.5034013605442177,1
1,2,1,0.12371134020618556,0.07653061224489796,0.8888888888888888,0.03500000000000003,0.03092783505154639,0.07731958762886598,0.06940874035989716,0.04761904761904762,2
2,2,1,0.3711340206185567,0.375,0.6666666666666665,0.7166666666666668,0.3711340206185567,0.14948453608247422,0.26735218508997427,0.2448979591836735,1
3,2,2,0.2577319587628866,0.26785714285714285,0.2222222222222222,0.30000000000000004,0.15120274914089346,0.0,0.2570694087403599,0.2380952380952381,2
2,2,1,0.49484536082474223,0.2653061224489796,0.0,0.7550000000000001,0.4329896907216495,0.46391752577319584,0.2879177377892031,0.38775510204081637,1
4,1,1,0.9072164948453607,0.7295918367346939,0.2222222222222222,0.5616666666666668,0.38831615120274915,0.06185567010309278,0.840616966580977,0.326530612244898,1
3,1,2,0.36082474226804123,0.22193877551020405,0.2222222222222222,0.30500000000000005,0.31958762886597936,0.020618556701030927,0.24678663239074553,0.2448979591836735,2
4,2,1,0.010309278350515462,0.020408163265306124,0.1111111111111111,0.025000000000000022,0.024054982817869414,0.005154639175257732,0.015424164524421594,0.006802721088435375,1
4,1,2,0.16494845360824742,0.09693877551020408,0.3333333333333333,0.7950000000000002,0.07560137457044673,0.12886597938144329,0.08483290488431876,0.1292517006802721,1
2,1,2,0.7938144329896907,0.44387755102040816,0.1111111111111111,0.17000000000000004,0.718213058419244,0.6082474226804123,0.6503856041131106,0.5714285714285715,2
4,1,1,0.1958762886597938,0.18877551020408162,0.3333333333333333,0.32166666666666677,0.14776632302405499,0.020618556701030927,0.10539845758354756,0.08843537414965986,2
0,1,1,0.07216494845360825,0.07142857142857142,0.1111111111111111,0.09166666666666667,0.058419243986254296,0.005154639175257732,0.06940874035989716,0.034013605442176874,1
3,1,2,0.9999999999999999,0.5943877551020408,0.8888888888888888,0.42833333333333334,0.6288659793814433,0.44329896907216493,0.5835475578406171,0.6190476190476191,1
0,2,1,0.556701030927835,0.5025510204081632,1.0,0.51,0.24398625429553264,0.02577319587628866,0.506426735218509,0.5170068027210885,1
1,2,1,0.5979381443298969,0.30357142857142855,0.7777777777777777,0.7383333333333335,0.3024054982817869,0.13402061855670103,0.5218508997429306,0.19727891156462588,1
5,2,2,0.5670103092783505,0.461734693877551,0.1111111111111111,0.4650000000000001,0.43986254295532645,0.20618556701030927,0.43444730077120824,0.33333333333333337,1
0,1,1,0.9072164948453607,0.836734693877551,1.0,0.7233333333333334,0.09621993127147765,0.30412371134020616,0.6426735218508998,0.7006802721088435,1
0,1,2,0.7319587628865979,0.4030612244897959,0.0,0.31666666666666676,0.2611683848797251,0.07216494845360824,0.5526992287917738,0.7278911564625851,2
5,1,2,0.5257731958762886,0.5153061224489796,0.7777777777777777,0.8366666666666667,0.3848797250859106,0.36597938144329895,0.5347043701799487,0.27891156462585037,1
1,2,1,0.3402061855670103,0.18112244897959182,0.7777777777777777,0.9450000000000001,0.017182130584192438,0.3402061855670103,0.2365038560411311,0.14285714285714288,1
0,2,2,0.08247422680412371,0.04846938775510204,0.5555555555555556,0.0033333333333334103,0.07560137457044673,0.020618556701030927,0.08740359897172237,0.09523809523809525,2
0,2,2,0.5051546391752577,0.49999999999999994,0.5555555555555556,0.9450000000000001,0.06185567010309278,0.36597938144329895,0.46272493573264784,0.38775510204081637,1
0,1,1,0.27835051546391754,0.24489795918367344,0.3333333333333333,0.020000000000000018,0.06185567010309278,0.23195876288659792,0.2802056555269923,0.25170068027210885,2
3,2,2,0.7628865979381443,0.47959183673469385,0.6666666666666665,0.77,0.5085910652920962,0.7731958762886598,0.596401028277635,0.49659863945578236,1
5,2,1,0.5979381443298969,0.3673469387755102,0.8888888888888888,0.27,0.5292096219931272,0.5,0.34704370179948585,0.2380952380952381,2
1,1,2,0.6288659793814433,0.45663265306122447,0.8888888888888888,0.915,0.14776632302405499,0.29896907216494845,0.390745501285347,0.35374149659863946,1
3,2,2,0.17525773195876287,0.18112244897959182,0.8888888888888888,0.4866666666666667,0.07903780068728522,0.15463917525773196,0.14652956298200515,0.12244897959183675,1
4,1,2,0.04123711340206185,0.028061224489795915,0.1111111111111111,0.3450000000000001,0.006872852233676976,0.015463917525773195,0.03598971722365039,0.0272108843537415,2
2,2,1,0.4020618556701031,0.28316326530612246,0.6666666666666665,0.3416666666666667,0.27835051546391754,0.3865979381443299,0.2519280205655527,0.3741496598639456,2
0,2,1,0.061855670103092786,0.07397959183673469,0.3333333333333333,0.27833333333333343,0.03092783505154639,0.020618556701030927,0.07197943444730077,0.054421768707483,2
2,2,2,0.6597938144329897,0.5765306122448979,0.7777777777777777,0.405,0.0859106529209622,0.5670103092783505,0.6683804627249358,0.5782312925170069,2
4,1,1,0.010309278350515462,0.020408163265306124,0.5555555555555556,0.6233333333333333,0.020618556701030927,0.0,0.012853470437017997,0.01360544217687075,1
3,1,2,0.6082474226804123,0.336734693877551,0.0,0.6950000000000001,0.5395189003436426,0.21649484536082475,0.40616966580976865,0.23129251700680273,1
5,2,1,0.4742268041237113,0.4260204081632653,0.4444444444444445,0.6100000000000001,0.23367697594501718,0.27835051546391754,0.3110539845758355,0.19727891156462588,1
4,2,2,0.44329896907216493,0.4336734693877551,0.8888888888888888,0.8833333333333335,0.006872852233676976,0.21649484536082475,0.30077120822622105,0.17006802721088438,1
2,1,2,0.3711340206185567,0.23214285714285712,0.7777777777777777,0.13833333333333342,0.2852233676975945,0.02577319587628866,0.22879177377892032,0.1564625850340136,2
2,1,1,0.7010309278350515,0.4744897959183673,0.3333333333333333,0.4733333333333334,0.4467353951890034,0.7010309278350515,0.5218508997429306,0.34013605442176875,1
2,2,2,0.4329896907216495,0.35459183673469385,0.8888888888888888,0.8316666666666668,0.21649484536082475,0.4020618556701031,0.2699228791773779,0.163265306122449,1
5,1,2,0.5257731958762886,0.4872448979591837,0.2222222222222222,0.3500000000000001,0.5051546391752577,0.36082474226804123,0.34190231362467866,0.25170068027210885,2
0,2,1,0.24742268041237112,0.14285714285714285,0.2222222222222222,0.45333333333333337,0.1993127147766323,0.15979381443298968,0.17994858611825196,0.2585034013605442,1
3,2,2,0.3195876288659794,0.32653061224489793,0.0,0.42333333333333334,0.20618556701030927,0.12886597938144329,0.16452442159383035,0.2585034013605442,1
1,2,1,0.10309278350515463,0.11479591836734694,0.2222222222222222,0.07333333333333336,0.09965635738831614,0.08762886597938144,0.07455012853470437,0.08843537414965986,2
3,1,2,0.422680412371134,0.211734693877551,0.3333333333333333,0.9683333333333335,0.3127147766323024,0.26804123711340205,0.37789203084832906,0.3741496598639456,1
0,2,1,0.845360824742268,0.6862244897959183,0.4444444444444445,0.3566666666666667,0.0859106529209622,0.32989690721649484,0.5089974293059126,0.489795918367347,2
0,1,2,0.04123711340206185,0.038265306122448974,0.8888888888888888,0.8266666666666667,0.034364261168384876,0.03608247422680412,0.023136246786632394,0.034013605442176874,1
2,1,1,0.4639175257731959,0.40561224489795916,0.5555555555555556,0.8366666666666667,0.07903780068728522,0.27835051546391754,0.37275064267352187,0.45578231292517013,1
3,1,2,0.4123711340206186,0.3112244897959184,1.0,0.125,0.044673539518900345,0.26288659793814434,0.27249357326478146,0.163265306122449,2
2,1,2,0.422680412371134,0.3673469387755102,0.0,0.9516666666666667,0.140893470790378,0.37628865979381443,0.3496143958868895,0.29931972789115646,1
0,2,2,0.061855670103092786,0.0663265306122449,0.0,0.2316666666666667,0.003436426116838488,0.04639175257731959,0.06169665809768638,0.0816326530612245,1
0,2,1,0.9381443298969071,0.808673469387755,0.3333333333333333,0.2300000000000001,0.852233676975945,0.32989690721649484,0.8894601542416454,0.8435374149659864,2
5,2,2,0.6185567010309277,0.34183673469387754,0.0,0.28,0.1134020618556701,0.634020618556701,0.3496143958868895,0.3741496598639456,2
3,1,1,0.3402061855670103,0.2525510204081633,0.5555555555555556,0.5750000000000002,0.35738831615120276,0.29381443298969073,0.2493573264781491,0.163265306122449,1
2,1,1,0.3505154639175258,0.2270408163265306,0.8888888888888888,0.6666666666666667,0.15120274914089346,0.09278350515463918,0.26735218508997427,0.2380952380952381,1
5,1,1,0.9587628865979381,0.9285714285714285,0.7777777777777777,0.08000000000000007,0.12027491408934708,0.1134020618556701,0.8046272493573265,0.7755102040816327,2
5,1,1,0.04123711340206185,0.028061224489795915,0.4444444444444445,0.9616666666666667,0.04810996563573883,0.020618556701030927,0.043701799485861184,0.04761904761904762,1
0,2,1,0.3711340206185567,0.37244897959183676,0.2222222222222222,0.9983333333333335,0.26804123711340205,0.03092783505154639,0.3110539845758355,0.1904761904761905,1
3,1,1,0.12371134020618556,0.0816326530612245,0.5555555555555556,0.5166666666666668,0.041237113402061855,0.03092783505154639,0.08997429305912596,0.09523809523809525,1
1,2,2,0.6288659793814433,0.6020408163265305,0.1111111111111111,0.7366666666666668,0.05154639175257732,0.36597938144329895,0.5526992287917738,0.29251700680272114,1
1,2,1,0.26804123711340205,0.1607142857142857,0.8888888888888888,0.8350000000000002,0.1374570446735395,0.25257731958762886,0.17480719794344474,0.25170068027210885,1
4,1,1,0.5360824742268041,0.42857142857142855,0.0,0.3883333333333334,0.4742268041237113,0.26288659793814434,0.30591259640102825,0.3197278911564626,1
3,2,1,0.6288659793814433,0.6020408163265305,0.7777777777777777,0.5933333333333335,0.436426116838488,0.47938144329896903,0.38303341902313626,0.34693877551020413,1
3,1,1,0.3814432989690722,0.35714285714285715,0.8888888888888888,0.8083333333333333,0.3745704467353952,0.3917525773195876,0.3496143958868895,0.33333333333333337,1
2,1,1,0.4123711340206186,0.39285714285714285,0.0,0.053333333333333344,0.24054982817869416,0.03608247422680412,0.33419023136246784,0.20408163265306123,1
0,1,2,0.29896907216494845,0.19897959183673466,0.8888888888888888,0.78,0.013745704467353952,0.08247422680412371,0.29048843187660667,0.163265306122449,1
1,1,2,0.32989690721649484,0.211734693877551,0.2222222222222222,0.5666666666666667,0.2646048109965636,0.05154639175257732,0.19280205655526994,0.29931972789115646,1
4,2,2,0.13402061855670103,0.07142857142857142,0.2222222222222222,0.9750000000000001,0.003436426116838488,0.14432989690721648,0.08997429305912596,0.1292517006802721,1
3,2,1,0.07216494845360825,0.0433673469387755,0.8888888888888888,0.7866666666666668,0.07903780068728522,0.03608247422680412,0.08226221079691516,0.054421768707483,1
4,1,1,0.7835051546391752,0.645408163265306,0.1111111111111111,0.6083333333333334,0.034364261168384876,0.11855670103092783,0.6940874035989718,0.5578231292517007,1
1,2,1,0.3402061855670103,0.2602040816326531,1.0,0.2566666666666667,0.2852233676975945,0.20618556701030927,0.18766066838046275,0.14285714285714288,2
1,2,2,0.845360824742268,0.8214285714285714,0.6666666666666665,0.6633333333333333,0.7079037800687284,0.30412371134020616,0.4370179948586118,0.8299319727891157,1
4,2,1,0.6391752577319587,0.5357142857142857,1.0,0.053333333333333344,0.12371134020618556,0.4690721649484536,0.4087403598971722,0.54421768707483,2
1,2,2,0.9690721649484535,0.7142857142857142,0.2222222222222222,0.3933333333333334,0.6426116838487972,0.47938144329896903,0.6940874035989718,0.40816326530612246,2
5,2,1,0.1958762886597938,0.15816326530612243,0.4444444444444445,0.8266666666666667,0.08247422680412371,0.14432989690721648,0.17994858611825196,0.1836734693877551,1
2,2,1,0.5979381443298969,0.49999999999999994,0.3333333333333333,0.31000000000000005,0.415807560137457,0.4175257731958763,0.5089974293059126,0.44897959183673475,2
0,2,1,0.8350515463917525,0.42091836734693877,0.8888888888888888,0.20333333333333337,0.274914089347079,0.5463917525773195,0.5912596401028278,0.7755102040816327,2
1,2,1,0.5257731958762886,0.4642857142857143,0.2222222222222222,0.3350000000000001,0.23024054982817868,0.44329896907216493,0.4190231362467866,0.29251700680272114,2
1,2,1,0.979381443298969,0.5918367346938774,0.1111111111111111,0.6100000000000001,0.5189003436426116,0.4845360824742268,0.5912596401028278,0.54421768707483,1
3,2,1,0.8247422680412371,0.413265306122449,0.8888888888888888,0.1183333333333334,0.6529209621993127,0.06185567010309278,0.46786632390745503,0.5578231292517007,2
5,1,2,0.32989690721649484,0.1683673469387755,0.6666666666666665,0.020000000000000018,0.06185567010309278,0.020618556701030927,0.2570694087403599,0.2585034013605442,2
5,1,2,0.26804123711340205,0.2729591836734694,0.5555555555555556,0.7550000000000001,0.13402061855670103,0.23711340206185566,0.26735218508997427,0.163265306122449,1
0,2,1,0.22680412371134018,0.12499999999999999,0.7777777777777777,0.7333333333333334,0.21649484536082475,0.05154639175257732,0.18508997429305915,0.19727891156462588,1
1,1,2,0.8247422680412371,0.6045918367346939,0.1111111111111111,0.10999999999999999,0.3745704467353952,0.7835051546391752,0.6401028277634963,0.7074829931972789,2
4,2,2,0.4123711340206186,0.2755102040816327,0.3333333333333333,0.3766666666666667,0.3986254295532646,0.010309278350515464,0.4241645244215938,0.33333333333333337,2
4,1,1,0.5463917525773195,0.36989795918367346,0.4444444444444445,0.09000000000000008,0.549828178694158,0.17525773195876287,0.5372750642673523,0.5238095238095238,2
5,2,1,0.27835051546391754,0.1530612244897959,0.2222222222222222,0.6983333333333335,0.27147766323024053,0.08247422680412371,0.19794344473007713,0.108843537414966,1
5,2,2,0.6288659793814433,0.5051020408163265,0.5555555555555556,0.79,0.5360824742268041,0.6082474226804123,0.4087403598971722,0.39455782312925175,1
5,2,1,0.979381443298969,0.7346938775510203,0.8888888888888888,0.72,0.16151202749140894,0.38144329896907214,0.9074550128534705,0.8435374149659864,1
1,2,2,0.6494845360824741,0.4005102040816326,0.2222222222222222,0.9366666666666668,0.06872852233676975,0.0,0.609254498714653,0.6598639455782314,1
5,2,2,0.4845360824742268,0.26785714285714285,0.8888888888888888,0.5216666666666667,0.23367697594501718,0.041237113402061855,0.36503856041131105,0.36054421768707484,1
5,1,1,0.6907216494845361,0.413265306122449,0.2222222222222222,0.245,0.140893470790378,0.020618556701030927,0.35475578406169667,0.44897959183673475,2
4,2,1,0.09278350515463918,0.06887755102040817,0.1111111111111111,0.7166666666666668,0.010309278350515464,0.03092783505154639,0.08483290488431876,0.07482993197278912,1
2,1,1,0.8247422680412371,0.5943877551020408,0.2222222222222222,0.32500000000000007,0.7903780068728522,0.5463917525773195,0.6915167095115682,0.41496598639455784,2
5,2,1,0.6701030927835051,0.5943877551020408,0.6666666666666665,0.9233333333333333,0.10309278350515463,0.17010309278350516,0.4910025706940874,0.5102040816326531,1
3,1,1,0.7422680412371133,0.38010204081632654,0.4444444444444445,0.41333333333333344,0.5738831615120275,0.6597938144329897,0.4884318766066838,0.326530612244898,2
1,2,2,0.10309278350515463,0.06122448979591836,0.6666666666666665,0.7983333333333333,0.020618556701030927,0.1134020618556701,0.053984575835475584,0.04081632653061225,1
0,2,2,0.9587628865979381,0.6249999999999999,0.0,0.44000000000000006,0.5979381443298969,0.8247422680412371,0.49614395886889456,0.8163265306122449,1
5,2,1,0.3917525773195876,0.20153061224489793,0.0,0.45166666666666677,0.12027491408934708,0.39690721649484534,0.2365038560411311,0.29931972789115646,1
0,2,1,0.8659793814432989,0.8239795918367346,0.3333333333333333,0.7966666666666669,0.7388316151202748,0.7268041237113402,0.8560411311053985,0.7482993197278912,1
4,1,1,0.9175257731958762,0.7168367346938774,0.5555555555555556,0.8466666666666667,0.8865979381443299,0.6082474226804123,0.4884318766066838,0.6598639455782314,1
0,2,1,0.7113402061855669,0.46683673469387754,1.0,0.7833333333333334,0.6597938144329897,0.6752577319587628,0.5861182519280206,0.34693877551020413,1
0,2,2,0.9072164948453607,0.7168367346938774,0.1111111111111111,0.52,0.0,0.3711340206185567,0.6838046272493574,0.8979591836734695,1
3,1,1,0.12371134020618556,0.06122448979591836,0.6666666666666665,0.865,0.041237113402061855,0.07731958762886598,0.09511568123393316,0.08843537414965986,1
1,1,2,0.8865979381443299,0.5076530612244897,0.2222222222222222,0.5450000000000002,0.831615120274914,0.8298969072164948,0.44473007712082263,0.8095238095238095,1
3,2,1,0.5360824742268041,0.3673469387755102,0.1111111111111111,0.09833333333333338,0.422680412371134,0.5103092783505154,0.38046272493573263,0.41496598639455784,2
1,1,2,0.6082474226804123,0.47959183673469385,0.2222222222222222,0.06833333333333336,0.1958762886597938,0.30412371134020616,0.3110539845758355,0.4285714285714286,2
1,1,2,0.08247422680412371,0.08418367346938775,0.1111111111111111,0.45000000000000007,0.034364261168384876,0.06701030927835051,0.08740359897172237,0.06802721088435375,1
3,1,1,0.7731958762886597,0.45408163265306123,1.0,0.7266666666666668,0.26804123711340205,0.7474226804123711,0.7403598971722366,0.6802721088435375,1
1,1,1,0.6082474226804123,0.32142857142857145,0.0,0.0033333333333334103,0.3058419243986254,0.3865979381443299,0.39331619537275064,0.489795918367347,2
2,2,1,0.7731958762886597,0.5280612244897959,0.5555555555555556,0.20000000000000007,0.5532646048109966,0.22164948453608246,0.6966580976863754,0.7142857142857143,2
4,1,1,0.4639175257731959,0.29846938775510207,0.0,0.19333333333333336,0.1993127147766323,0.422680412371134,0.3264781491002571,0.46258503401360546,2
2,1,1,0.9175257731958762,0.8801020408163265,1.0,0.8933333333333333,0.7319587628865979,0.5618556701030928,0.7789203084832905,0.6734693877551021,1
0,1,1,0.5773195876288659,0.3163265306122449,0.5555555555555556,0.38,0.28865979381443296,0.37628865979381443,0.49614395886889456,0.5170068027210885,2
4,2,2,0.8556701030927835,0.6275510204081632,0.0,0.17500000000000004,0.06529209621993128,0.020618556701030927,0.5501285347043703,0.7755102040816327,2
2,1,1,0.9999999999999999,0.8443877551020408,0.6666666666666665,0.8050000000000002,0.570446735395189,0.8298969072164948,0.532133676092545,0.6462585034013606,1
4,2,1,0.18556701030927833,0.09438775510204081,0.4444444444444445,0.56,0.07216494845360824,0.0,0.09511568123393316,0.11564625850340136,1
1,2,1,0.49484536082474223,0.42091836734693877,0.2222222222222222,0.685,0.21649484536082475,0.3917525773195876,0.40359897172236503,0.217687074829932,1
1,1,1,0.30927835051546393,0.29336734693877553,0.7777777777777777,0.9133333333333333,0.18900343642611683,0.16494845360824742,0.18508997429305915,0.1564625850340136,1
1,2,1,0.8041237113402061,0.7015306122448979,0.3333333333333333,0.8400000000000001,0.27147766323024053,0.08247422680412371,0.6889460154241646,0.8027210884353743,1
0,2,1,0.10309278350515463,0.06377551020408163,0.6666666666666665,0.9866666666666668,0.10996563573883161,0.005154639175257732,0.07712082262210797,0.11564625850340136,1
2,2,1,0.5773195876288659,0.5739795918367346,0.6666666666666665,0.6600000000000001,0.415807560137457,0.010309278350515464,0.5269922879177379,0.326530612244898,1
1,1,2,0.23711340206185563,0.18622448979591835,1.0,0.9800000000000002,0.2542955326460481,0.21649484536082475,0.15681233933161956,0.1292517006802721,1
1,2,1,0.04123711340206185,0.028061224489795915,0.4444444444444445,0.665,0.013745704467353952,0.02577319587628866,0.025706940874035994,0.054421768707483,1
5,1,2,0.4845360824742268,0.3239795918367347,0.4444444444444445,0.9416666666666667,0.4570446735395189,0.19072164948453607,0.37017994858611825,0.44217687074829937,1
2,1,1,0.9484536082474226,0.943877551020408,0.6666666666666665,0.13833333333333342,0.26804123711340205,0.8195876288659794,0.6889460154241646,0.5238095238095238,2
2,1,2,0.5257731958762886,0.4846938775510204,0.7777777777777777,0.1133333333333334,0.5051546391752577,0.020618556701030927,0.29048843187660667,0.25170068027210885,2
5,2,2,0.5051546391752577,0.39540816326530615,0.1111111111111111,0.5116666666666667,0.20618556701030927,0.39690721649484534,0.3161953727506427,0.4761904761904762,1
4,2,1,0.27835051546391754,0.21938775510204078,0.8888888888888888,0.8783333333333334,0.013745704467353952,0.17525773195876287,0.2802056555269923,0.108843537414966,1
1,1,2,0.9175257731958762,0.8596938775510203,0.5555555555555556,0.6200000000000001,0.29553264604810997,0.08247422680412371,0.8329048843187662,0.5986394557823129,1
3,2,1,0.8865979381443299,0.673469387755102,0.5555555555555556,0.6800000000000002,0.549828178694158,0.788659793814433,0.6838046272493574,0.653061224489796,1
4,2,2,0.24742268041237112,0.21683673469387754,0.4444444444444445,0.6366666666666667,0.15463917525773196,0.2422680412371134,0.2570694087403599,0.108843537414966,1
1,1,1,0.979381443298969,0.6428571428571428,0.8888888888888888,0.7350000000000001,0.7525773195876289,0.31958762886597936,0.8868894601542417,0.33333333333333337,1
5,2,1,0.04123711340206185,0.022959183673469385,0.3333333333333333,0.07166666666666666,0.003436426116838488,0.03608247422680412,0.03341902313624679,0.04081632653061225,2
0,1,1,0.4020618556701031,0.2755102040816327,0.7777777777777777,0.8083333333333333,0.23367697594501718,0.27319587628865977,0.21079691516709514,0.326530612244898,1
1,2,1,0.8041237113402061,0.7066326530612245,1.0,0.8833333333333335,0.7697594501718212,0.6494845360824743,0.6503856041131106,0.7210884353741497,1
2,1,2,0.8865979381443299,0.673469387755102,0.7777777777777777,0.6600000000000001,0.44329896907216493,0.788659793814433,0.5141388174807199,0.7414965986394558,1
1,1,2,0.0,0.0,0.5555555555555556,0.6616666666666668,0.020618556701030927,0.015463917525773195,0.010282776349614397,0.006802721088435375,1
0,1,1,0.3711340206185567,0.29081632653061223,0.0,0.08500000000000008,0.003436426116838488,0.34536082474226804,0.31362467866323906,0.2108843537414966,1
3,1,2,0.6804123711340205,0.548469387755102,0.4444444444444445,0.42666666666666675,0.563573883161512,0.47938144329896903,0.4832904884318766,0.3673469387755102,1
0,1,2,0.8659793814432989,0.8035714285714285,0.0,0.9916666666666667,0.7766323024054983,0.8195876288659794,0.49614395886889456,0.34693877551020413,1
2,1,1,0.26804123711340205,0.20663265306122447,0.4444444444444445,0.39,0.2852233676975945,0.24742268041237112,0.2647814910025707,0.10204081632653061,2
0,1,2,0.8041237113402061,0.7525510204081632,0.5555555555555556,0.7266666666666668,0.020618556701030927,0.8092783505154639,0.7840616966580978,0.5714285714285715,1
2,1,1,0.21649484536082472,0.13265306122448978,0.7777777777777777,0.5483333333333333,0.15807560137457044,0.14948453608247422,0.17223650385604114,0.1292517006802721,1
4,1,1,0.7628865979381443,0.40561224489795916,1.0,0.595,0.06529209621993128,0.47938144329896903,0.724935732647815,0.3741496598639456,1
2,1,2,0.27835051546391754,0.28061224489795916,0.5555555555555556,0.8983333333333334,0.024054982817869414,0.26288659793814434,0.20051413881748073,0.17687074829931973,1
4,2,2,0.7938144329896907,0.6479591836734693,0.8888888888888888,0.4816666666666667,0.14776632302405499,0.015463917525773195,0.6426735218508998,0.6666666666666667,1
2,2,2,0.17525773195876287,0.10714285714285714,0.2222222222222222,0.8416666666666668,0.07560137457044673,0.15979381443298968,0.11568123393316196,0.1564625850340136,1
3,2,1,0.4536082474226804,0.3392857142857143,1.0,0.7150000000000001,0.044673539518900345,0.4587628865979381,0.43444730077120824,0.40136054421768713,1
1,2,2,0.24742268041237112,0.18877551020408162,0.2222222222222222,0.16500000000000004,0.12714776632302405,0.22164948453608246,0.22107969151670953,0.2380952380952381,2
2,2,2,0.2577319587628866,0.16326530612244897,0.3333333333333333,0.18833333333333335,0.2611683848797251,0.041237113402061855,0.22879177377892032,0.1564625850340136,2
5,1,1,0.6288659793814433,0.32908163265306123,0.7777777777777777,0.03500000000000003,0.23024054982817868,0.20618556701030927,0.38303341902313626,0.4829931972789116,2
0,1,1,0.24742268041237112,0.18367346938775508,0.0,0.9216666666666669,0.14432989690721648,0.20103092783505155,0.23907455012853474,0.09523809523809525,1
4,2,1,0.7731958762886597,0.5892857142857142,0.2222222222222222,0.16666666666666674,0.13402061855670103,0.17525773195876287,0.5269922879177379,0.7278911564625851,2
0,1,1,0.7422680412371133,0.40816326530612246,0.7777777777777777,0.55,0.3848797250859106,0.6804123711340206,0.7223650385604113,0.36054421768707484,1
3,1,1,0.7319587628865979,0.5433673469387754,1.0,0.42833333333333334,0.06529209621993128,0.1958762886597938,0.6709511568123394,0.6326530612244898,1
1,1,2,0.27835051546391754,0.18622448979591835,0.0,0.09666666666666668,0.027491408934707903,0.03608247422680412,0.2519280205655527,0.14285714285714288,2
3,1,1,0.6597938144329897,0.4005102040816326,0.4444444444444445,0.3500000000000001,0.041237113402061855,0.24742268041237112,0.33419023136246784,0.4285714285714286,2
2,1,1,0.2577319587628866,0.23724489795918366,0.6666666666666665,0.42333333333333334,0.1993127147766323,0.010309278350515464,0.2544987146529563,0.1292517006802721,1
3,1,1,0.8350515463917525,0.6989795918367346,0.1111111111111111,0.4933333333333334,0.70446735395189,0.7938144329896907,0.5424164524421594,0.5034013605442177,1
0,1,2,0.4845360824742268,0.4642857142857143,0.3333333333333333,0.5983333333333334,0.3024054982817869,0.08762886597938144,0.37017994858611825,0.33333333333333337,1
4,1,1,0.7938144329896907,0.7755102040816326,0.4444444444444445,0.036666666666666736,0.3642611683848797,0.6804123711340206,0.7712082262210798,0.4285714285714286,2
5,1,1,0.8865979381443299,0.5357142857142857,0.6666666666666665,0.9200000000000002,0.274914089347079,0.32989690721649484,0.724935732647815,0.6734693877551021,1
5,2,2,0.3917525773195876,0.3520408163265306,0.8888888888888888,0.5883333333333334,0.1993127147766323,0.211340206185567,0.23393316195372751,0.3673469387755102,1
4,1,1,0.3814432989690722,0.2270408163265306,0.5555555555555556,0.7283333333333335,0.09621993127147765,0.11855670103092783,0.30848329048843187,0.35374149659863946,1
3,1,1,0.7731958762886597,0.4744897959183673,0.0,0.4716666666666667,0.31958762886597936,0.15463917525773196,0.42159383033419023,0.6326530612244898,1
1,1,1,0.3711340206185567,0.24744897959183673,0.7777777777777777,0.9550000000000001,0.17525773195876287,0.14432989690721648,0.2570694087403599,0.272108843537415,1
5,1,2,0.8041237113402061,0.6811224489795917,1.0,0.4916666666666667,0.15463917525773196,0.26804123711340205,0.6298200514138819,0.7074829931972789,1
5,1,1,0.32989690721649484,0.28061224489795916,1.0,0.9516666666666667,0.2233676975945017,0.20103092783505155,0.24164524421593833,0.163265306122449,1
5,1,1,0.5463917525773195,0.4719387755102041,0.5555555555555556,0.5050000000000001,0.1134020618556701,0.03608247422680412,0.532133676092545,0.34013605442176875,1
0,2,2,0.7731958762886597,0.7397959183673468,0.6666666666666665,0.8350000000000002,0.21305841924398625,0.6082474226804123,0.5938303341902315,0.3197278911564626,1
5,1,2,0.3917525773195876,0.23214285714285712,0.1111111111111111,0.7050000000000001,0.006872852233676976,0.0,0.3033419023136247,0.1360544217687075,1
5,2,1,0.5876288659793814,0.568877551020408,0.8888888888888888,0.55,0.07903780068728522,0.21649484536082475,0.41645244215938304,0.46258503401360546,1
0,2,1,0.24742268041237112,0.24489795918367344,1.0,0.1133333333333334,0.12371134020618556,0.07731958762886598,0.12596401028277637,0.1360544217687075,2
3,1,2,0.6597938144329897,0.5586734693877551,0.5555555555555556,0.7650000000000001,0.3058419243986254,0.1134020618556701,0.4730077120822622,0.5782312925170069,1
0,2,1,0.08247422680412371,0.06887755102040817,0.8888888888888888,0.13666666666666671,0.07560137457044673,0.03608247422680412,0.08226221079691516,0.06122448979591837,2
4,2,1,0.061855670103092786,0.06377551020408163,0.7777777777777777,0.5750000000000002,0.03092783505154639,0.07216494845360824,0.05141388174807198,0.04081632653061225,1
0,1,2,0.30927835051546393,0.1530612244897959,0.2222222222222222,0.9633333333333334,0.23024054982817868,0.26804123711340205,0.20051413881748073,0.2448979591836735,1
4,1,2,0.845360824742268,0.5892857142857142,0.5555555555555556,0.08333333333333337,0.6426116838487972,0.4690721649484536,0.699228791773779,0.45578231292517013,2
3,1,1,0.5773195876288659,0.4413265306122449,0.2222222222222222,0.7000000000000002,0.1683848797250859,0.21649484536082475,0.4755784061696658,0.44897959183673475,1
0,2,1,0.7319587628865979,0.7091836734693877,0.4444444444444445,0.6216666666666668,0.47079037800687284,0.06185567010309278,0.41131105398457585,0.6054421768707483,1
1,1,2,0.3814432989690722,0.1964285714285714,0.2222222222222222,0.2466666666666667,0.003436426116838488,0.0979381443298969,0.2442159383033419,0.272108843537415,2
2,2,1,0.4536082474226804,0.4005102040816326,0.1111111111111111,0.7000000000000002,0.0,0.20618556701030927,0.30848329048843187,0.28571428571428575,1
0,1,2,0.3505154639175258,0.30612244897959184,0.0,0.0,0.17869415807560138,0.15463917525773196,0.35989717223650386,0.3673469387755102,1
4,1,2,0.7525773195876289,0.7244897959183673,1.0,0.3666666666666667,0.15807560137457044,0.18041237113402062,0.38303341902313626,0.38775510204081637,2
1,1,2,0.5154639175257731,0.375,0.5555555555555556,0.8233333333333335,0.10996563573883161,0.3711340206185567,0.41645244215938304,0.34693877551020413,1
3,1,1,0.4329896907216495,0.24744897959183673,0.3333333333333333,0.9583333333333335,0.2027491408934708,0.26804123711340205,0.2930591259640103,0.27891156462585037,1
1,2,1,0.5051546391752577,0.32142857142857145,0.6666666666666665,0.3883333333333334,0.23024054982817868,0.34536082474226804,0.36246786632390743,0.2653061224489796,2
0,1,2,0.5979381443298969,0.5943877551020408,0.2222222222222222,0.7933333333333334,0.4742268041237113,0.13917525773195877,0.5938303341902315,0.5986394557823129,1
2,1,2,0.3711340206185567,0.28316326530612246,0.2222222222222222,0.6766666666666667,0.034364261168384876,0.20618556701030927,0.3033419023136247,0.1904761904761905,1
3,1,2,0.26804123711340205,0.27040816326530615,0.0,0.6833333333333333,0.020618556701030927,0.12371134020618556,0.13624678663239076,0.2448979591836735,1
5,1,1,0.6494845360824741,0.45918367346938777,0.1111111111111111,0.05500000000000005,0.27835051546391754,0.020618556701030927,0.5501285347043703,0.4761904761904762,2
2,2,1,0.14432989690721648,0.15561224489795916,0.1111111111111111,0.8116666666666668,0.034364261168384876,0.015463917525773195,0.13367609254498716,0.07482993197278912,1
4,1,2,0.5463917525773195,0.46683673469387754,0.5555555555555556,0.44833333333333336,0.46391752577319584,0.31958762886597936,0.4987146529562982,0.49659863945578236,1
0,1,1,0.9690721649484535,0.5051020408163265,0.7777777777777777,0.21166666666666667,0.24742268041237112,0.11855670103092783,0.8791773778920309,0.5034013605442177,2
0,1,2,0.7010309278350515,0.7015306122448979,0.7777777777777777,0.5666666666666667,0.3951890034364261,0.19072164948453607,0.40359897172236503,0.5578231292517007,1
2,2,2,0.3917525773195876,0.19897959183673466,0.7777777777777777,0.020000000000000018,0.12027491408934708,0.10824742268041238,0.38046272493573263,0.2108843537414966,2
1,2,1,0.8144329896907216,0.7806122448979591,0.5555555555555556,0.27333333333333343,0.46735395189003437,0.5051546391752577,0.4524421593830334,0.5102040816326531,2
2,2,1,0.6597938144329897,0.5739795918367346,0.3333333333333333,0.31666666666666676,0.20962199312714777,0.5154639175257731,0.455012853470437,0.435374149659864,2
5,1,2,0.4020618556701031,0.2525510204081633,0.5555555555555556,0.21833333333333338,0.21305841924398625,0.1134020618556701,0.3444730077120823,0.29251700680272114,2
1,1,2,0.6597938144329897,0.6249999999999999,0.1111111111111111,0.33333333333333337,0.29553264604810997,0.211340206185567,0.42159383033419023,0.41496598639455784,1
4,1,2,0.5051546391752577,0.30357142857142855,0.6666666666666665,0.3516666666666667,0.09278350515463918,0.30927835051546393,0.46272493573264784,0.23129251700680273,2
4,1,2,0.8247422680412371,0.635204081632653,0.8888888888888888,0.6516666666666668,0.1993127147766323,0.4587628865979381,0.724935732647815,0.7142857142857143,1
1,2,1,0.9587628865979381,0.6147959183673468,0.6666666666666665,0.6600000000000001,0.8762886597938144,0.34536082474226804,0.750642673521851,0.4285714285714286,1
0,2,1,0.7628865979381443,0.6964285714285714,0.0,0.2283333333333334,0.3436426116838488,0.5773195876288659,0.7017994858611826,0.46258503401360546,1
2,2,1,0.845360824742268,0.5229591836734693,0.5555555555555556,0.05833333333333335,0.23024054982817868,0.634020618556701,0.46786632390745503,0.6870748299319729,2
4,1,2,0.7628865979381443,0.6326530612244897,0.1111111111111111,0.6183333333333334,0.15807560137457044,0.6804123711340206,0.6966580976863754,0.29251700680272114,1
4,2,1,0.12371134020618556,0.08673469387755102,0.5555555555555556,0.5350000000000001,0.10652920962199312,0.04639175257731959,0.12339331619537276,0.12244897959183675,1
4,2,1,0.2577319587628866,0.16581632653061223,0.4444444444444445,0.2583333333333334,0.16151202749140894,0.13402061855670103,0.18251928020565555,0.1836734693877551,2
1,1,1,0.0,0.005102040816326529,0.4444444444444445,0.9266666666666667,0.017182130584192438,0.010309278350515464,0.005141388174807198,0.01360544217687075,1
3,1,2,0.04123711340206185,0.04591836734693877,0.7777777777777777,0.9866666666666668,0.024054982817869414,0.020618556701030927,0.053984575835475584,0.034013605442176874,1
4,1,2,0.5154639175257731,0.32142857142857145,0.7777777777777777,0.865,0.11683848797250859,0.211340206185567,0.4241645244215938,0.5102040816326531,1
0,2,1,0.5051546391752577,0.288265306122449,0.4444444444444445,0.01333333333333342,0.29896907216494845,0.06701030927835051,0.26735218508997427,0.4761904761904762,2
4,1,1,0.9278350515463917,0.46683673469387754,0.0,0.9816666666666667,0.9243986254295532,0.21649484536082475,0.8483290488431877,0.6598639455782314,1
5,2,2,0.6494845360824741,0.5841836734693877,0.8888888888888888,0.6883333333333335,0.23024054982817868,0.07216494845360824,0.33676092544987146,0.489795918367347,1
0,1,2,0.8556701030927835,0.5280612244897959,0.2222222222222222,0.6083333333333334,0.12371134020618556,0.49484536082474223,0.699228791773779,0.7687074829931974,1
4,2,2,0.18556701030927833,0.14540816326530612,0.5555555555555556,0.895,0.044673539518900345,0.0979381443298969,0.15424164524421596,0.1564625850340136,1
4,2,1,0.7525773195876289,0.45153061224489793,1.0,0.15833333333333333,0.006872852233676976,0.6597938144329897,0.596401028277635,0.6598639455782314,2
0,1,1,0.7525773195876289,0.7295918367346939,0.4444444444444445,0.5533333333333335,0.7457044673539519,0.5515463917525774,0.6272493573264782,0.6734693877551021,1
2,2,2,0.18556701030927833,0.10204081632653061,0.7777777777777777,0.32833333333333337,0.17525773195876287,0.010309278350515464,0.13881748071979436,0.1904761904761905,2
3,1,1,0.12371134020618556,0.06122448979591836,0.6666666666666665,0.6566666666666667,0.13058419243986255,0.010309278350515464,0.08483290488431876,0.11564625850340136,1
1,2,1,0.15463917525773194,0.13520408163265304,0.0,0.9700000000000002,0.10652920962199312,0.13402061855670103,0.16452442159383035,0.108843537414966,1
2,1,1,0.5257731958762886,0.37244897959183676,0.2222222222222222,0.3400000000000001,0.3642611683848797,0.10824742268041238,0.42930591259640105,0.217687074829932,2
4,2,2,0.8969072164948453,0.760204081632653,0.0,0.7450000000000001,0.7079037800687284,0.6649484536082474,0.5244215938303343,0.7006802721088435,1
3,1,2,0.979381443298969,0.8928571428571428,0.1111111111111111,0.27,0.3951890034364261,0.4896907216494845,0.8586118251928021,0.489795918367347,1
5,1,2,0.9072164948453607,0.6530612244897959,0.1111111111111111,0.3966666666666667,0.38144329896907214,0.5721649484536082,0.7969151670951158,0.5510204081632654,2
2,2,1,0.8556701030927835,0.7806122448979591,0.2222222222222222,0.6066666666666667,0.1958762886597938,0.5103092783505154,0.5012853470437019,0.5034013605442177,1
1,2,2,0.3402061855670103,0.27040816326530615,0.1111111111111111,0.3733333333333334,0.3024054982817869,0.31958762886597936,0.34190231362467866,0.1904761904761905,1
1,2,2,0.03092783505154639,0.028061224489795915,0.2222222222222222,0.27333333333333343,0.037800687285223365,0.0,0.04113110539845759,0.034013605442176874,2
3,1,2,0.8969072164948453,0.47959183673469385,0.2222222222222222,0.8450000000000002,0.07903780068728522,0.8505154639175257,0.7609254498714654,0.7074829931972789,1
2,2,1,0.7835051546391752,0.6862244897959183,0.8888888888888888,0.5366666666666666,0.20618556701030927,0.30927835051546393,0.6709511568123394,0.29251700680272114,1
5,2,1,0.9896907216494845,0.7015306122448979,0.2222222222222222,0.8783333333333334,0.08247422680412371,0.768041237113402,0.8354755784061697,0.6462585034013606,1
0,1,2,0.5154639175257731,0.4770408163265306,0.6666666666666665,0.645,0.40893470790378006,0.02577319587628866,0.4910025706940874,0.29931972789115646,1
4,1,2,0.7422680412371133,0.4872448979591837,0.7777777777777777,0.8916666666666668,0.563573883161512,0.7319587628865979,0.596401028277635,0.44217687074829937,1
3,1,1,0.10309278350515463,0.07653061224489796,0.2222222222222222,0.7866666666666668,0.024054982817869414,0.04639175257731959,0.06683804627249357,0.09523809523809525,1
1,2,1,0.08247422680412371,0.07397959183673469,0.0,0.6833333333333333,0.003436426116838488,0.010309278350515464,0.07712082262210797,0.06122448979591837,1
3,1,1,0.9587628865979381,0.8214285714285714,0.6666666666666665,0.4683333333333334,0.09621993127147765,0.7371134020618556,0.9177377892030849,0.3197278911564626,1
3,2,2,0.44329896907216493,0.29081632653061223,0.8888888888888888,0.7916666666666667,0.29896907216494845,0.14432989690721648,0.31876606683804626,0.30612244897959184,1
2,1,2,0.4845360824742268,0.4005102040816326,0.5555555555555556,0.6833333333333333,0.29896907216494845,0.36597938144329895,0.2493573264781491,0.38775510204081637,1
3,2,1,0.05154639175257732,0.05612244897959184,0.3333333333333333,0.03500000000000003,0.06529209621993128,0.06185567010309278,0.03598971722365039,0.0272108843537415,2
0,1,2,0.9484536082474226,0.7142857142857142,1.0,0.7683333333333333,0.7731958762886598,0.7628865979381443,0.7840616966580978,0.6870748299319729,1
3,2,1,0.8350515463917525,0.7933673469387754,0.2222222222222222,0.6233333333333333,0.034364261168384876,0.08247422680412371,0.43444730077120824,0.41496598639455784,2
4,1,1,0.556701030927835,0.3239795918367347,0.1111111111111111,0.9983333333333335,0.36082474226804123,0.4690721649484536,0.2853470437017995,0.435374149659864,1
5,2,1,0.4329896907216495,0.30612244897959184,0.3333333333333333,0.44500000000000006,0.08247422680412371,0.02577319587628866,0.32390745501285345,0.4285714285714286,1
3,1,2,0.1958762886597938,0.1301020408163265,0.3333333333333333,0.7850000000000001,0.17869415807560138,0.19072164948453607,0.15167095115681237,0.06802721088435375,1
1,2,1,0.4329896907216495,0.2627551020408163,0.1111111111111111,0.10000000000000009,0.2268041237113402,0.39690721649484534,0.38046272493573263,0.34013605442176875,2
0,2,2,0.6288659793814433,0.4923469387755102,0.2222222222222222,0.20833333333333337,0.5463917525773195,0.5360824742268041,0.33419023136246784,0.40136054421768713,2
4,1,2,0.9999999999999999,0.7576530612244897,0.8888888888888888,0.32666666666666677,0.35738831615120276,0.41237113402061853,0.7455012853470437,0.9387755102040817,2
3,2,2,0.05154639175257732,0.033163265306122444,1.0,0.675,0.020618556701030927,0.04639175257731959,0.05141388174807198,0.04761904761904762,1
4,2,2,0.3505154639175258,0.3086734693877551,0.6666666666666665,0.21166666666666667,0.35738831615120276,0.12371134020618556,0.22622107969151672,0.17687074829931973,2
1,2,1,0.556701030927835,0.5280612244897959,0.0,0.42000000000000004,0.10996563573883161,0.3247422680412371,0.5604113110539847,0.41496598639455784,1
3,2,1,0.08247422680412371,0.08673469387755102,0.3333333333333333,0.7083333333333335,0.10309278350515463,0.06701030927835051,0.09511568123393316,0.08843537414965986,1
5,1,1,0.6391752577319587,0.3903061224489796,0.3333333333333333,0.42166666666666675,0.4879725085910653,0.14948453608247422,0.5167095115681235,0.54421768707483,1
0,2,2,0.8969072164948453,0.47959183673469385,0.0,0.7083333333333335,0.2852233676975945,0.7731958762886598,0.480719794344473,0.5986394557823129,1
4,1,2,0.9999999999999999,0.6581632653061223,0.0,0.30166666666666675,0.49828178694158076,0.25773195876288657,0.5989717223650386,0.6326530612244898,2
2,1,1,0.3917525773195876,0.211734693877551,0.1111111111111111,0.9116666666666668,0.35051546391752575,0.13917525773195877,0.35989717223650386,0.163265306122449,1
0,2,1,0.7319587628865979,0.6479591836734693,0.4444444444444445,0.6100000000000001,0.48109965635738833,0.15979381443298968,0.737789203084833,0.40816326530612246,1
1,2,2,0.8144329896907216,0.6403061224489796,0.2222222222222222,0.29500000000000004,0.15463917525773196,0.6804123711340206,0.5886889460154242,0.29931972789115646,2
4,1,1,0.6804123711340205,0.5561224489795917,0.1111111111111111,0.2433333333333334,0.12714776632302405,0.23711340206185566,0.4781491002570694,0.6258503401360545,1
0,2,1,0.24742268041237112,0.20153061224489793,0.3333333333333333,0.55,0.20618556701030927,0.25257731958762886,0.18508997429305915,0.1360544217687075,1
5,2,1,0.010309278350515462,0.020408163265306124,1.0,0.5216666666666667,0.020618556701030927,0.020618556701030927,0.010282776349614397,0.01360544217687075,1
2,1,1,0.22680412371134018,0.18367346938775508,0.1111111111111111,0.9183333333333334,0.10652920962199312,0.03608247422680412,0.13624678663239076,0.163265306122449,1
0,2,2,0.5979381443298969,0.5178571428571428,0.5555555555555556,0.06500000000000006,0.11683848797250859,0.5515463917525774,0.43444730077120824,0.5578231292517007,2
4,1,1,0.3711340206185567,0.2755102040816327,0.7777777777777777,0.9283333333333335,0.38831615120274915,0.38144329896907214,0.2930591259640103,0.3197278911564626,1
0,1,1,0.7010309278350515,0.5561224489795917,0.6666666666666665,0.27833333333333343,0.3436426116838488,0.32989690721649484,0.6632390745501286,0.39455782312925175,2
0,1,1,0.5360824742268041,0.32142857142857145,0.7777777777777777,0.09166666666666667,0.3848797250859106,0.15979381443298968,0.4601542416452442,0.5034013605442177,2
1,2,2,0.6391752577319587,0.4107142857142857,0.2222222222222222,0.21333333333333337,0.4261168384879725,0.5618556701030928,0.6066838046272495,0.6054421768707483,2
5,2,1,0.7010309278350515,0.6045918367346939,0.6666666666666665,0.25,0.3539518900343642,0.29381443298969073,0.5347043701799487,0.3197278911564626,2
2,2,1,0.1958762886597938,0.1096938775510204,0.1111111111111111,0.08000000000000007,0.18556701030927836,0.0,0.18251928020565555,0.09523809523809525,2
4,2,1,0.4329896907216495,0.375,0.5555555555555556,0.265,0.1958762886597938,0.041237113402061855,0.2853470437017995,0.163265306122449,2
0,2,2,0.8041237113402061,0.7831632653061223,0.3333333333333333,0.9116666666666668,0.1683848797250859,0.4896907216494845,0.7532133676092546,0.38775510204081637,1
2,2,1,0.3814432989690722,0.2040816326530612,0.8888888888888888,0.3716666666666667,0.027491408934707903,0.015463917525773195,0.24678663239074553,0.1564625850340136,2
0,1,2,0.4639175257731959,0.38010204081632654,0.4444444444444445,0.81,0.38144329896907214,0.41237113402061853,0.23907455012853474,0.217687074829932,1
0,1,2,0.6804123711340205,0.5331632653061223,0.6666666666666665,0.0,0.0,0.44845360824742264,0.41645244215938304,0.6802721088435375,2
0,2,1,0.16494845360824742,0.15816326530612243,0.5555555555555556,0.7133333333333334,0.12027491408934708,0.0,0.14910025706940874,0.1292517006802721,1
3,2,1,0.8659793814432989,0.808673469387755,0.1111111111111111,0.32833333333333337,0.3917525773195876,0.17010309278350516,0.4704370179948586,0.33333333333333337,1
1,2,1,0.3505154639175258,0.34183673469387754,0.4444444444444445,0.41333333333333344,0.3402061855670103,0.12371134020618556,0.22107969151670953,0.27891156462585037,2
1,1,1,0.6804123711340205,0.5765306122448979,0.2222222222222222,0.4600000000000001,0.017182130584192438,0.5721649484536082,0.34704370179948585,0.380952380952381,1
3,1,1,0.09278350515463918,0.09693877551020408,1.0,0.9383333333333335,0.027491408934707903,0.05670103092783505,0.08740359897172237,0.04081632653061225,1
4,1,1,0.3917525773195876,0.20663265306122447,0.3333333333333333,0.6950000000000001,0.2542955326460481,0.25257731958762886,0.2982005141388175,0.272108843537415,1
1,1,2,0.23711340206185563,0.14285714285714285,0.5555555555555556,0.6133333333333335,0.2542955326460481,0.03092783505154639,0.15424164524421596,0.25170068027210885,1
2,1,2,0.5360824742268041,0.4362244897959184,0.4444444444444445,0.05833333333333335,0.2027491408934708,0.07216494845360824,0.45758354755784064,0.29251700680272114,2
5,2,2,0.6597938144329897,0.3392857142857143,0.1111111111111111,0.935,0.4020618556701031,0.4329896907216495,0.3676092544987147,0.3673469387755102,1
4,2,2,0.5979381443298969,0.37244897959183676,0.0,0.03500000000000003,0.23711340206185566,0.39690721649484534,0.455012853470437,0.44217687074829937,2
0,1,1,0.20618556701030927,0.2040816326530612,0.4444444444444445,0.4750000000000001,0.12371134020618556,0.08762886597938144,0.10282776349614396,0.1292517006802721,1
1,1,2,0.8865979381443299,0.4642857142857143,0.4444444444444445,0.6733333333333333,0.49484536082474223,0.16494845360824742,0.6760925449871465,0.7687074829931974,1
0,2,1,0.3917525773195876,0.25510204081632654,0.1111111111111111,0.865,0.38144329896907214,0.06185567010309278,0.38303341902313626,0.17687074829931973,1
4,2,1,0.3505154639175258,0.3086734693877551,0.8888888888888888,0.32333333333333336,0.18213058419243985,0.005154639175257732,0.2544987146529563,0.1292517006802721,2
5,1,1,0.8144329896907216,0.5663265306122448,0.0,0.8466666666666667,0.16494845360824742,0.31443298969072164,0.4267352185089974,0.40816326530612246,1
3,2,1,0.5154639175257731,0.2729591836734694,0.5555555555555556,0.8833333333333335,0.3058419243986254,0.26288659793814434,0.40359897172236503,0.5170068027210885,1
5,1,2,0.09278350515463918,0.06377551020408163,0.6666666666666665,0.28833333333333333,0.003436426116838488,0.02577319587628866,0.10025706940874035,0.04761904761904762,2
2,1,2,0.7525773195876289,0.7525510204081632,0.1111111111111111,0.15333333333333332,0.18900343642611683,0.1134020618556701,0.5269922879177379,0.272108843537415,1
5,2,2,0.7731958762886597,0.510204081632653,0.5555555555555556,0.8433333333333335,0.7319587628865979,0.6855670103092784,0.4781491002570694,0.653061224489796,1
0,2,2,0.5670103092783505,0.5382653061224489,0.3333333333333333,0.06666666666666665,0.10996563573883161,0.0979381443298969,0.43444730077120824,0.2585034013605442,2
3,1,1,0.49484536082474223,0.3469387755102041,0.3333333333333333,0.42500000000000004,0.422680412371134,0.34536082474226804,0.45758354755784064,0.326530612244898,1
5,2,2,0.03092783505154639,0.022959183673469385,0.7777777777777777,0.33166666666666667,0.020618556701030927,0.03092783505154639,0.030848329048843187,0.01360544217687075,2
3,1,2,0.8969072164948453,0.5357142857142857,0.4444444444444445,0.27833333333333343,0.6426116838487972,0.13402061855670103,0.8097686375321338,0.5986394557823129,2
1,2,2,0.15463917525773194,0.1607142857142857,0.1111111111111111,0.8283333333333334,0.09621993127147765,0.0979381443298969,0.14910025706940874,0.08843537414965986,1
4,2,1,0.03092783505154639,0.025510204081632647,0.8888888888888888,0.77,0.04810996563573883,0.0,0.03341902313624679,0.020408163265306124,1
3,2,1,0.9999999999999999,0.9234693877551019,0.7777777777777777,0.43666666666666676,0.5945017182130584,0.9536082474226804,0.5655526992287918,0.6666666666666667,1
1,1,2,0.845360824742268,0.548469387755102,0.0,0.32000000000000006,0.1374570446735395,0.5670103092783505,0.4601542416452442,0.44897959183673475,2
3,2,1,0.03092783505154639,0.03571428571428571,0.1111111111111111,0.8733333333333335,0.017182130584192438,0.03092783505154639,0.02827763496143959,0.0272108843537415,1
2,1,2,0.15463917525773194,0.1377551020408163,0.4444444444444445,0.5033333333333334,0.1683848797250859,0.13917525773195877,0.10796915167095116,0.12244897959183675,1
1,2,1,0.6494845360824741,0.45918367346938777,0.4444444444444445,0.7033333333333334,0.40893470790378006,0.44329896907216493,0.48586118251928023,0.30612244897959184,1
1,2,2,0.8969072164948453,0.7168367346938774,0.2222222222222222,0.6816666666666666,0.7422680412371134,0.28350515463917525,0.6658097686375322,0.5374149659863946,1
1,2,2,0.020618556701030927,0.028061224489795915,0.1111111111111111,0.0033333333333334103,0.006872852233676976,0.005154639175257732,0.030848329048843187,0.034013605442176874,1
3,2,2,0.5670103092783505,0.30612244897959184,0.2222222222222222,0.10666666666666669,0.27147766323024053,0.5670103092783505,0.506426735218509,0.3741496598639456,2
0,2,1,0.9690721649484535,0.5994897959183673,0.5555555555555556,0.14833333333333343,0.865979381443299,0.8144329896907216,0.686375321336761,0.5646258503401361,2
0,1,1,0.8556701030927835,0.5025510204081632,0.7777777777777777,0.81,0.4570446735395189,0.38144329896907214,0.4473007712082262,0.6054421768707483,1
0,1,2,0.3917525773195876,0.2857142857142857,0.3333333333333333,0.22333333333333338,0.15463917525773196,0.14432989690721648,0.20822622107969152,0.40136054421768713,2
2,2,1,0.6288659793814433,0.45408163265306123,0.2222222222222222,0.6183333333333334,0.27147766323024053,0.422680412371134,0.33161953727506427,0.3673469387755102,1
3,1,1,0.3917525773195876,0.3673469387755102,0.3333333333333333,0.1266666666666667,0.10309278350515463,0.31958762886597936,0.22107969151670953,0.28571428571428575,2
4,1,2,0.9484536082474226,0.8137755102040816,0.2222222222222222,0.9966666666666668,0.9484536082474226,0.6082474226804123,0.49357326478149105,0.5850340136054423,1
5,1,1,0.4020618556701031,0.3877551020408163,0.4444444444444445,0.8933333333333333,0.36082474226804123,0.05670103092783505,0.38303341902313626,0.2448979591836735,1
4,1,1,0.09278350515463918,0.10459183673469388,0.2222222222222222,0.3583333333333334,0.034364261168384876,0.03608247422680412,0.10282776349614396,0.10204081632653061,2
3,2,2,0.8762886597938143,0.6249999999999999,1.0,0.10000000000000009,0.8694158075601375,0.44845360824742264,0.7917737789203085,0.29251700680272114,2
4,1,1,0.4845360824742268,0.31887755102040816,0.0,0.6516666666666668,0.006872852233676976,0.25257731958762886,0.37017994858611825,0.4761904761904762,1
1,2,1,0.26804123711340205,0.22448979591836732,0.6666666666666665,0.3500000000000001,0.08247422680412371,0.21649484536082475,0.2596401028277635,0.20408163265306123,2
0,1,2,0.9690721649484535,0.5841836734693877,0.8888888888888888,0.14833333333333343,0.034364261168384876,0.9072164948453608,0.5629820051413882,0.5986394557823129,2
3,1,1,0.6907216494845361,0.4770408163265306,0.6666666666666665,0.08000000000000007,0.14432989690721648,0.19072164948453607,0.4910025706940874,0.33333333333333337,2
2,2,1,0.21649484536082472,0.19897959183673466,0.0,0.3400000000000001,0.06185567010309278,0.15979381443298968,0.11053984575835475,0.2108843537414966,1
2,2,2,0.6804123711340205,0.5357142857142857,1.0,0.5966666666666667,0.26804123711340205,0.36082474226804123,0.6580976863753214,0.653061224489796,1
1,2,1,0.20618556701030927,0.1301020408163265,0.7777777777777777,0.5683333333333334,0.2027491408934708,0.0,0.11568123393316196,0.0816326530612245,1
2,2,2,0.5876288659793814,0.4974489795918367,1.0,0.04500000000000004,0.26804123711340205,0.07731958762886598,0.4987146529562982,0.5782312925170069,2
1,1,1,0.7010309278350515,0.510204081632653,0.8888888888888888,0.7100000000000002,0.3986254295532646,0.6752577319587628,0.4318766066838046,0.6122448979591837,1
1,1,1,0.9690721649484535,0.8622448979591836,1.0,0.8800000000000001,0.8969072164948453,0.979381443298969,0.5269922879177379,0.8435374149659864,1
0,1,2,0.6494845360824741,0.3622448979591837,0.5555555555555556,0.7583333333333333,0.30927835051546393,0.61340206185567,0.5269922879177379,0.23129251700680273,1
2,2,1,0.3711340206185567,0.18622448979591835,1.0,0.8133333333333335,0.058419243986254296,0.26804123711340205,0.22879177377892032,0.380952380952381,1
2,1,2,0.9484536082474226,0.6326530612244897,1.0,0.8866666666666667,0.6666666666666666,0.10824742268041238,0.5655526992287918,0.40136054421768713,1
0,2,2,0.1958762886597938,0.20153061224489793,0.1111111111111111,0.42333333333333334,0.13402061855670103,0.1958762886597938,0.14395886889460155,0.11564625850340136,1
1,2,1,0.8556701030927835,0.6607142857142856,0.3333333333333333,0.8516666666666668,0.7835051546391752,0.32989690721649484,0.8277634961439589,0.8639455782312926,1
5,1,1,0.3711340206185567,0.29846938775510207,0.0,0.5816666666666668,0.21305841924398625,0.27319587628865977,0.2570694087403599,0.28571428571428575,1
1,2,1,0.32989690721649484,0.23979591836734693,1.0,0.8833333333333335,0.12027491408934708,0.32989690721649484,0.2570694087403599,0.326530612244898,1
1,1,1,0.556701030927835,0.29081632653061223,0.2222222222222222,0.6783333333333335,0.15463917525773196,0.041237113402061855,0.480719794344473,0.2653061224489796,1
0,1,1,0.8556701030927835,0.8520408163265305,0.4444444444444445,0.30500000000000005,0.6460481099656358,0.4587628865979381,0.737789203084833,0.8299319727891157,2
4,2,1,0.1958762886597938,0.13265306122448978,0.8888888888888888,0.08166666666666667,0.003436426116838488,0.0,0.16195372750642675,0.1360544217687075,2
4,1,2,0.020618556701030927,0.030612244897959183,0.1111111111111111,0.9100000000000001,0.010309278350515464,0.0,0.03341902313624679,0.04081632653061225,1
4,2,2,0.7938144329896907,0.7959183673469387,1.0,0.14333333333333342,0.49140893470790376,0.1958762886597938,0.6041131105398458,0.5102040816326531,2
5,2,2,0.6907216494845361,0.48214285714285715,0.5555555555555556,0.18000000000000005,0.3436426116838488,0.25773195876288657,0.6323907455012854,0.6122448979591837,2
0,2,1,0.16494845360824742,0.09183673469387756,0.0,0.7733333333333334,0.07560137457044673,0.03608247422680412,0.08226221079691516,0.0816326530612245,1
0,1,1,0.10309278350515463,0.07397959183673469,0.8888888888888888,0.28833333333333333,0.07216494845360824,0.03092783505154639,0.053984575835475584,0.0816326530612245,2
3,2,2,0.3505154639175258,0.2423469387755102,0.5555555555555556,0.5900000000000001,0.020618556701030927,0.06701030927835051,0.18508997429305915,0.14965986394557823,1
1,1,2,0.7216494845360825,0.5739795918367346,0.0,0.41833333333333345,0.5154639175257731,0.44845360824742264,0.5398457583547558,0.6462585034013606,1
5,1,2,0.9484536082474226,0.548469387755102,0.2222222222222222,0.9166666666666667,0.4570446735395189,0.6030927835051546,0.6298200514138819,0.46258503401360546,1
5,1,2,0.9072164948453607,0.6096938775510203,0.1111111111111111,0.5766666666666667,0.4261168384879725,0.28350515463917525,0.45758354755784064,0.8095238095238095,1
1,2,1,0.08247422680412371,0.04591836734693877,0.3333333333333333,0.8216666666666668,0.09965635738831614,0.06701030927835051,0.048843187660668384,0.09523809523809525,1
3,2,2,0.556701030927835,0.49999999999999994,0.7777777777777777,0.41833333333333345,0.48109965635738833,0.21649484536082475,0.40616966580976865,0.30612244897959184,1
1,1,2,0.07216494845360825,0.05867346938775509,0.1111111111111111,0.07666666666666666,0.013745704467353952,0.03608247422680412,0.06683804627249357,0.06122448979591837,2
5,2,1,0.9072164948453607,0.47959183673469385,0.6666666666666665,0.4,0.38831615120274915,0.041237113402061855,0.46272493573264784,0.33333333333333337,2
2,2,2,0.29896907216494845,0.22193877551020405,1.0,0.9866666666666668,0.1718213058419244,0.28865979381443296,0.17480719794344474,0.272108843537415,1
1,2,1,0.8041237113402061,0.520408163265306,0.2222222222222222,0.45000000000000007,0.034364261168384876,0.6030927835051546,0.5886889460154242,0.7687074829931974,1
4,2,1,0.3402061855670103,0.28061224489795916,0.7777777777777777,0.9566666666666668,0.04810996563573883,0.1958762886597938,0.2519280205655527,0.25170068027210885,1
4,1,2,0.3814432989690722,0.3137755102040816,0.3333333333333333,0.42166666666666675,0.281786941580756,0.12886597938144329,0.30848329048843187,0.30612244897959184,1
2,1,2,0.979381443298969,0.8724489795918366,0.4444444444444445,0.5816666666666668,0.3642611683848797,0.3917525773195876,0.6298200514138819,0.40136054421768713,1
4,1,2,0.44329896907216493,0.39540816326530615,0.6666666666666665,0.2316666666666667,0.3058419243986254,0.3556701030927835,0.38303341902313626,0.29931972789115646,2
5,2,2,0.6804123711340205,0.6249999999999999,0.3333333333333333,0.5350000000000001,0.4467353951890034,0.6958762886597938,0.5912596401028278,0.326530612244898,1
2,2,2,0.6288659793814433,0.46683673469387754,0.6666666666666665,0.9533333333333334,0.3402061855670103,0.61340206185567,0.40616966580976865,0.5102040816326531,1
2,1,2,0.4845360824742268,0.4642857142857143,0.3333333333333333,0.32000000000000006,0.44329896907216493,0.25773195876288657,0.2544987146529563,0.39455782312925175,2
0,1,2,0.4742268041237113,0.46683673469387754,0.2222222222222222,0.53,0.422680412371134,0.30412371134020616,0.4241645244215938,0.272108843537415,1
5,1,2,0.7525773195876289,0.39540816326530615,0.8888888888888888,0.2633333333333334,0.26804123711340205,0.33505154639175255,0.5681233933161954,0.5714285714285715,2
5,2,2,0.5154639175257731,0.3469387755102041,0.1111111111111111,0.20333333333333337,0.26804123711340205,0.23195876288659792,0.30077120822622105,0.4761904761904762,2
3,2,1,0.9484536082474226,0.7806122448979591,1.0,0.9550000000000001,0.7835051546391752,0.9123711340206185,0.4884318766066838,0.6122448979591837,1
5,2,2,0.30927835051546393,0.24744897959183673,0.6666666666666665,0.5166666666666668,0.09965635738831614,0.1958762886597938,0.21336760925449874,0.2380952380952381,1
1,2,1,0.3505154639175258,0.32908163265306123,1.0,0.41000000000000003,0.3058419243986254,0.18556701030927836,0.3496143958868895,0.19727891156462588,2
1,2,1,0.32989690721649484,0.17602040816326528,0.3333333333333333,0.7350000000000001,0.14776632302405499,0.3402061855670103,0.2879177377892031,0.2653061224489796,1
3,1,2,0.1958762886597938,0.20153061224489793,0.2222222222222222,0.7566666666666668,0.03092783505154639,0.14948453608247422,0.11825192802056554,0.06802721088435375,1
1,1,2,0.7216494845360825,0.37755102040816324,0.3333333333333333,0.1316666666666667,0.08934707903780069,0.42783505154639173,0.5501285347043703,0.5578231292517007,2
5,1,2,0.44329896907216493,0.423469387755102,0.8888888888888888,0.2583333333333334,0.09278350515463918,0.12886597938144329,0.26735218508997427,0.380952380952381,2
0,1,1,0.24742268041237112,0.22193877551020405,1.0,0.5250000000000001,0.23367697594501718,0.0,0.20822622107969152,0.23129251700680273,1
4,1,1,0.6391752577319587,0.5459183673469387,0.4444444444444445,0.14,0.5670103092783505,0.422680412371134,0.38046272493573263,0.38775510204081637,2
0,1,2,0.6391752577319587,0.6326530612244897,0.7777777777777777,0.5466666666666666,0.5532646048109966,0.14948453608247422,0.45758354755784064,0.435374149659864,1
3,1,2,0.29896907216494845,0.2780612244897959,0.7777777777777777,0.9416666666666667,0.12371134020618556,0.23711340206185566,0.16195372750642675,0.28571428571428575,1
2,1,2,0.16494845360824742,0.12755102040816324,0.0,0.6316666666666668,0.034364261168384876,0.07216494845360824,0.14138817480719795,0.06122448979591837,1
1,1,1,0.9381443298969071,0.4770408163265306,0.6666666666666665,0.6483333333333334,0.8247422680412371,0.5927835051546392,0.8946015424164525,0.6122448979591837,1
5,2,1,0.6494845360824741,0.34438775510204084,0.4444444444444445,0.56,0.4467353951890034,0.28350515463917525,0.4910025706940874,0.5510204081632654,1
1,2,2,0.29896907216494845,0.1607142857142857,1.0,0.895,0.1374570446735395,0.21649484536082475,0.30848329048843187,0.29251700680272114,1
3,2,2,0.21649484536082472,0.20918367346938774,0.5555555555555556,0.42833333333333334,0.12371134020618556,0.07216494845360824,0.15167095115681237,0.08843537414965986,1
2,1,2,0.03092783505154639,0.03571428571428571,0.4444444444444445,0.040000000000000036,0.010309278350515464,0.015463917525773195,0.038560411311053984,0.04761904761904762,2
0,2,1,0.36082474226804123,0.22959183673469385,0.6666666666666665,0.385,0.2852233676975945,0.05154639175257732,0.22107969151670953,0.1292517006802721,2
4,2,1,0.8659793814432989,0.5382653061224489,0.6666666666666665,0.29333333333333333,0.21305841924398625,0.13917525773195877,0.712082262210797,0.870748299319728,2
4,1,2,0.24742268041237112,0.20918367346938774,0.1111111111111111,0.7916666666666667,0.020618556701030927,0.1958762886597938,0.2596401028277635,0.17687074829931973,1
1,2,1,0.7113402061855669,0.45153061224489793,1.0,0.29500000000000004,0.2268041237113402,0.6804123711340206,0.4884318766066838,0.6326530612244898,2
4,2,1,0.7010309278350515,0.4974489795918367,0.7777777777777777,0.6366666666666667,0.31958762886597936,0.27319587628865977,0.36503856041131105,0.49659863945578236,1
5,2,2,0.8350515463917525,0.44387755102040816,0.5555555555555556,0.056666666666666754,0.6735395189003436,0.6804123711340206,0.5706940874035991,0.6666666666666667,2
3,1,1,0.6804123711340205,0.6020408163265305,0.5555555555555556,0.44166666666666676,0.6460481099656358,0.14432989690721648,0.4755784061696658,0.45578231292517013,1
1,2,1,0.9999999999999999,0.6479591836734693,0.0,0.06666666666666665,0.5360824742268041,0.9690721649484536,0.750642673521851,0.8027210884353743,2
2,1,2,0.5051546391752577,0.2729591836734694,0.6666666666666665,0.036666666666666736,0.27147766323024053,0.14948453608247422,0.26735218508997427,0.40136054421768713,2
4,1,1,0.3402061855670103,0.2653061224489796,0.3333333333333333,0.9716666666666667,0.006872852233676976,0.11855670103092783,0.20822622107969152,0.1360544217687075,1
3,1,1,0.422680412371134,0.31887755102040816,0.7777777777777777,0.07666666666666666,0.1134020618556701,0.05670103092783505,0.2982005141388175,0.2585034013605442,2
0,1,1,0.5257731958762886,0.5076530612244897,0.0,0.935,0.017182130584192438,0.041237113402061855,0.41645244215938304,0.4217687074829932,1
5,1,1,0.6391752577319587,0.5510204081632653,0.5555555555555556,0.665,0.5395189003436426,0.02577319587628866,0.43444730077120824,0.2585034013605442,1
0,1,2,0.9381443298969071,0.6862244897959183,0.3333333333333333,0.5483333333333333,0.15463917525773196,0.7371134020618556,0.6838046272493574,0.34013605442176875,1
3,1,2,0.09278350515463918,0.07142857142857142,0.6666666666666665,0.09833333333333338,0.05154639175257732,0.05154639175257732,0.09511568123393316,0.06802721088435375,2
2,2,2,0.7113402061855669,0.6811224489795917,0.4444444444444445,0.21666666666666667,0.711340206185567,0.42783505154639173,0.622107969151671,0.28571428571428575,2
4,2,2,0.09278350515463918,0.07653061224489796,0.8888888888888888,0.19500000000000006,0.04810996563573883,0.05154639175257732,0.10025706940874035,0.04761904761904762,2
2,1,2,0.17525773195876287,0.12499999999999999,0.2222222222222222,0.9933333333333334,0.14776632302405499,0.005154639175257732,0.15167095115681237,0.163265306122449,1
0,2,2,0.1134020618556701,0.09183673469387756,0.7777777777777777,0.6500000000000001,0.12371134020618556,0.08762886597938144,0.11311053984575835,0.054421768707483,1
5,1,2,0.7525773195876289,0.5739795918367346,0.7777777777777777,0.07833333333333337,0.5189003436426116,0.06185567010309278,0.40616966580976865,0.7278911564625851,2
4,2,2,0.22680412371134018,0.17091836734693877,0.1111111111111111,0.39833333333333343,0.07903780068728522,0.0,0.23907455012853474,0.19727891156462588,2
4,1,1,0.23711340206185563,0.1964285714285714,0.3333333333333333,0.27333333333333343,0.1374570446735395,0.15463917525773196,0.22365038560411313,0.20408163265306123,2
4,1,2,0.7525773195876289,0.40561224489795916,0.1111111111111111,0.01666666666666672,0.3711340206185567,0.7371134020618556,0.37532133676092544,0.39455782312925175,2
3,2,2,0.9381443298969071,0.9260204081632653,0.2222222222222222,0.21833333333333338,0.7560137457044673,0.7525773195876289,0.8380462724935733,0.5986394557823129,2
5,2,2,0.3195876288659794,0.24744897959183673,0.5555555555555556,0.31500000000000006,0.06872852233676975,0.02577319587628866,0.17737789203084833,0.1904761904761905,2
4,2,1,0.5670103092783505,0.3469387755102041,0.5555555555555556,0.7916666666666667,0.054982817869415807,0.15979381443298968,0.40102827763496146,0.4829931972789116,1
2,2,1,0.10309278350515463,0.10714285714285714,0.4444444444444445,0.42500000000000004,0.003436426116838488,0.05670103092783505,0.06169665809768638,0.09523809523809525,1
4,1,1,0.8247422680412371,0.7474489795918366,0.4444444444444445,0.2616666666666667,0.23024054982817868,0.34536082474226804,0.5424164524421594,0.7482993197278912,2
3,2,2,0.5463917525773195,0.3086734693877551,0.3333333333333333,0.4666666666666667,0.027491408934707903,0.04639175257731959,0.4884318766066838,0.49659863945578236,1
4,2,2,0.16494845360824742,0.17602040816326528,1.0,0.32666666666666677,0.10309278350515463,0.05670103092783505,0.17737789203084833,0.1360544217687075,2
0,2,2,0.3402061855670103,0.28316326530612246,0.7777777777777777,0.895,0.12714776632302405,0.10824742268041238,0.2493573264781491,0.1836734693877551,1
4,2,1,0.5979381443298969,0.32908163265306123,0.2222222222222222,0.2583333333333334,0.2508591065292096,0.30412371134020616,0.41645244215938304,0.4829931972789116,2
0,1,1,0.2577319587628866,0.23979591836734693,1.0,0.41833333333333345,0.044673539518900345,0.06701030927835051,0.17480719794344474,0.108843537414966,1
4,2,1,0.5876288659793814,0.520408163265306,0.4444444444444445,0.875,0.4020618556701031,0.4072164948453608,0.532133676092545,0.5782312925170069,1
1,2,1,0.1958762886597938,0.09948979591836735,0.8888888888888888,0.42333333333333334,0.11683848797250859,0.041237113402061855,0.15681233933161956,0.10204081632653061,1
0,2,1,0.18556701030927833,0.12499999999999999,0.8888888888888888,0.16666666666666674,0.06529209621993128,0.07731958762886598,0.12082262210796914,0.10204081632653061,2
5,2,2,0.9072164948453607,0.8673469387755102,0.4444444444444445,0.9216666666666669,0.7731958762886598,0.61340206185567,0.8200514138817482,0.6870748299319729,1
1,2,1,0.7628865979381443,0.4719387755102041,0.6666666666666665,0.17166666666666675,0.718213058419244,0.2422680412371134,0.6272493573264782,0.6802721088435375,2
3,1,2,0.03092783505154639,0.030612244897959183,0.2222222222222222,0.15333333333333332,0.04810996563573883,0.010309278350515464,0.038560411311053984,0.04081632653061225,2
1,1,2,0.6288659793814433,0.4770408163265306,1.0,0.6216666666666668,0.5017182130584192,0.4175257731958763,0.40359897172236503,0.28571428571428575,1
0,1,1,0.29896907216494845,0.173469387755102,0.4444444444444445,0.33000000000000007,0.13058419243986255,0.05670103092783505,0.30591259640102825,0.29251700680272114,2
1,2,2,0.09278350515463918,0.05867346938775509,0.2222222222222222,0.9300000000000002,0.06185567010309278,0.0979381443298969,0.06169665809768638,0.04081632653061225,1
4,1,1,0.3814432989690722,0.35714285714285715,1.0,0.29500000000000004,0.034364261168384876,0.23711340206185566,0.22622107969151672,0.19727891156462588,2
4,2,1,0.8762886597938143,0.711734693877551,0.5555555555555556,0.41333333333333344,0.4054982817869416,0.5103092783505154,0.5012853470437019,0.5782312925170069,2
4,2,1,0.6391752577319587,0.6020408163265305,0.2222222222222222,0.0,0.5567010309278351,0.5979381443298969,0.6323907455012854,0.4761904761904762,2
2,1,1,0.0,0.012755102040816325,0.5555555555555556,0.30500000000000005,0.003436426116838488,0.010309278350515464,0.007712082262210798,0.020408163265306124,2
1,1,2,0.22680412371134018,0.14030612244897958,1.0,0.14,0.058419243986254296,0.12886597938144329,0.20822622107969152,0.2108843537414966,2
3,2,2,0.8969072164948453,0.8903061224489796,0.4444444444444445,0.99,0.5876288659793815,0.28865979381443296,0.7043701799485862,0.6666666666666667,1
3,2,2,0.6082474226804123,0.36989795918367346,0.4444444444444445,0.32000000000000006,0.23024054982817868,0.18041237113402062,0.4524421593830334,0.41496598639455784,2
5,2,1,0.7628865979381443,0.6479591836734693,0.1111111111111111,0.5116666666666667,0.44329896907216493,0.7010309278350515,0.7403598971722366,0.33333333333333337,1
3,2,2,0.07216494845360825,0.05357142857142857,0.7777777777777777,0.6683333333333334,0.024054982817869414,0.0,0.043701799485861184,0.0272108843537415,1
2,2,1,0.7113402061855669,0.49489795918367346,1.0,0.9833333333333334,0.4776632302405498,0.20103092783505155,0.5629820051413882,0.272108843537415,1
2,2,1,0.49484536082474223,0.3647959183673469,0.4444444444444445,0.8466666666666667,0.15120274914089346,0.18041237113402062,0.4370179948586118,0.2108843537414966,1
4,1,1,0.18556701030927833,0.18112244897959182,1.0,0.4933333333333334,0.020618556701030927,0.11855670103092783,0.11825192802056554,0.17006802721088438,1
4,1,1,0.24742268041237112,0.15051020408163263,0.6666666666666665,0.20166666666666666,0.0859106529209622,0.1134020618556701,0.22107969151670953,0.23129251700680273,2
2,1,1,0.7010309278350515,0.37244897959183676,1.0,0.32500000000000007,0.3402061855670103,0.4536082474226804,0.35218508997429304,0.6938775510204083,2
3,1,2,0.3814432989690722,0.2423469387755102,0.2222222222222222,0.5066666666666668,0.3745704467353952,0.37628865979381443,0.19023136246786634,0.22448979591836737,1
3,1,2,0.845360824742268,0.8239795918367346,0.1111111111111111,0.3483333333333334,0.7800687285223368,0.6494845360824743,0.8251928020565553,0.5918367346938775,1
0,1,1,0.0,0.007653061224489796,0.3333333333333333,0.9200000000000002,0.017182130584192438,0.0,0.0025706940874035992,0.01360544217687075,1
2,2,1,0.17525773195876287,0.16326530612244897,0.7777777777777777,0.9883333333333335,0.1924398625429553,0.18556701030927836,0.15424164524421596,0.108843537414966,1
2,2,1,0.9278350515463917,0.8341836734693877,0.6666666666666665,0.9566666666666668,0.13402061855670103,0.5,0.7943444730077122,0.44897959183673475,1
3,2,1,0.010309278350515462,0.005102040816326529,0.2222222222222222,0.14333333333333342,0.027491408934707903,0.010309278350515464,0.023136246786632394,0.006802721088435375,2
5,1,2,0.6288659793814433,0.45408163265306123,0.1111111111111111,0.4833333333333334,0.18556701030927836,0.5618556701030928,0.5681233933161954,0.5850340136054423,1
2,2,2,0.6082474226804123,0.5918367346938774,0.6666666666666665,0.3500000000000001,0.30927835051546393,0.4896907216494845,0.3110539845758355,0.23129251700680273,2
3,1,1,0.7835051546391752,0.645408163265306,0.2222222222222222,0.3716666666666667,0.46735395189003437,0.36597938144329895,0.5269922879177379,0.6258503401360545,2
0,1,1,0.18556701030927833,0.16326530612244897,0.3333333333333333,0.2683333333333334,0.1683848797250859,0.1134020618556701,0.17737789203084833,0.17687074829931973,2
4,2,2,0.17525773195876287,0.13520408163265304,0.0,0.8866666666666667,0.09278350515463918,0.17010309278350516,0.17480719794344474,0.163265306122449,1
2,2,1,0.3195876288659794,0.23724489795918366,0.8888888888888888,0.9933333333333334,0.3402061855670103,0.04639175257731959,0.3033419023136247,0.33333333333333337,1
0,2,1,0.9587628865979381,0.6556122448979591,0.0,0.72,0.7731958762886598,0.8041237113402062,0.5167095115681235,0.6326530612244898,1
0,1,1,0.3402061855670103,0.3469387755102041,0.7777777777777777,0.0016666666666667052,0.3539518900343642,0.005154639175257732,0.21593830334190234,0.1836734693877551,2
5,1,2,0.4329896907216495,0.39540816326530615,0.1111111111111111,0.6683333333333334,0.140893470790378,0.3247422680412371,0.4318766066838046,0.27891156462585037,1
2,2,2,0.18556701030927833,0.09438775510204081,0.6666666666666665,0.33666666666666667,0.1683848797250859,0.07731958762886598,0.13110539845758357,0.08843537414965986,2
3,2,2,0.9278350515463917,0.4897959183673469,0.5555555555555556,0.7366666666666668,0.6288659793814433,0.5103092783505154,0.49357326478149105,0.9319727891156463,1
1,2,2,0.20618556701030927,0.11989795918367348,0.0,0.7583333333333333,0.037800687285223365,0.12886597938144329,0.16452442159383035,0.217687074829932,1
1,2,2,0.17525773195876287,0.173469387755102,0.0,0.8900000000000001,0.13402061855670103,0.11855670103092783,0.14138817480719795,0.09523809523809525,1
5,1,1,0.8762886597938143,0.461734693877551,0.5555555555555556,0.15666666666666673,0.6460481099656358,0.16494845360824742,0.6246786632390746,0.8163265306122449,2
3,1,1,0.979381443298969,0.49489795918367346,0.1111111111111111,0.605,0.5738831615120275,0.1134020618556701,0.9228791773778922,0.35374149659863946,1
3,1,2,0.9484536082474226,0.510204081632653,0.4444444444444445,0.5816666666666668,0.6735395189003436,0.34536082474226804,0.9203084832904885,0.6802721088435375,1
4,2,1,0.8041237113402061,0.5841836734693877,0.6666666666666665,0.73,0.3745704467353952,0.6237113402061856,0.5038560411311055,0.3673469387755102,1
5,2,2,0.08247422680412371,0.0433673469387755,0.1111111111111111,0.3733333333333334,0.09278350515463918,0.09278350515463918,0.048843187660668384,0.04761904761904762,2
5,2,2,0.5257731958762886,0.3647959183673469,0.7777777777777777,0.925,0.14432989690721648,0.08247422680412371,0.2802056555269923,0.5034013605442177,1
3,1,1,0.12371134020618556,0.1301020408163265,1.0,0.00666666666666671,0.058419243986254296,0.06701030927835051,0.06683804627249357,0.054421768707483,2
2,1,1,0.14432989690721648,0.08928571428571429,0.5555555555555556,0.3866666666666667,0.10996563573883161,0.07216494845360824,0.13110539845758357,0.07482993197278912,2
3,1,1,0.32989690721649484,0.20918367346938774,0.2222222222222222,0.4733333333333334,0.14432989690721648,0.2422680412371134,0.16709511568123395,0.25170068027210885,1
3,1,2,0.7835051546391752,0.7244897959183673,0.1111111111111111,0.245,0.24742268041237112,0.4896907216494845,0.5089974293059126,0.7687074829931974,1
4,2,2,0.7113402061855669,0.49999999999999994,0.6666666666666665,0.9200000000000002,0.16151202749140894,0.16494845360824742,0.4987146529562982,0.5170068027210885,1
1,2,1,0.5979381443298969,0.32653061224489793,0.0,0.1133333333333334,0.3402061855670103,0.1134020618556701,0.3444730077120823,0.33333333333333337,2
3,2,1,0.8247422680412371,0.7295918367346939,0.4444444444444445,0.245,0.15120274914089346,0.7577319587628866,0.7480719794344474,0.46258503401360546,2
4,1,2,0.3814432989690722,0.28316326530612246,1.0,0.9450000000000001,0.13058419243986255,0.05670103092783505,0.34190231362467866,0.217687074829932,1
5,2,1,0.845360824742268,0.4413265306122449,0.5555555555555556,0.16166666666666674,0.46048109965635736,0.7474226804123711,0.622107969151671,0.5374149659863946,2
4,1,2,0.979381443298969,0.4872448979591837,1.0,0.8300000000000001,0.21993127147766323,0.7061855670103092,0.5141388174807199,0.870748299319728,1
1,2,1,0.8350515463917525,0.6632653061224489,1.0,0.3833333333333334,0.7835051546391752,0.5670103092783505,0.8457583547557841,0.54421768707483,2
4,1,2,0.23711340206185563,0.24489795918367344,0.7777777777777777,0.09333333333333338,0.18900343642611683,0.13402061855670103,0.14910025706940874,0.1564625850340136,2
3,1,2,0.6082474226804123,0.6045918367346939,0.8888888888888888,0.6966666666666668,0.140893470790378,0.17525773195876287,0.4190231362467866,0.46258503401360546,1
3,2,2,0.49484536082474223,0.3239795918367347,0.4444444444444445,0.265,0.09965635738831614,0.17525773195876287,0.4601542416452442,0.489795918367347,2
3,2,2,0.9587628865979381,0.5586734693877551,0.3333333333333333,0.45166666666666677,0.15120274914089346,0.44329896907216493,0.6195372750642674,0.7142857142857143,1
2,1,2,0.5670103092783505,0.5153061224489796,0.3333333333333333,0.18666666666666676,0.1993127147766323,0.22164948453608246,0.5372750642673523,0.33333333333333337,2
1,1,1,0.49484536082474223,0.3112244897959184,1.0,0.5066666666666668,0.140893470790378,0.005154639175257732,0.30591259640102825,0.5034013605442177,1
4,2,1,0.8659793814432989,0.5178571428571428,0.7777777777777777,0.2483333333333334,0.3711340206185567,0.5463917525773195,0.7300771208226222,0.3673469387755102,2
5,2,2,0.12371134020618556,0.12755102040816324,0.5555555555555556,0.7966666666666669,0.054982817869415807,0.03608247422680412,0.10539845758354756,0.04761904761904762,1
3,1,2,0.5876288659793814,0.5331632653061223,0.7777777777777777,0.29333333333333333,0.4020618556701031,0.24742268041237112,0.37275064267352187,0.5238095238095238,2
4,1,1,0.4020618556701031,0.2576530612244898,0.5555555555555556,0.7116666666666667,0.40893470790378006,0.30412371134020616,0.4138817480719794,0.29931972789115646,1
3,1,2,0.7422680412371133,0.4642857142857143,0.3333333333333333,0.8633333333333335,0.35738831615120276,0.4536082474226804,0.712082262210797,0.5714285714285715,1
1,1,1,0.7113402061855669,0.4846938775510204,0.7777777777777777,0.73,0.24742268041237112,0.0,0.6169665809768639,0.2448979591836735,1
5,1,1,0.5257731958762886,0.45663265306122447,0.7777777777777777,0.41000000000000003,0.5017182130584192,0.4072164948453608,0.33676092544987146,0.272108843537415,2
2,2,2,0.6597938144329897,0.3520408163265306,0.0,0.28500000000000003,0.3711340206185567,0.5876288659793815,0.5244215938303343,0.40816326530612246,2
3,2,2,0.26804123711340205,0.2627551020408163,0.1111111111111111,0.9333333333333333,0.17869415807560138,0.2422680412371134,0.16452442159383035,0.19727891156462588,1
1,2,1,0.14432989690721648,0.10459183673469388,0.1111111111111111,0.10666666666666669,0.0859106529209622,0.03608247422680412,0.10282776349614396,0.163265306122449,2
0,1,1,0.8556701030927835,0.6377551020408162,1.0,0.42833333333333334,0.4467353951890034,0.26288659793814434,0.6066838046272495,0.4829931972789116,1
1,2,1,0.5154639175257731,0.520408163265306,0.5555555555555556,0.52,0.07560137457044673,0.13402061855670103,0.41645244215938304,0.217687074829932,1
2,2,1,0.6391752577319587,0.4846938775510204,0.2222222222222222,0.19000000000000006,0.24742268041237112,0.09278350515463918,0.4832904884318766,0.2653061224489796,2
5,1,2,0.1134020618556701,0.0663265306122449,0.1111111111111111,0.12,0.058419243986254296,0.005154639175257732,0.06426735218508997,0.04081632653061225,2
0,1,2,0.556701030927835,0.288265306122449,0.5555555555555556,0.2766666666666667,0.5154639175257731,0.38144329896907214,0.5526992287917738,0.5102040816326531,2
3,1,1,0.9072164948453607,0.4974489795918367,1.0,0.08000000000000007,0.29553264604810997,0.4742268041237113,0.6426735218508998,0.40816326530612246,2
1,2,1,0.7835051546391752,0.43112244897959184,0.1111111111111111,0.4950000000000001,0.12714776632302405,0.654639175257732,0.43958868894601544,0.5782312925170069,1
4,2,1,0.3917525773195876,0.2729591836734694,0.3333333333333333,0.8183333333333334,0.017182130584192438,0.2422680412371134,0.2570694087403599,0.20408163265306123,1
0,1,1,0.05154639175257732,0.038265306122448974,0.5555555555555556,0.16666666666666674,0.05154639175257732,0.05670103092783505,0.048843187660668384,0.020408163265306124,2
5,1,1,0.7319587628865979,0.46938775510204084,0.7777777777777777,0.855,0.2268041237113402,0.422680412371134,0.506426735218509,0.39455782312925175,1
0,2,1,0.5154639175257731,0.3852040816326531,0.1111111111111111,0.625,0.5257731958762887,0.4536082474226804,0.3213367609254499,0.19727891156462588,1
1,2,2,0.6185567010309277,0.45663265306122447,0.8888888888888888,0.040000000000000036,0.10652920962199312,0.6185567010309279,0.48586118251928023,0.23129251700680273,2
4,1,2,0.09278350515463918,0.08418367346938775,0.3333333333333333,0.655,0.08247422680412371,0.06701030927835051,0.08997429305912596,0.10204081632653061,1
1,2,1,0.556701030927835,0.34183673469387754,0.3333333333333333,0.31833333333333336,0.3470790378006873,0.19072164948453607,0.46786632390745503,0.28571428571428575,2
5,1,1,0.32989690721649484,0.2423469387755102,0.3333333333333333,0.43166666666666675,0.12027491408934708,0.14948453608247422,0.20565552699228792,0.14965986394557823,1
4,1,2,0.13402061855670103,0.11734693877551021,0.7777777777777777,0.15333333333333332,0.06185567010309278,0.05670103092783505,0.06940874035989716,0.1360544217687075,2
2,2,2,0.5773195876288659,0.46683673469387754,0.8888888888888888,0.3866666666666667,0.3745704467353952,0.04639175257731959,0.30848329048843187,0.45578231292517013,2
4,2,2,0.9896907216494845,0.7423469387755102,0.3333333333333333,0.4866666666666667,1.0,0.8608247422680412,0.9151670951156813,0.6122448979591837,1
5,2,2,0.8350515463917525,0.5816326530612245,0.1111111111111111,0.265,0.18900343642611683,0.7371134020618556,0.7223650385604113,0.3741496598639456,2
4,1,1,0.03092783505154639,0.022959183673469385,0.1111111111111111,0.5450000000000002,0.0,0.02577319587628866,0.038560411311053984,0.04761904761904762,1
4,1,2,0.17525773195876287,0.14795918367346936,0.0,0.27,0.07216494845360824,0.17010309278350516,0.13110539845758357,0.17006802721088438,1
1,2,1,0.979381443298969,0.6224489795918366,0.6666666666666665,0.5,0.46735395189003437,0.7216494845360825,0.9048843187660669,0.45578231292517013,1
5,2,2,0.16494845360824742,0.15051020408163263,0.8888888888888888,0.10999999999999999,0.12027491408934708,0.12371134020618556,0.15424164524421596,0.08843537414965986,2
0,1,1,0.3195876288659794,0.23979591836734693,0.6666666666666665,0.09333333333333338,0.3367697594501718,0.24742268041237112,0.23393316195372751,0.1292517006802721,2
5,1,2,0.07216494845360825,0.0510204081632653,0.7777777777777777,0.4833333333333334,0.041237113402061855,0.07731958762886598,0.04627249357326478,0.06122448979591837,1
5,1,1,0.8247422680412371,0.7295918367346939,0.1111111111111111,0.30833333333333335,0.5670103092783505,0.15463917525773196,0.4910025706940874,0.46258503401360546,1
1,2,1,0.03092783505154639,0.03571428571428571,0.8888888888888888,0.5283333333333333,0.013745704467353952,0.005154639175257732,0.02827763496143959,0.034013605442176874,1
5,1,1,0.08247422680412371,0.05867346938775509,0.3333333333333333,0.6066666666666667,0.03092783505154639,0.06185567010309278,0.08226221079691516,0.06122448979591837,1
3,2,2,0.7113402061855669,0.7040816326530611,0.3333333333333333,0.4716666666666667,0.3058419243986254,0.3917525773195876,0.49614395886889456,0.4285714285714286,1
1,1,1,0.0,0.0025510204081632647,0.8888888888888888,0.9316666666666669,0.010309278350515464,0.005154639175257732,0.0025706940874035992,0.01360544217687075,1
2,1,2,0.29896907216494845,0.17857142857142855,0.6666666666666665,0.3400000000000001,0.10996563573883161,0.0,0.17737789203084833,0.10204081632653061,2
4,1,2,0.05154639175257732,0.0510204081632653,0.7777777777777777,0.6466666666666667,0.05154639175257732,0.015463917525773195,0.04113110539845759,0.0272108843537415,1
3,2,2,0.16494845360824742,0.1377551020408163,0.0,0.20333333333333337,0.16494845360824742,0.0,0.08740359897172237,0.1564625850340136,1
3,2,1,0.845360824742268,0.6811224489795917,0.3333333333333333,0.7433333333333334,0.5154639175257731,0.4329896907216495,0.686375321336761,0.8503401360544218,1
3,1,2,0.7422680412371133,0.4387755102040816,1.0,0.02833333333333332,0.6082474226804123,0.7216494845360825,0.686375321336761,0.6462585034013606,2
2,2,1,0.6701030927835051,0.5076530612244897,0.2222222222222222,0.6683333333333334,0.3024054982817869,0.6288659793814433,0.3496143958868895,0.5578231292517007,1
1,1,1,0.15463917525773194,0.14540816326530612,0.7777777777777777,0.7566666666666668,0.13402061855670103,0.07731958762886598,0.15681233933161956,0.12244897959183675,1
3,2,1,0.010309278350515462,0.007653061224489796,0.4444444444444445,0.3583333333333334,0.010309278350515464,0.010309278350515464,0.017994858611825194,0.01360544217687075,2
1,1,1,0.3711340206185567,0.21683673469387754,0.5555555555555556,0.6166666666666667,0.17869415807560138,0.2422680412371134,0.30591259640102825,0.2585034013605442,1
5,1,1,0.1134020618556701,0.09438775510204081,0.3333333333333333,0.17833333333333334,0.13058419243986255,0.06701030927835051,0.08226221079691516,0.07482993197278912,2
5,2,1,0.29896907216494845,0.27040816326530615,0.5555555555555556,0.9733333333333334,0.20962199312714777,0.19072164948453607,0.30848329048843187,0.27891156462585037,1
1,1,1,0.0,0.0025510204081632647,1.0,0.9700000000000002,0.013745704467353952,0.005154639175257732,0.0,0.0,1
2,2,1,0.8144329896907216,0.6224489795918366,0.2222222222222222,0.4916666666666667,0.18900343642611683,0.7371134020618556,0.6940874035989718,0.44217687074829937,1
1,2,1,0.8969072164948453,0.5765306122448979,0.1111111111111111,0.7616666666666667,0.281786941580756,0.5979381443298969,0.4498714652956298,0.5306122448979592,1
5,1,1,0.4123711340206186,0.20918367346938774,0.1111111111111111,0.14333333333333342,0.29896907216494845,0.23711340206185566,0.2622107969151671,0.40816326530612246,2
5,2,1,0.4020618556701031,0.2755102040816327,0.8888888888888888,0.76,0.058419243986254296,0.15463917525773196,0.2699228791773779,0.20408163265306123,1
3,2,2,0.8350515463917525,0.6479591836734693,0.5555555555555556,0.255,0.8247422680412371,0.7525773195876289,0.5167095115681235,0.38775510204081637,2
3,2,2,0.7525773195876289,0.635204081632653,0.3333333333333333,0.026666666666666727,0.034364261168384876,0.041237113402061855,0.46272493573264784,0.6122448979591837,2
3,1,2,0.1958762886597938,0.18877551020408162,0.2222222222222222,0.6716666666666666,0.024054982817869414,0.20618556701030927,0.20308483290488433,0.08843537414965986,1
3,1,2,0.12371134020618556,0.07397959183673469,0.3333333333333333,0.7550000000000001,0.07560137457044673,0.10309278350515463,0.08483290488431876,0.1360544217687075,1
0,2,2,0.6907216494845361,0.5918367346938774,0.0,0.5350000000000001,0.26804123711340205,0.37628865979381443,0.5861182519280206,0.6394557823129252,1
0,1,1,0.23711340206185563,0.22448979591836732,0.4444444444444445,0.9200000000000002,0.1718213058419244,0.2422680412371134,0.18251928020565555,0.10204081632653061,1
3,2,1,0.3711340206185567,0.23214285714285712,0.5555555555555556,0.0016666666666667052,0.26804123711340205,0.14432989690721648,0.37532133676092544,0.34013605442176875,2
3,2,1,0.7731958762886597,0.7397959183673468,0.4444444444444445,0.09833333333333338,0.23367697594501718,0.31443298969072164,0.5552699228791774,0.28571428571428575,2
1,2,2,0.30927835051546393,0.1607142857142857,0.7777777777777777,0.39,0.3024054982817869,0.13402061855670103,0.15938303341902316,0.12244897959183675,2
0,2,1,0.8659793814432989,0.5025510204081632,0.4444444444444445,0.6733333333333333,0.872852233676976,0.5154639175257731,0.7840616966580978,0.7006802721088435,1
3,2,1,0.3711340206185567,0.34183673469387754,0.7777777777777777,0.6033333333333335,0.16494845360824742,0.020618556701030927,0.3110539845758355,0.36054421768707484,1
3,1,2,0.845360824742268,0.7857142857142856,0.8888888888888888,0.4983333333333334,0.7079037800687284,0.7268041237113402,0.519280205655527,0.5782312925170069,1
1,1,2,0.14432989690721648,0.1301020408163265,0.1111111111111111,0.03166666666666673,0.14432989690721648,0.1134020618556701,0.10025706940874035,0.108843537414966,1
2,2,2,0.7835051546391752,0.4872448979591837,0.7777777777777777,0.41500000000000004,0.6391752577319587,0.6855670103092784,0.6118251928020566,0.46938775510204084,2
1,1,1,0.9484536082474226,0.5280612244897959,0.5555555555555556,0.2383333333333334,0.4845360824742268,0.13917525773195877,0.5886889460154242,0.380952380952381,2
3,2,1,0.9999999999999999,0.673469387755102,0.4444444444444445,0.41666666666666674,0.7628865979381443,0.8195876288659794,0.9383033419023137,0.44897959183673475,1
2,1,1,0.7525773195876289,0.37755102040816324,0.3333333333333333,0.31333333333333335,0.6804123711340206,0.0,0.724935732647815,0.45578231292517013,2
5,1,2,0.3195876288659794,0.29336734693877553,0.7777777777777777,0.9083333333333334,0.20618556701030927,0.07731958762886598,0.22879177377892032,0.17687074829931973,1
2,1,2,0.5463917525773195,0.4770408163265306,0.0,0.13666666666666671,0.42955326460481097,0.05154639175257732,0.38303341902313626,0.5510204081632654,1
5,2,2,0.22680412371134018,0.18367346938775508,0.5555555555555556,0.09500000000000008,0.08934707903780069,0.14948453608247422,0.14910025706940874,0.08843537414965986,2
1,2,1,0.8762886597938143,0.693877551020408,0.7777777777777777,0.8583333333333334,0.274914089347079,0.6907216494845361,0.5989717223650386,0.40136054421768713,1
1,2,2,0.9690721649484535,0.6556122448979591,0.7777777777777777,0.1133333333333334,0.6357388316151202,0.8556701030927835,0.7609254498714654,0.5714285714285715,2
0,1,2,0.845360824742268,0.4974489795918367,0.7777777777777777,0.6233333333333333,0.017182130584192438,0.6288659793814433,0.6966580976863754,0.7278911564625851,1
5,2,2,0.9278350515463917,0.6020408163265305,0.4444444444444445,0.05833333333333335,0.1993127147766323,0.788659793814433,0.9023136246786633,0.7278911564625851,2
2,1,1,0.4536082474226804,0.3137755102040816,0.0,0.09166666666666667,0.21649484536082475,0.3556701030927835,0.37275064267352187,0.44217687074829937,2
5,2,2,0.7628865979381443,0.4387755102040816,0.2222222222222222,0.3500000000000001,0.3127147766323024,0.18041237113402062,0.3958868894601542,0.6666666666666667,2
4,1,2,0.8556701030927835,0.4464285714285714,0.1111111111111111,0.6633333333333333,0.23024054982817868,0.22164948453608246,0.7275064267352186,0.54421768707483,1
4,2,1,0.29896907216494845,0.20153061224489793,0.8888888888888888,0.18000000000000005,0.09965635738831614,0.1958762886597938,0.2699228791773779,0.2108843537414966,2
3,1,1,0.4845360824742268,0.32653061224489793,0.8888888888888888,0.16833333333333333,0.1958762886597938,0.211340206185567,0.4138817480719794,0.2448979591836735,2
5,2,1,0.5773195876288659,0.3494897959183674,0.6666666666666665,0.19666666666666666,0.13402061855670103,0.5360824742268041,0.38046272493573263,0.46258503401360546,2
0,2,2,0.5670103092783505,0.5357142857142857,0.1111111111111111,0.6616666666666668,0.10309278350515463,0.35051546391752575,0.506426735218509,0.3741496598639456,1
4,2,1,0.8041237113402061,0.7959183673469387,0.7777777777777777,0.7716666666666667,0.5120274914089347,0.4536082474226804,0.44473007712082263,0.6054421768707483,1
4,2,2,0.49484536082474223,0.28316326530612246,0.2222222222222222,0.06000000000000005,0.054982817869415807,0.20618556701030927,0.390745501285347,0.17006802721088438,2
2,2,1,0.27835051546391754,0.2040816326530612,0.4444444444444445,0.655,0.25773195876288657,0.0979381443298969,0.24164524421593833,0.29251700680272114,1
2,2,2,0.6391752577319587,0.6020408163265305,0.8888888888888888,0.7416666666666667,0.5085910652920962,0.20618556701030927,0.41131105398457585,0.4761904761904762,1
5,1,2,0.6288659793814433,0.5663265306122448,0.8888888888888888,0.5483333333333333,0.010309278350515464,0.20103092783505155,0.5861182519280206,0.54421768707483,1
0,2,2,0.5876288659793814,0.586734693877551,0.7777777777777777,0.4683333333333334,0.07560137457044673,0.4175257731958763,0.37532133676092544,0.39455782312925175,1
1,1,2,0.8144329896907216,0.7474489795918366,0.1111111111111111,0.6200000000000001,0.281786941580756,0.26288659793814434,0.5347043701799487,0.3673469387755102,1
5,1,1,0.7113402061855669,0.5051020408163265,0.1111111111111111,0.6666666666666667,0.5807560137457044,0.14948453608247422,0.39331619537275064,0.30612244897959184,1
1,2,2,0.12371134020618556,0.10459183673469388,0.6666666666666665,0.8116666666666668,0.054982817869415807,0.06185567010309278,0.10025706940874035,0.054421768707483,1
3,1,1,0.21649484536082472,0.1964285714285714,0.3333333333333333,0.0,0.14432989690721648,0.1958762886597938,0.17994858611825196,0.0816326530612245,2
1,1,2,0.7422680412371133,0.4030612244897959,0.1111111111111111,0.5916666666666668,0.7560137457044673,0.6649484536082474,0.6426735218508998,0.29251700680272114,1
0,1,1,0.5257731958762886,0.33163265306122447,0.5555555555555556,0.45333333333333337,0.14432989690721648,0.12886597938144329,0.455012853470437,0.4829931972789116,1
5,1,1,0.7731958762886597,0.4107142857142857,0.0,0.605,0.037800687285223365,0.7628865979381443,0.39845758354755784,0.2653061224489796,1
0,2,2,0.49484536082474223,0.2653061224489796,0.7777777777777777,0.7100000000000002,0.054982817869415807,0.05670103092783505,0.3958868894601542,0.326530612244898,1
5,2,1,0.5979381443298969,0.30612244897959184,0.5555555555555556,0.6333333333333333,0.3917525773195876,0.27319587628865977,0.34704370179948585,0.49659863945578236,1
0,1,2,0.12371134020618556,0.06122448979591836,0.0,0.6416666666666668,0.11683848797250859,0.041237113402061855,0.13110539845758357,0.08843537414965986,1
5,2,1,0.9484536082474226,0.5816326530612245,0.2222222222222222,0.77,0.4261168384879725,0.5257731958762887,0.5655526992287918,0.44897959183673475,1
3,2,2,0.5154639175257731,0.43112244897959184,0.8888888888888888,0.78,0.3161512027491409,0.28350515463917525,0.2930591259640103,0.2585034013605442,1
0,1,2,0.29896907216494845,0.2755102040816327,0.3333333333333333,0.3400000000000001,0.12027491408934708,0.23711340206185566,0.2853470437017995,0.12244897959183675,2
3,2,1,0.845360824742268,0.5153061224489796,0.5555555555555556,0.8266666666666667,0.7869415807560137,0.5412371134020618,0.44473007712082263,0.761904761904762,1
0,2,2,0.10309278350515463,0.0663265306122449,0.8888888888888888,0.08000000000000007,0.013745704467353952,0.06185567010309278,0.06683804627249357,0.04081632653061225,2
5,2,1,0.4742268041237113,0.32653061224489793,0.2222222222222222,0.6950000000000001,0.2852233676975945,0.4587628865979381,0.46272493573264784,0.1904761904761905,1
5,2,1,0.9278350515463917,0.8647959183673468,0.1111111111111111,0.44166666666666676,0.017182130584192438,0.7164948453608248,0.5989717223650386,0.8367346938775511,1
2,2,2,0.5257731958762886,0.27040816326530615,0.2222222222222222,0.5783333333333334,0.5017182130584192,0.18041237113402062,0.4730077120822622,0.217687074829932,1
3,1,2,0.4639175257731959,0.27040816326530615,0.0,0.5433333333333334,0.3161512027491409,0.11855670103092783,0.3676092544987147,0.35374149659863946,1
0,2,2,0.6494845360824741,0.6224489795918366,0.2222222222222222,0.42333333333333334,0.09278350515463918,0.05670103092783505,0.5758354755784062,0.653061224489796,1
4,1,1,0.30927835051546393,0.2857142857142857,1.0,0.9400000000000002,0.29896907216494845,0.25773195876288657,0.3033419023136247,0.27891156462585037,1
4,1,2,0.4536082474226804,0.3112244897959184,0.2222222222222222,0.17666666666666675,0.3711340206185567,0.010309278350515464,0.35218508997429304,0.46258503401360546,2
5,1,2,0.05154639175257732,0.038265306122448974,0.4444444444444445,0.5833333333333335,0.044673539518900345,0.005154639175257732,0.030848329048843187,0.020408163265306124,1
5,2,1,0.7628865979381443,0.413265306122449,0.3333333333333333,0.39,0.3058419243986254,0.5309278350515464,0.6323907455012854,0.5646258503401361,2
4,1,2,0.10309278350515463,0.05867346938775509,0.3333333333333333,0.9533333333333334,0.054982817869415807,0.10824742268041238,0.06169665809768638,0.06122448979591837,1
2,1,2,0.5051546391752577,0.413265306122449,0.5555555555555556,0.9083333333333334,0.415807560137457,0.46391752577319584,0.2853470437017995,0.38775510204081637,1
1,2,1,0.422680412371134,0.40816326530612246,0.6666666666666665,0.8200000000000001,0.013745704467353952,0.020618556701030927,0.2544987146529563,0.272108843537415,2
4,1,2,0.010309278350515462,0.022959183673469385,0.8888888888888888,0.40666666666666673,0.024054982817869414,0.005154639175257732,0.012853470437017997,0.006802721088435375,2
2,1,1,0.3917525773195876,0.3239795918367347,0.4444444444444445,0.42000000000000004,0.12714776632302405,0.08247422680412371,0.39331619537275064,0.23129251700680273,1
5,2,2,0.3814432989690722,0.37244897959183676,0.5555555555555556,0.895,0.037800687285223365,0.02577319587628866,0.36246786632390743,0.2448979591836735,1
0,2,1,0.6907216494845361,0.5357142857142857,0.8888888888888888,0.9083333333333334,0.5979381443298969,0.28865979381443296,0.5424164524421594,0.44897959183673475,1
4,2,1,0.7010309278350515,0.6071428571428571,0.4444444444444445,0.6283333333333334,0.6460481099656358,0.30927835051546393,0.5475578406169667,0.4285714285714286,1
1,1,2,0.6288659793814433,0.45918367346938777,1.0,0.21666666666666667,0.4467353951890034,0.06701030927835051,0.5835475578406171,0.6258503401360545,2
3,1,1,0.8969072164948453,0.5663265306122448,0.5555555555555556,0.9783333333333335,0.8006872852233676,0.5567010309278351,0.853470437017995,0.6462585034013606,1
0,2,1,0.5670103092783505,0.4872448979591837,0.3333333333333333,0.40666666666666673,0.14776632302405499,0.32989690721649484,0.5038560411311055,0.39455782312925175,2
4,2,1,0.5154639175257731,0.45918367346938777,0.4444444444444445,0.09166666666666667,0.013745704467353952,0.1958762886597938,0.2647814910025707,0.23129251700680273,2
4,1,2,0.7422680412371133,0.4387755102040816,0.1111111111111111,0.4,0.3024054982817869,0.3917525773195876,0.4524421593830334,0.2448979591836735,2
5,1,2,0.6494845360824741,0.4005102040816326,0.6666666666666665,0.2400000000000001,0.037800687285223365,0.4072164948453608,0.5861182519280206,0.5374149659863946,2
3,1,2,0.6185567010309277,0.37244897959183676,0.6666666666666665,0.44500000000000006,0.041237113402061855,0.4690721649484536,0.5269922879177379,0.5986394557823129,1
5,2,1,0.22680412371134018,0.15816326530612243,1.0,0.3550000000000001,0.21993127147766323,0.10824742268041238,0.12596401028277637,0.17687074829931973,2
0,2,2,0.23711340206185563,0.173469387755102,0.4444444444444445,0.4833333333333334,0.1374570446735395,0.041237113402061855,0.14910025706940874,0.17687074829931973,1
2,1,1,0.2577319587628866,0.20918367346938774,1.0,0.1133333333333334,0.1683848797250859,0.23195876288659792,0.14395886889460155,0.14285714285714288,2
5,2,2,0.288659793814433,0.18622448979591835,0.2222222222222222,0.18833333333333335,0.07903780068728522,0.18041237113402062,0.2853470437017995,0.11564625850340136,2
4,1,1,0.6082474226804123,0.3392857142857143,0.1111111111111111,0.16833333333333333,0.3676975945017182,0.10309278350515463,0.519280205655527,0.2653061224489796,2
3,1,2,0.13402061855670103,0.1301020408163265,0.8888888888888888,0.645,0.006872852233676976,0.020618556701030927,0.10796915167095116,0.11564625850340136,1
2,1,2,0.6494845360824741,0.3520408163265306,0.6666666666666665,0.4616666666666668,0.15807560137457044,0.6185567010309279,0.6375321336760926,0.2653061224489796,1
4,2,2,0.0,0.01020408163265306,0.4444444444444445,0.4600000000000001,0.017182130584192438,0.005154639175257732,0.0025706940874035992,0.020408163265306124,1
1,2,2,0.9999999999999999,0.5892857142857142,0.7777777777777777,0.645,0.9690721649484536,0.19072164948453607,0.7532133676092546,0.5578231292517007,1
4,1,2,0.5463917525773195,0.288265306122449,0.5555555555555556,0.29000000000000004,0.06185567010309278,0.12371134020618556,0.5089974293059126,0.380952380952381,2
4,1,2,0.10309278350515463,0.10459183673469388,0.2222222222222222,0.6816666666666666,0.09621993127147765,0.11855670103092783,0.09768637532133675,0.11564625850340136,1
4,1,1,0.6907216494845361,0.5076530612244897,0.8888888888888888,0.2300000000000001,0.32989690721649484,0.31958762886597936,0.6812339331619538,0.38775510204081637,2
3,1,1,0.8041237113402061,0.6377551020408162,0.1111111111111111,0.010000000000000009,0.7663230240549828,0.37628865979381443,0.6195372750642674,0.44897959183673475,1
3,2,1,0.4020618556701031,0.3469387755102041,1.0,0.13833333333333342,0.06529209621993128,0.11855670103092783,0.39845758354755784,0.2585034013605442,2
2,1,2,0.12371134020618556,0.11224489795918367,1.0,0.43833333333333335,0.013745704467353952,0.11855670103092783,0.06426735218508997,0.09523809523809525,1
4,2,1,0.14432989690721648,0.07397959183673469,1.0,0.1183333333333334,0.054982817869415807,0.11855670103092783,0.11053984575835475,0.06802721088435375,2
1,1,2,0.1958762886597938,0.09948979591836735,0.5555555555555556,0.1316666666666667,0.09278350515463918,0.10824742268041238,0.20051413881748073,0.17006802721088438,2
1,2,2,0.8865979381443299,0.7627551020408162,0.8888888888888888,0.9950000000000001,0.5876288659793815,0.4072164948453608,0.7300771208226222,0.7551020408163266,1
3,2,1,0.7113402061855669,0.6403061224489796,0.4444444444444445,0.7083333333333335,0.7079037800687284,0.27319587628865977,0.40359897172236503,0.5850340136054423,1
1,2,2,0.8659793814432989,0.7959183673469387,0.7777777777777777,0.6300000000000001,0.6769759450171822,0.6907216494845361,0.5629820051413882,0.36054421768707484,1
2,2,1,0.5360824742268041,0.36989795918367346,0.2222222222222222,0.7066666666666668,0.034364261168384876,0.020618556701030927,0.32904884318766064,0.3673469387755102,1
3,1,1,0.08247422680412371,0.05612244897959184,0.2222222222222222,0.8466666666666667,0.09965635738831614,0.03092783505154639,0.043701799485861184,0.034013605442176874,1
0,1,2,0.5360824742268041,0.461734693877551,0.3333333333333333,0.5416666666666667,0.415807560137457,0.15463917525773196,0.3264781491002571,0.326530612244898,1
2,1,2,0.4123711340206186,0.42091836734693877,0.1111111111111111,0.7850000000000001,0.2233676975945017,0.23195876288659792,0.2622107969151671,0.39455782312925175,1
2,2,2,0.7525773195876289,0.5637755102040816,0.6666666666666665,0.6583333333333334,0.27835051546391754,0.20103092783505155,0.3856041131105398,0.6394557823129252,1
4,1,2,0.10309278350515463,0.07653061224489796,0.0,0.44000000000000006,0.07560137457044673,0.02577319587628866,0.11311053984575835,0.07482993197278912,1
4,1,1,0.6288659793814433,0.3622448979591837,0.4444444444444445,0.08166666666666667,0.13058419243986255,0.634020618556701,0.41645244215938304,0.38775510204081637,2
4,1,1,0.010309278350515462,0.01530612244897959,0.1111111111111111,0.8283333333333334,0.010309278350515464,0.020618556701030927,0.007712082262210798,0.0272108843537415,1
3,1,2,0.7422680412371133,0.7270408163265305,0.3333333333333333,0.15166666666666673,0.6872852233676976,0.4072164948453608,0.5989717223650386,0.489795918367347,2
5,2,2,0.20618556701030927,0.1301020408163265,0.5555555555555556,0.8883333333333334,0.1683848797250859,0.17010309278350516,0.17223650385604114,0.108843537414966,1
5,1,2,0.3917525773195876,0.22448979591836732,0.4444444444444445,0.3583333333333334,0.020618556701030927,0.32989690721649484,0.24678663239074553,0.3741496598639456,2
4,1,1,0.2577319587628866,0.2576530612244898,0.7777777777777777,0.6183333333333334,0.20962199312714777,0.19072164948453607,0.13624678663239076,0.272108843537415,1
0,2,1,0.18556701030927833,0.1683673469387755,0.1111111111111111,0.17333333333333334,0.1683848797250859,0.08247422680412371,0.10025706940874035,0.20408163265306123,1
4,2,2,0.6391752577319587,0.36989795918367346,0.2222222222222222,0.395,0.07903780068728522,0.19072164948453607,0.4704370179948586,0.44217687074829937,2
5,2,1,0.12371134020618556,0.12244897959183675,0.1111111111111111,0.08000000000000007,0.07216494845360824,0.04639175257731959,0.09511568123393316,0.08843537414965986,1
0,2,1,0.26804123711340205,0.1530612244897959,0.5555555555555556,0.5783333333333334,0.140893470790378,0.0,0.21593830334190234,0.1564625850340136,1
2,2,1,0.8247422680412371,0.7244897959183673,0.6666666666666665,0.026666666666666727,0.8006872852233676,0.8298969072164948,0.4473007712082262,0.29251700680272114,2
3,2,2,0.9072164948453607,0.673469387755102,0.6666666666666665,0.5633333333333335,0.18213058419243985,0.0,0.7969151670951158,0.35374149659863946,1
5,2,1,0.061855670103092786,0.04591836734693877,0.5555555555555556,0.1050000000000001,0.041237113402061855,0.05154639175257732,0.07197943444730077,0.06122448979591837,2
4,2,1,0.6082474226804123,0.5331632653061223,0.2222222222222222,0.8466666666666667,0.024054982817869414,0.3711340206185567,0.5655526992287918,0.41496598639455784,1
4,2,1,0.22680412371134018,0.23214285714285712,0.0,0.9516666666666667,0.12714776632302405,0.015463917525773195,0.17480719794344474,0.2380952380952381,1
4,1,1,0.5979381443298969,0.4260204081632653,0.5555555555555556,0.5116666666666667,0.5257731958762887,0.16494845360824742,0.5604113110539847,0.2653061224489796,1
2,2,1,0.7938144329896907,0.5663265306122448,0.2222222222222222,0.45166666666666677,0.27835051546391754,0.27319587628865977,0.4524421593830334,0.5510204081632654,1
3,1,1,0.9587628865979381,0.6479591836734693,0.8888888888888888,0.2433333333333334,0.5807560137457044,0.7010309278350515,0.7455012853470437,0.6870748299319729,2
3,2,1,0.16494845360824742,0.15561224489795916,1.0,0.22666666666666668,0.05154639175257732,0.14948453608247422,0.10539845758354756,0.08843537414965986,2
3,2,1,0.5773195876288659,0.3520408163265306,0.5555555555555556,0.73,0.4020618556701031,0.2268041237113402,0.38817480719794345,0.5714285714285715,1
3,1,2,0.26804123711340205,0.23214285714285712,0.4444444444444445,0.3650000000000001,0.24054982817869416,0.18041237113402062,0.19023136246786634,0.10204081632653061,2
3,1,1,0.3917525773195876,0.2040816326530612,0.3333333333333333,0.385,0.12714776632302405,0.38144329896907214,0.38303341902313626,0.40136054421768713,2
1,2,2,0.08247422680412371,0.07908163265306123,0.8888888888888888,0.4633333333333334,0.07903780068728522,0.020618556701030927,0.07197943444730077,0.0816326530612245,1
0,1,2,0.9175257731958762,0.5306122448979591,1.0,0.4633333333333334,0.2027491408934708,0.31958762886597936,0.8586118251928021,0.380952380952381,1
0,1,2,0.4536082474226804,0.45408163265306123,0.6666666666666665,0.2366666666666667,0.09621993127147765,0.010309278350515464,0.39331619537275064,0.22448979591836737,2
2,2,2,0.7835051546391752,0.423469387755102,0.2222222222222222,0.7516666666666667,0.5979381443298969,0.3247422680412371,0.5167095115681235,0.7959183673469389,1
4,1,1,0.6597938144329897,0.4719387755102041,0.4444444444444445,0.08833333333333337,0.5670103092783505,0.4896907216494845,0.506426735218509,0.4217687074829932,2
5,2,2,0.9896907216494845,0.6709183673469387,0.5555555555555556,0.6066666666666667,0.17869415807560138,0.14948453608247422,0.5706940874035991,0.9591836734693878,1
1,1,2,0.7422680412371133,0.6709183673469387,0.8888888888888888,0.3416666666666667,0.07560137457044673,0.12371134020618556,0.5681233933161954,0.2653061224489796,2
3,1,1,0.422680412371134,0.41581632653061223,0.4444444444444445,0.45166666666666677,0.1958762886597938,0.19072164948453607,0.3213367609254499,0.39455782312925175,1
2,2,1,0.9896907216494845,0.8749999999999999,0.7777777777777777,0.7566666666666668,0.4261168384879725,0.768041237113402,0.8843187660668381,0.41496598639455784,1
5,2,2,0.09278350515463918,0.09183673469387756,1.0,0.9300000000000002,0.10996563573883161,0.06185567010309278,0.08997429305912596,0.07482993197278912,1
3,1,1,0.8659793814432989,0.548469387755102,1.0,0.5683333333333334,0.18213058419243985,0.4536082474226804,0.609254498714653,0.6190476190476191,1
0,2,1,0.9484536082474226,0.8979591836734693,0.7777777777777777,0.4866666666666667,0.31958762886597936,0.6082474226804123,0.776349614395887,0.39455782312925175,1
3,1,1,0.5257731958762886,0.510204081632653,0.6666666666666665,0.22000000000000008,0.5154639175257731,0.0,0.43444730077120824,0.40136054421768713,2
1,2,1,0.8762886597938143,0.8545918367346937,0.8888888888888888,0.43000000000000005,0.6288659793814433,0.5927835051546392,0.8020565552699229,0.40136054421768713,1
3,1,1,0.4742268041237113,0.35459183673469385,0.5555555555555556,0.41166666666666674,0.35738831615120276,0.03608247422680412,0.2442159383033419,0.163265306122449,2
4,2,2,0.4329896907216495,0.2423469387755102,0.8888888888888888,0.72,0.08247422680412371,0.12371134020618556,0.38046272493573263,0.29931972789115646,1
1,1,1,0.5360824742268041,0.4846938775510204,0.5555555555555556,0.8066666666666666,0.1718213058419244,0.09278350515463918,0.5141388174807199,0.44217687074829937,1
5,2,1,0.845360824742268,0.8061224489795917,0.4444444444444445,0.5083333333333333,0.6494845360824743,0.5309278350515464,0.557840616966581,0.6190476190476191,1
1,1,1,0.5360824742268041,0.4897959183673469,0.8888888888888888,0.6466666666666667,0.415807560137457,0.041237113402061855,0.42930591259640105,0.2380952380952381,1
3,2,1,0.9484536082474226,0.8112244897959183,0.4444444444444445,0.5283333333333333,0.7800687285223368,0.29896907216494845,0.7480719794344474,0.7755102040816327,1
0,2,1,0.061855670103092786,0.05357142857142857,0.1111111111111111,0.3633333333333334,0.017182130584192438,0.041237113402061855,0.06426735218508997,0.034013605442176874,1
0,2,2,0.3711340206185567,0.36989795918367346,0.4444444444444445,0.15000000000000002,0.2027491408934708,0.29381443298969073,0.2365038560411311,0.3129251700680272,2
4,1,2,0.29896907216494845,0.1530612244897959,0.1111111111111111,0.1166666666666667,0.29553264604810997,0.211340206185567,0.21850899742930593,0.1904761904761905,2
3,2,1,0.5979381443298969,0.5357142857142857,0.1111111111111111,0.8366666666666667,0.16151202749140894,0.4587628865979381,0.4370179948586118,0.5170068027210885,1
2,2,1,0.6804123711340205,0.3877551020408163,0.5555555555555556,0.06333333333333335,0.3402061855670103,0.06185567010309278,0.5526992287917738,0.5782312925170069,2
5,2,2,0.5154639175257731,0.29081632653061223,0.2222222222222222,0.5966666666666667,0.27835051546391754,0.26288659793814434,0.2853470437017995,0.380952380952381,1
0,2,2,0.17525773195876287,0.16326530612244897,0.5555555555555556,0.4916666666666667,0.10309278350515463,0.16494845360824742,0.11825192802056554,0.11564625850340136,1
5,1,1,0.3505154639175258,0.20918367346938774,1.0,0.4900000000000001,0.15120274914089346,0.32989690721649484,0.18251928020565555,0.30612244897959184,1
3,1,1,0.13402061855670103,0.09693877551020408,0.6666666666666665,0.5183333333333333,0.020618556701030927,0.10309278350515463,0.11568123393316196,0.14285714285714288,1
3,2,2,0.18556701030927833,0.14030612244897958,0.3333333333333333,0.8316666666666668,0.10309278350515463,0.15979381443298968,0.13367609254498716,0.06802721088435375,1
5,1,2,0.9278350515463917,0.46683673469387754,1.0,0.32833333333333337,0.034364261168384876,0.015463917525773195,0.6143958868894602,0.7278911564625851,2
0,2,1,0.6082474226804123,0.3979591836734694,0.8888888888888888,0.26,0.44329896907216493,0.5567010309278351,0.4832904884318766,0.5986394557823129,2
5,2,2,0.010309278350515462,0.005102040816326529,0.3333333333333333,0.16000000000000003,0.013745704467353952,0.015463917525773195,0.023136246786632394,0.01360544217687075,2
1,1,2,0.061855670103092786,0.0510204081632653,0.4444444444444445,0.7833333333333334,0.03092783505154639,0.04639175257731959,0.06683804627249357,0.07482993197278912,1
0,2,2,0.3195876288659794,0.22193877551020405,0.7777777777777777,0.8283333333333334,0.10309278350515463,0.32989690721649484,0.2570694087403599,0.22448979591836737,1
1,2,2,0.5773195876288659,0.46938775510204084,1.0,0.4766666666666667,0.4845360824742268,0.15463917525773196,0.39331619537275064,0.40816326530612246,1
5,2,2,0.8556701030927835,0.5892857142857142,0.7777777777777777,0.5066666666666668,0.8625429553264604,0.8505154639175257,0.622107969151671,0.326530612244898,1
0,2,1,0.4020618556701031,0.31887755102040816,0.3333333333333333,0.8316666666666668,0.12714776632302405,0.03608247422680412,0.23393316195372751,0.1836734693877551,1
2,1,2,0.7835051546391752,0.6658163265306122,0.1111111111111111,0.7716666666666667,0.07560137457044673,0.4329896907216495,0.4190231362467866,0.45578231292517013,1
0,1,2,0.7525773195876289,0.5790816326530611,0.6666666666666665,0.7083333333333335,0.3058419243986254,0.24742268041237112,0.5115681233933163,0.4829931972789116,1
2,1,2,0.21649484536082472,0.21683673469387754,0.8888888888888888,0.06000000000000005,0.06185567010309278,0.041237113402061855,0.12596401028277637,0.10204081632653061,2
4,1,1,0.04123711340206185,0.0510204081632653,0.2222222222222222,0.32500000000000007,0.058419243986254296,0.03092783505154639,0.043701799485861184,0.020408163265306124,2
1,2,2,0.27835051546391754,0.2857142857142857,1.0,0.21833333333333338,0.12371134020618556,0.1958762886597938,0.14395886889460155,0.2108843537414966,2
5,2,2,0.07216494845360825,0.04846938775510204,0.0,0.19166666666666676,0.020618556701030927,0.08762886597938144,0.06683804627249357,0.04761904761904762,2
5,1,1,0.9072164948453607,0.5127551020408163,0.2222222222222222,0.2516666666666667,0.17869415807560138,0.5876288659793815,0.7172236503856042,0.6122448979591837,2
1,2,2,0.4742268041237113,0.35714285714285715,0.1111111111111111,0.31500000000000006,0.4261168384879725,0.4072164948453608,0.4473007712082262,0.2448979591836735,2
1,1,2,0.14432989690721648,0.1096938775510204,0.5555555555555556,0.19166666666666676,0.027491408934707903,0.03092783505154639,0.09254498714652956,0.10204081632653061,2
3,2,2,0.24742268041237112,0.19897959183673466,0.5555555555555556,0.20833333333333337,0.2508591065292096,0.0979381443298969,0.16709511568123395,0.14965986394557823,2
4,1,1,0.16494845360824742,0.1096938775510204,0.6666666666666665,0.255,0.058419243986254296,0.12371134020618556,0.11311053984575835,0.108843537414966,2
5,1,1,0.4329896907216495,0.29336734693877553,1.0,0.5566666666666666,0.2027491408934708,0.37628865979381443,0.38303341902313626,0.29251700680272114,1
2,2,2,0.0,0.0,1.0,0.3650000000000001,0.0,0.0,0.0025706940874035992,0.020408163265306124,2
4,2,1,0.061855670103092786,0.04591836734693877,0.2222222222222222,0.08833333333333337,0.024054982817869414,0.015463917525773195,0.06683804627249357,0.0816326530612245,2
3,1,2,0.13402061855670103,0.07397959183673469,0.1111111111111111,0.7783333333333333,0.06872852233676975,0.020618556701030927,0.08740359897172237,0.09523809523809525,1
0,2,1,0.7731958762886597,0.423469387755102,0.6666666666666665,0.28833333333333333,0.7594501718213058,0.20618556701030927,0.737789203084833,0.435374149659864,2
5,1,1,0.7216494845360825,0.5357142857142857,0.0,0.8350000000000002,0.3402061855670103,0.08762886597938144,0.5167095115681235,0.489795918367347,1
4,1,2,0.08247422680412371,0.0510204081632653,0.7777777777777777,0.405,0.006872852233676976,0.005154639175257732,0.043701799485861184,0.06802721088435375,2
1,1,2,0.6288659793814433,0.43112244897959184,0.5555555555555556,0.6900000000000002,0.3470790378006873,0.21649484536082475,0.6272493573264782,0.5782312925170069,1
3,1,2,0.17525773195876287,0.09693877551020408,0.5555555555555556,0.8833333333333335,0.15807560137457044,0.05670103092783505,0.12853470437017997,0.14285714285714288,1
5,1,2,0.4329896907216495,0.3826530612244898,0.1111111111111111,0.16833333333333333,0.006872852233676976,0.27835051546391754,0.442159383033419,0.163265306122449,1
0,2,2,0.9175257731958762,0.6658163265306122,0.2222222222222222,0.3633333333333334,0.5429553264604811,0.05670103092783505,0.8997429305912598,0.38775510204081637,2
2,1,1,0.07216494845360825,0.0510204081632653,1.0,0.11166666666666669,0.0,0.06185567010309278,0.07969151670951156,0.08843537414965986,2
0,1,1,0.4536082474226804,0.29846938775510207,0.5555555555555556,0.32166666666666677,0.15463917525773196,0.03608247422680412,0.4087403598971722,0.2448979591836735,2
2,1,1,0.9484536082474226,0.5714285714285714,0.6666666666666665,0.3416666666666667,0.1374570446735395,0.8711340206185567,0.6272493573264782,0.7823129251700681,2
5,1,2,0.6907216494845361,0.6683673469387754,0.7777777777777777,0.036666666666666736,0.70446735395189,0.5051546391752577,0.4318766066838046,0.6394557823129252,2
2,1,2,0.010309278350515462,0.01530612244897959,0.3333333333333333,0.7250000000000001,0.027491408934707903,0.020618556701030927,0.005141388174807198,0.006802721088435375,1
5,1,1,0.17525773195876287,0.16326530612244897,0.0,0.5366666666666666,0.14432989690721648,0.010309278350515464,0.09254498714652956,0.11564625850340136,1
4,1,1,0.4329896907216495,0.4107142857142857,0.2222222222222222,0.3550000000000001,0.18556701030927836,0.3865979381443299,0.32904884318766064,0.38775510204081637,2
4,2,1,0.10309278350515463,0.09693877551020408,0.7777777777777777,0.4750000000000001,0.03092783505154639,0.04639175257731959,0.05141388174807198,0.06122448979591837,1
1,1,1,0.08247422680412371,0.06887755102040817,0.4444444444444445,0.855,0.09965635738831614,0.02577319587628866,0.07712082262210797,0.054421768707483,1
0,1,2,0.29896907216494845,0.2576530612244898,0.8888888888888888,0.5366666666666666,0.044673539518900345,0.25773195876288657,0.17737789203084833,0.108843537414966,1
1,1,1,0.1958762886597938,0.1530612244897959,0.7777777777777777,0.9983333333333335,0.08247422680412371,0.1134020618556701,0.10539845758354756,0.14965986394557823,1
0,2,2,0.1958762886597938,0.11224489795918367,0.0,0.265,0.1374570446735395,0.06701030927835051,0.20051413881748073,0.0816326530612245,2
4,1,2,0.9484536082474226,0.8418367346938774,0.8888888888888888,0.11499999999999999,0.7079037800687284,0.28865979381443296,0.8200514138817482,0.489795918367347,2
2,2,2,0.979381443298969,0.9540816326530611,0.2222222222222222,0.5016666666666667,0.010309278350515464,0.15979381443298968,0.6041131105398458,0.8027210884353743,1
4,1,2,0.12371134020618556,0.06122448979591836,0.8888888888888888,0.6716666666666666,0.020618556701030927,0.06701030927835051,0.13110539845758357,0.06122448979591837,1
2,2,2,0.4639175257731959,0.3647959183673469,1.0,0.4950000000000001,0.281786941580756,0.30927835051546393,0.35475578406169667,0.46258503401360546,1
3,2,1,0.4020618556701031,0.33163265306122447,0.4444444444444445,0.6166666666666667,0.06529209621993128,0.28350515463917525,0.33161953727506427,0.41496598639455784,1
4,2,1,0.10309278350515463,0.06377551020408163,0.2222222222222222,0.10999999999999999,0.1134020618556701,0.015463917525773195,0.10025706940874035,0.09523809523809525,2
5,2,2,0.7938144329896907,0.7015306122448979,0.7777777777777777,0.9283333333333335,0.8006872852233676,0.6443298969072164,0.43444730077120824,0.7210884353741497,1
2,2,2,0.6597938144329897,0.375,0.7777777777777777,0.16833333333333333,0.46735395189003437,0.3402061855670103,0.596401028277635,0.22448979591836737,2
0,2,2,0.20618556701030927,0.21683673469387754,0.1111111111111111,0.2283333333333334,0.054982817869415807,0.11855670103092783,0.20565552699228792,0.1360544217687075,1
3,2,2,0.5463917525773195,0.4413265306122449,0.3333333333333333,0.9700000000000002,0.1993127147766323,0.4020618556701031,0.5141388174807199,0.2108843537414966,1
4,1,2,0.5051546391752577,0.3877551020408163,0.3333333333333333,0.15333333333333332,0.23024054982817868,0.4175257731958763,0.34190231362467866,0.45578231292517013,2
2,2,1,0.3814432989690722,0.18877551020408162,0.4444444444444445,0.20166666666666666,0.3333333333333333,0.3865979381443299,0.35475578406169667,0.14285714285714288,2
5,1,2,0.0,0.0025510204081632647,0.2222222222222222,0.7033333333333334,0.010309278350515464,0.015463917525773195,0.0025706940874035992,0.006802721088435375,1
4,1,2,0.5773195876288659,0.3673469387755102,0.4444444444444445,0.6533333333333333,0.07903780068728522,0.520618556701031,0.4473007712082262,0.2653061224489796,1
5,2,2,0.8350515463917525,0.520408163265306,0.0,0.395,0.28865979381443296,0.7371134020618556,0.4987146529562982,0.5306122448979592,2
5,1,1,0.24742268041237112,0.13265306122448978,0.3333333333333333,0.6266666666666667,0.23024054982817868,0.041237113402061855,0.17737789203084833,0.08843537414965986,1
1,1,2,0.1958762886597938,0.19897959183673466,0.2222222222222222,0.8616666666666668,0.15807560137457044,0.14948453608247422,0.11825192802056554,0.19727891156462588,1
4,2,2,0.3814432989690722,0.26785714285714285,1.0,0.22166666666666668,0.16151202749140894,0.08247422680412371,0.36503856041131105,0.1564625850340136,2
1,1,1,0.5154639175257731,0.40816326530612246,0.2222222222222222,0.3733333333333334,0.37800687285223367,0.17525773195876287,0.5244215938303343,0.3129251700680272,2
3,2,1,0.7835051546391752,0.6147959183673468,1.0,0.31666666666666676,0.23024054982817868,0.26288659793814434,0.4473007712082262,0.27891156462585037,2
3,2,1,0.5360824742268041,0.35714285714285715,0.1111111111111111,0.4916666666666667,0.140893470790378,0.14432989690721648,0.4884318766066838,0.33333333333333337,1
2,2,2,0.27835051546391754,0.2729591836734694,0.0,0.8916666666666668,0.1683848797250859,0.16494845360824742,0.2879177377892031,0.09523809523809525,1
4,1,2,0.7113402061855669,0.7142857142857142,0.2222222222222222,0.9166666666666667,0.1924398625429553,0.36597938144329895,0.660668380462725,0.6598639455782314,1
1,1,1,0.061855670103092786,0.05612244897959184,0.1111111111111111,0.18166666666666675,0.044673539518900345,0.05154639175257732,0.07197943444730077,0.06122448979591837,1
5,1,1,0.32989690721649484,0.31887755102040816,0.4444444444444445,0.7666666666666668,0.3367697594501718,0.22164948453608246,0.2750642673521851,0.3129251700680272,1
1,1,1,0.6804123711340205,0.4413265306122449,0.6666666666666665,0.07333333333333336,0.18900343642611683,0.28865979381443296,0.45758354755784064,0.5238095238095238,2
4,1,1,0.7010309278350515,0.6836734693877551,0.5555555555555556,0.9683333333333335,0.2852233676975945,0.4845360824742268,0.43444730077120824,0.6462585034013606,1
0,1,1,0.9381443298969071,0.6173469387755102,0.4444444444444445,0.5,0.6941580756013745,0.03608247422680412,0.8303341902313626,0.3673469387755102,1
2,1,2,0.7525773195876289,0.49999999999999994,0.4444444444444445,0.8166666666666667,0.12027491408934708,0.6701030927835051,0.5038560411311055,0.40136054421768713,1
3,1,1,0.8041237113402061,0.7882653061224489,1.0,0.15333333333333332,0.2508591065292096,0.4329896907216495,0.40359897172236503,0.40816326530612246,2
5,1,1,0.14432989690721648,0.09693877551020408,0.0,0.7466666666666668,0.04810996563573883,0.05154639175257732,0.10025706940874035,0.06802721088435375,1
1,1,1,0.6701030927835051,0.4719387755102041,0.2222222222222222,0.8300000000000001,0.29896907216494845,0.30412371134020616,0.455012853470437,0.41496598639455784,1
3,2,2,0.3711340206185567,0.28316326530612246,0.1111111111111111,0.03833333333333333,0.1993127147766323,0.20618556701030927,0.23907455012853474,0.29931972789115646,1
1,2,1,0.2577319587628866,0.1301020408163265,0.2222222222222222,0.18833333333333335,0.16494845360824742,0.07731958762886598,0.14910025706940874,0.17687074829931973,2
3,1,2,0.1134020618556701,0.0663265306122449,0.3333333333333333,0.7216666666666667,0.13058419243986255,0.0979381443298969,0.08997429305912596,0.12244897959183675,1
4,2,2,0.32989690721649484,0.2602040816326531,0.7777777777777777,0.405,0.10652920962199312,0.23195876288659792,0.27763496143958866,0.30612244897959184,2
3,1,2,0.32989690721649484,0.27040816326530615,0.6666666666666665,0.7616666666666667,0.18556701030927836,0.08247422680412371,0.19023136246786634,0.20408163265306123,1
5,1,1,0.22680412371134018,0.16581632653061223,0.3333333333333333,0.27333333333333343,0.06529209621993128,0.06701030927835051,0.2365038560411311,0.1292517006802721,2
0,2,2,0.17525773195876287,0.1683673469387755,0.1111111111111111,0.7483333333333335,0.07216494845360824,0.19072164948453607,0.10282776349614396,0.14965986394557823,1
4,1,2,0.05154639175257732,0.04846938775510204,0.2222222222222222,0.6333333333333333,0.010309278350515464,0.010309278350515464,0.056555269922879174,0.020408163265306124,1
1,2,2,0.6907216494845361,0.5255102040816326,0.1111111111111111,0.4566666666666668,0.10996563573883161,0.09278350515463918,0.634961439588689,0.35374149659863946,1
5,1,1,0.010309278350515462,0.012755102040816325,0.8888888888888888,0.79,0.013745704467353952,0.010309278350515464,0.015424164524421594,0.0272108843537415,1
3,2,2,0.5979381443298969,0.46938775510204084,0.4444444444444445,0.14500000000000002,0.2268041237113402,0.31958762886597936,0.5912596401028278,0.45578231292517013,2
1,2,2,0.422680412371134,0.4107142857142857,1.0,0.16166666666666674,0.23024054982817868,0.31958762886597936,0.2544987146529563,0.38775510204081637,2
4,1,2,0.5773195876288659,0.336734693877551,0.6666666666666665,0.8600000000000001,0.4742268041237113,0.47938144329896903,0.5167095115681235,0.5374149659863946,1
2,1,1,0.3195876288659794,0.16326530612244897,0.3333333333333333,0.9083333333333334,0.044673539518900345,0.23711340206185566,0.30848329048843187,0.217687074829932,1
2,2,2,0.020618556701030927,0.030612244897959183,0.1111111111111111,0.7383333333333335,0.024054982817869414,0.02577319587628866,0.023136246786632394,0.020408163265306124,1
5,2,2,0.010309278350515462,0.007653061224489796,0.1111111111111111,0.19666666666666666,0.017182130584192438,0.010309278350515464,0.010282776349614397,0.01360544217687075,2
1,2,2,0.4123711340206186,0.2653061224489796,0.2222222222222222,0.2766666666666667,0.2542955326460481,0.36082474226804123,0.35218508997429304,0.3197278911564626,2
2,2,1,0.04123711340206185,0.0510204081632653,0.5555555555555556,0.05833333333333335,0.013745704467353952,0.04639175257731959,0.023136246786632394,0.0272108843537415,2
5,2,1,0.4329896907216495,0.38010204081632654,0.2222222222222222,0.2433333333333334,0.32646048109965636,0.1134020618556701,0.42159383033419023,0.39455782312925175,2
0,1,1,0.9278350515463917,0.7423469387755102,0.0,0.9466666666666668,0.3161512027491409,0.711340206185567,0.8149100257069409,0.36054421768707484,1
2,1,1,0.6907216494845361,0.6377551020408162,0.1111111111111111,0.7716666666666667,0.30927835051546393,0.18556701030927836,0.5398457583547558,0.3741496598639456,1
5,2,1,0.5051546391752577,0.34183673469387754,0.6666666666666665,0.3783333333333334,0.415807560137457,0.4587628865979381,0.4910025706940874,0.3197278911564626,2
4,1,2,0.32989690721649484,0.3163265306122449,0.0,0.7350000000000001,0.1134020618556701,0.31443298969072164,0.19023136246786634,0.25170068027210885,1
4,2,1,0.8659793814432989,0.6760204081632653,0.5555555555555556,0.8366666666666667,0.2542955326460481,0.14432989690721648,0.8174807197943446,0.7959183673469389,1
3,2,1,0.9278350515463917,0.7295918367346939,0.3333333333333333,0.3966666666666667,0.4776632302405498,0.42783505154639173,0.8251928020565553,0.33333333333333337,2
5,1,1,0.4742268041237113,0.40816326530612246,0.1111111111111111,0.3716666666666667,0.3024054982817869,0.11855670103092783,0.2493573264781491,0.1904761904761905,1
4,2,2,0.26804123711340205,0.2040816326530612,0.6666666666666665,0.135,0.10996563573883161,0.05670103092783505,0.22622107969151672,0.10204081632653061,2
1,1,1,0.32989690721649484,0.17091836734693877,0.1111111111111111,0.39,0.10652920962199312,0.08247422680412371,0.3264781491002571,0.272108843537415,2
5,2,1,0.061855670103092786,0.04846938775510204,0.6666666666666665,0.4566666666666668,0.07560137457044673,0.06185567010309278,0.03598971722365039,0.07482993197278912,1
1,2,2,0.4020618556701031,0.2755102040816327,0.2222222222222222,0.17500000000000004,0.41237113402061853,0.14948453608247422,0.22365038560411313,0.40136054421768713,2
0,2,2,0.17525773195876287,0.08928571428571429,0.7777777777777777,0.40333333333333343,0.027491408934707903,0.02577319587628866,0.09511568123393316,0.14285714285714288,2
5,1,1,0.6701030927835051,0.6403061224489796,0.6666666666666665,0.8666666666666667,0.3539518900343642,0.4175257731958763,0.46786632390745503,0.2653061224489796,1
0,1,2,0.5154639175257731,0.33418367346938777,0.0,0.3416666666666667,0.41237113402061853,0.4072164948453608,0.5167095115681235,0.4217687074829932,2
3,1,1,0.6701030927835051,0.4107142857142857,0.0,0.3466666666666667,0.15120274914089346,0.5618556701030928,0.6426735218508998,0.6258503401360545,2
1,2,1,0.4639175257731959,0.375,1.0,0.8916666666666668,0.07216494845360824,0.12886597938144329,0.2519280205655527,0.2585034013605442,1
0,2,2,0.5979381443298969,0.5535714285714285,0.5555555555555556,0.8766666666666667,0.04810996563573883,0.10309278350515463,0.35475578406169667,0.4761904761904762,1
5,2,1,0.6494845360824741,0.4744897959183673,0.5555555555555556,0.21166666666666667,0.17525773195876287,0.0979381443298969,0.4601542416452442,0.5306122448979592,2
3,1,2,0.03092783505154639,0.0433673469387755,0.5555555555555556,0.9833333333333334,0.027491408934707903,0.03608247422680412,0.038560411311053984,0.0272108843537415,1
4,2,2,0.5670103092783505,0.33163265306122447,0.0,0.05500000000000005,0.3230240549828179,0.15463917525773196,0.29562982005141386,0.5578231292517007,2
4,2,1,0.6804123711340205,0.5025510204081632,0.5555555555555556,0.6316666666666668,0.6941580756013745,0.5618556701030928,0.6838046272493574,0.44897959183673475,1
5,2,2,0.29896907216494845,0.30612244897959184,0.8888888888888888,0.8416666666666668,0.1683848797250859,0.0979381443298969,0.14910025706940874,0.1904761904761905,1
3,2,2,0.5051546391752577,0.2729591836734694,0.7777777777777777,0.8766666666666667,0.4054982817869416,0.14948453608247422,0.32390745501285345,0.1836734693877551,1
1,2,1,0.6288659793814433,0.6020408163265305,0.4444444444444445,0.9066666666666667,0.5601374570446735,0.25257731958762886,0.4241645244215938,0.30612244897959184,1
5,1,1,0.4329896907216495,0.3520408163265306,0.4444444444444445,0.605,0.18213058419243985,0.25257731958762886,0.442159383033419,0.17687074829931973,1
1,2,2,0.8144329896907216,0.5510204081632653,0.2222222222222222,0.9733333333333334,0.5189003436426116,0.27835051546391754,0.699228791773779,0.44897959183673475,1
1,2,2,0.09278350515463918,0.08673469387755102,0.0,0.3466666666666667,0.006872852233676976,0.0,0.048843187660668384,0.08843537414965986,1
0,1,1,0.22680412371134018,0.1683673469387755,0.1111111111111111,0.4683333333333334,0.17525773195876287,0.23195876288659792,0.14652956298200515,0.23129251700680273,1
3,1,1,0.7010309278350515,0.6632653061224489,0.5555555555555556,0.30166666666666675,0.49140893470790376,0.6597938144329897,0.38046272493573263,0.6734693877551021,2
1,1,1,0.8762886597938143,0.7576530612244897,0.5555555555555556,0.405,0.7525773195876289,0.654639175257732,0.7789203084832905,0.8639455782312926,2
0,2,1,0.3402061855670103,0.3137755102040816,0.4444444444444445,0.2466666666666667,0.041237113402061855,0.12886597938144329,0.2596401028277635,0.2448979591836735,2
1,1,1,0.14432989690721648,0.12755102040816324,0.1111111111111111,0.6883333333333335,0.04810996563573883,0.07216494845360824,0.11825192802056554,0.08843537414965986,1
5,2,1,0.7835051546391752,0.4336734693877551,0.7777777777777777,0.32166666666666677,0.027491408934707903,0.23195876288659792,0.41131105398457585,0.6326530612244898,2
2,2,2,0.36082474226804123,0.2270408163265306,0.4444444444444445,0.865,0.2920962199312715,0.10309278350515463,0.2544987146529563,0.2108843537414966,1
0,2,2,0.4742268041237113,0.39285714285714285,0.4444444444444445,0.16333333333333333,0.1683848797250859,0.38144329896907214,0.4318766066838046,0.435374149659864,2
0,1,1,0.27835051546391754,0.18367346938775508,0.8888888888888888,0.6533333333333333,0.10996563573883161,0.015463917525773195,0.18508997429305915,0.272108843537415,1
5,1,1,0.49484536082474223,0.3647959183673469,0.8888888888888888,0.3483333333333334,0.4054982817869416,0.12886597938144329,0.5012853470437019,0.33333333333333337,2
0,1,1,0.7628865979381443,0.45408163265306123,0.7777777777777777,0.2316666666666667,0.43986254295532645,0.30412371134020616,0.7583547557840618,0.7210884353741497,2
1,1,2,0.288659793814433,0.23214285714285712,0.1111111111111111,0.5366666666666666,0.020618556701030927,0.18041237113402062,0.23907455012853474,0.1360544217687075,1
3,2,1,0.0,0.01020408163265306,0.8888888888888888,0.3766666666666667,0.013745704467353952,0.005154639175257732,0.005141388174807198,0.0,2
5,2,1,0.6804123711340205,0.4770408163265306,0.3333333333333333,0.9416666666666667,0.32646048109965636,0.3711340206185567,0.634961439588689,0.4285714285714286,1
5,2,1,0.979381443298969,0.6913265306122448,0.0,0.046666666666666745,0.0,0.9484536082474226,0.557840616966581,0.5374149659863946,2
0,1,1,0.10309278350515463,0.09948979591836735,0.1111111111111111,0.78,0.09621993127147765,0.1134020618556701,0.06426735218508997,0.10204081632653061,1
5,2,1,0.7422680412371133,0.6045918367346939,0.7777777777777777,0.9233333333333333,0.14776632302405499,0.34536082474226804,0.5218508997429306,0.5918367346938775,1
4,1,2,0.6907216494845361,0.5229591836734693,0.1111111111111111,0.8983333333333334,0.08934707903780069,0.12371134020618556,0.40616966580976865,0.5034013605442177,1
0,2,1,0.9175257731958762,0.586734693877551,0.8888888888888888,0.19000000000000006,0.6082474226804123,0.12886597938144329,0.8611825192802057,0.435374149659864,2
0,1,1,0.1134020618556701,0.11224489795918367,0.7777777777777777,0.3833333333333334,0.10996563573883161,0.05154639175257732,0.08997429305912596,0.054421768707483,2
3,1,2,0.6597938144329897,0.3647959183673469,0.4444444444444445,0.9016666666666668,0.5257731958762887,0.6237113402061856,0.37275064267352187,0.40816326530612246,1
3,2,1,0.16494845360824742,0.1377551020408163,0.6666666666666665,0.6166666666666667,0.18213058419243985,0.15979381443298968,0.08226221079691516,0.1836734693877551,1
5,2,1,0.8247422680412371,0.5255102040816326,0.6666666666666665,0.7100000000000002,0.3917525773195876,0.24742268041237112,0.660668380462725,0.5714285714285715,1
4,2,2,0.26804123711340205,0.2040816326530612,0.6666666666666665,0.08666666666666667,0.1683848797250859,0.13402061855670103,0.17480719794344474,0.25170068027210885,2
1,1,1,0.7010309278350515,0.4005102040816326,0.1111111111111111,0.42333333333333334,0.4467353951890034,0.44329896907216493,0.6760925449871465,0.5374149659863946,1
4,1,2,0.05154639175257732,0.038265306122448974,0.8888888888888888,0.7133333333333334,0.013745704467353952,0.06701030927835051,0.048843187660668384,0.04081632653061225,1
0,2,2,0.7422680412371133,0.6428571428571428,0.2222222222222222,0.2716666666666667,0.07903780068728522,0.28865979381443296,0.6812339331619538,0.5714285714285715,2
5,2,1,0.21649484536082472,0.11989795918367348,0.4444444444444445,0.21833333333333338,0.010309278350515464,0.19072164948453607,0.21593830334190234,0.19727891156462588,2
1,1,1,0.04123711340206185,0.04081632653061224,0.3333333333333333,0.2416666666666667,0.041237113402061855,0.005154639175257732,0.03341902313624679,0.020408163265306124,2
5,1,2,0.08247422680412371,0.06887755102040817,0.1111111111111111,0.9933333333333334,0.09621993127147765,0.05670103092783505,0.043701799485861184,0.07482993197278912,1
1,2,1,0.20618556701030927,0.12499999999999999,0.3333333333333333,0.20000000000000007,0.09965635738831614,0.005154639175257732,0.12082262210796914,0.1564625850340136,2
1,2,2,0.8041237113402061,0.7806122448979591,0.0,0.025000000000000022,0.8075601374570447,0.06185567010309278,0.49357326478149105,0.49659863945578236,1
4,2,2,0.8659793814432989,0.5255102040816326,0.4444444444444445,0.9450000000000001,0.8350515463917526,0.3711340206185567,0.6015424164524422,0.6734693877551021,1
3,2,1,0.7525773195876289,0.6556122448979591,0.0,0.07000000000000006,0.4776632302405498,0.0979381443298969,0.6838046272493574,0.761904761904762,1
5,2,1,0.5154639175257731,0.29336734693877553,0.8888888888888888,0.685,0.49140893470790376,0.26288659793814434,0.390745501285347,0.30612244897959184,1
2,2,2,0.7938144329896907,0.5255102040816326,0.0,0.7050000000000001,0.058419243986254296,0.09278350515463918,0.41131105398457585,0.4829931972789116,1
1,1,1,0.4123711340206186,0.28061224489795916,0.1111111111111111,0.6733333333333333,0.16151202749140894,0.14432989690721648,0.37532133676092544,0.272108843537415,1
0,1,2,0.6494845360824741,0.5076530612244897,0.7777777777777777,0.9033333333333333,0.2852233676975945,0.6288659793814433,0.35989717223650386,0.653061224489796,1
0,1,1,0.7422680412371133,0.38010204081632654,0.5555555555555556,0.5,0.21305841924398625,0.4381443298969072,0.4755784061696658,0.27891156462585037,1
3,2,2,0.9175257731958762,0.645408163265306,0.5555555555555556,0.6466666666666667,0.3058419243986254,0.8402061855670103,0.7095115681233933,0.7551020408163266,1
0,2,2,0.061855670103092786,0.0510204081632653,0.7777777777777777,0.7316666666666667,0.06185567010309278,0.03092783505154639,0.043701799485861184,0.0272108843537415,1
1,1,1,0.061855670103092786,0.06377551020408163,0.4444444444444445,0.8300000000000001,0.044673539518900345,0.06701030927835051,0.056555269922879174,0.0272108843537415,1
5,1,1,0.4020618556701031,0.24489795918367344,0.1111111111111111,0.03166666666666673,0.2611683848797251,0.38144329896907214,0.30077120822622105,0.3741496598639456,2
5,1,1,0.4123711340206186,0.21428571428571427,0.2222222222222222,0.4716666666666667,0.20618556701030927,0.041237113402061855,0.21079691516709514,0.17006802721088438,1
3,1,1,0.4742268041237113,0.2857142857142857,0.5555555555555556,0.3916666666666667,0.12371134020618556,0.41237113402061853,0.39331619537275064,0.3673469387755102,2
3,2,1,0.8350515463917525,0.6530612244897959,0.3333333333333333,0.6600000000000001,0.49484536082474223,0.6288659793814433,0.596401028277635,0.4829931972789116,1
4,2,2,0.7628865979381443,0.6020408163265305,0.3333333333333333,0.6200000000000001,0.0859106529209622,0.08247422680412371,0.5115681233933163,0.45578231292517013,1
4,1,2,0.5051546391752577,0.30612244897959184,1.0,0.18333333333333335,0.3161512027491409,0.4742268041237113,0.4730077120822622,0.380952380952381,2
5,1,2,0.3505154639175258,0.288265306122449,0.6666666666666665,0.41000000000000003,0.2920962199312715,0.015463917525773195,0.30077120822622105,0.326530612244898,2
3,2,1,0.5360824742268041,0.42091836734693877,0.7777777777777777,0.41666666666666674,0.3676975945017182,0.32989690721649484,0.33676092544987146,0.4761904761904762,1
5,2,2,0.05154639175257732,0.028061224489795915,0.1111111111111111,0.07333333333333336,0.05154639175257732,0.041237113402061855,0.059125964010282785,0.020408163265306124,2
2,2,1,0.9896907216494845,0.9668367346938774,0.4444444444444445,0.7383333333333335,0.18556701030927836,0.7628865979381443,0.6169665809768639,0.36054421768707484,1
4,1,2,0.979381443298969,0.9209183673469387,0.1111111111111111,0.7866666666666668,0.4742268041237113,0.5824742268041236,0.9717223650385605,0.9183673469387755,1
0,1,1,0.9484536082474226,0.7551020408163265,0.5555555555555556,0.0033333333333334103,0.422680412371134,0.07731958762886598,0.9100257069408741,0.5578231292517007,2
3,1,1,0.30927835051546393,0.22448979591836732,0.8888888888888888,0.1266666666666667,0.15463917525773196,0.041237113402061855,0.22365038560411313,0.11564625850340136,2
0,1,1,0.36082474226804123,0.288265306122449,0.4444444444444445,0.7450000000000001,0.0,0.23195876288659792,0.22365038560411313,0.2380952380952381,1
2,1,1,0.4123711340206186,0.39540816326530615,0.2222222222222222,0.6833333333333333,0.422680412371134,0.19072164948453607,0.3161953727506427,0.3129251700680272,1
2,2,2,0.7010309278350515,0.6096938775510203,0.2222222222222222,0.9866666666666668,0.7079037800687284,0.02577319587628866,0.5424164524421594,0.6258503401360545,1
3,2,2,0.30927835051546393,0.2857142857142857,0.7777777777777777,0.32000000000000006,0.16494845360824742,0.11855670103092783,0.2596401028277635,0.217687074829932,2
5,1,2,0.7938144329896907,0.44387755102040816,0.0,0.43166666666666675,0.6769759450171822,0.14432989690721648,0.7352185089974294,0.3673469387755102,1
3,2,2,0.20618556701030927,0.2040816326530612,0.8888888888888888,0.023333333333333317,0.037800687285223365,0.04639175257731959,0.14138817480719795,0.1360544217687075,2
0,1,1,0.2577319587628866,0.20663265306122447,0.2222222222222222,0.74,0.041237113402061855,0.211340206185567,0.18508997429305915,0.1360544217687075,1
5,2,2,0.6804123711340205,0.45153061224489793,0.5555555555555556,0.6500000000000001,0.6116838487972508,0.6082474226804123,0.634961439588689,0.6326530612244898,1
3,1,1,0.6288659793814433,0.586734693877551,0.1111111111111111,0.07833333333333337,0.6288659793814433,0.6288659793814433,0.5347043701799487,0.5510204081632654,1
5,1,1,0.9072164948453607,0.7933673469387754,0.0,0.6283333333333334,0.41237113402061853,0.5567010309278351,0.5244215938303343,0.5918367346938775,1
1,1,2,0.4639175257731959,0.39285714285714285,0.1111111111111111,0.28,0.4570446735395189,0.26288659793814434,0.4087403598971722,0.2448979591836735,1
2,2,2,0.8144329896907216,0.4387755102040816,0.1111111111111111,0.6233333333333333,0.3711340206185567,0.654639175257732,0.5886889460154242,0.6326530612244898,1
2,2,2,0.9072164948453607,0.6887755102040816,0.6666666666666665,0.08833333333333337,0.7766323024054983,0.2268041237113402,0.6838046272493574,0.489795918367347,2
4,2,2,0.3711340206185567,0.3520408163265306,0.3333333333333333,0.7116666666666667,0.13402061855670103,0.25257731958762886,0.20308483290488433,0.3673469387755102,1
4,2,1,0.8865979381443299,0.5586734693877551,0.4444444444444445,0.3533333333333334,0.23367697594501718,0.20618556701030927,0.8123393316195373,0.6734693877551021,2
3,2,1,0.8762886597938143,0.6862244897959183,0.8888888888888888,0.2566666666666667,0.3127147766323024,0.47938144329896903,0.7866323907455014,0.8163265306122449,2
5,2,2,0.49484536082474223,0.3086734693877551,0.6666666666666665,0.025000000000000022,0.2542955326460481,0.44329896907216493,0.42930591259640105,0.272108843537415,2
0,2,1,0.5979381443298969,0.5714285714285714,0.4444444444444445,0.30000000000000004,0.006872852233676976,0.61340206185567,0.3444730077120823,0.5918367346938775,2
2,1,1,0.9175257731958762,0.6096938775510203,0.7777777777777777,0.6416666666666668,0.8797250859106529,0.0979381443298969,0.7917737789203085,0.6190476190476191,1
1,1,2,0.7422680412371133,0.4489795918367347,0.2222222222222222,0.2666666666666667,0.08934707903780069,0.06701030927835051,0.6580976863753214,0.34013605442176875,2
1,2,1,0.8350515463917525,0.7168367346938774,0.7777777777777777,0.6733333333333333,0.04810996563573883,0.6030927835051546,0.4267352185089974,0.7755102040816327,1
1,1,1,0.7628865979381443,0.6020408163265305,0.5555555555555556,0.6533333333333333,0.017182130584192438,0.6288659793814433,0.686375321336761,0.34013605442176875,1
1,2,1,0.3402061855670103,0.23724489795918366,0.1111111111111111,0.16333333333333333,0.058419243986254296,0.30927835051546393,0.19537275064267354,0.3129251700680272,2
5,1,1,0.08247422680412371,0.0816326530612245,0.8888888888888888,0.9700000000000002,0.03092783505154639,0.02577319587628866,0.06683804627249357,0.04081632653061225,1
5,1,1,0.9999999999999999,0.6530612244897959,0.1111111111111111,0.9333333333333333,0.26804123711340205,0.010309278350515464,0.9691516709511568,0.3673469387755102,1
2,1,1,0.5670103092783505,0.37755102040816324,0.8888888888888888,0.050000000000000044,0.2027491408934708,0.1958762886597938,0.4190231362467866,0.4217687074829932,2
5,1,2,0.05154639175257732,0.05357142857142857,0.7777777777777777,0.245,0.044673539518900345,0.03608247422680412,0.059125964010282785,0.054421768707483,2
0,2,1,0.9690721649484535,0.5994897959183673,0.5555555555555556,0.8133333333333335,0.3402061855670103,0.7422680412371134,0.5372750642673523,0.7074829931972789,1
1,2,2,0.9381443298969071,0.7295918367346939,0.2222222222222222,0.3766666666666667,0.38144329896907214,0.08247422680412371,0.4987146529562982,0.7482993197278912,2
0,1,2,0.9587628865979381,0.7168367346938774,0.8888888888888888,0.4616666666666668,0.21305841924398625,0.5309278350515464,0.7686375321336761,0.9591836734693878,1
4,1,1,0.8762886597938143,0.5892857142857142,0.7777777777777777,0.12,0.3642611683848797,0.6030927835051546,0.506426735218509,0.54421768707483,2
5,1,1,0.7319587628865979,0.5280612244897959,0.6666666666666665,0.7650000000000001,0.5326460481099656,0.41237113402061853,0.5141388174807199,0.7346938775510204,1
3,1,1,0.4020618556701031,0.3163265306122449,0.4444444444444445,0.275,0.21993127147766323,0.0979381443298969,0.35475578406169667,0.217687074829932,2
2,1,2,0.27835051546391754,0.2525510204081633,0.1111111111111111,0.8150000000000002,0.041237113402061855,0.211340206185567,0.14910025706940874,0.2448979591836735,1
3,1,1,0.7525773195876289,0.4489795918367347,0.0,0.6333333333333333,0.24054982817869416,0.6082474226804123,0.634961439588689,0.4285714285714286,1
1,1,2,0.7938144329896907,0.6479591836734693,1.0,0.635,0.5120274914089347,0.15463917525773196,0.45758354755784064,0.5986394557823129,1
1,1,1,0.6907216494845361,0.5612244897959183,0.7777777777777777,0.6216666666666668,0.5979381443298969,0.005154639175257732,0.5398457583547558,0.6122448979591837,1
0,2,2,0.6907216494845361,0.5765306122448979,0.4444444444444445,0.021666666666666723,0.1924398625429553,0.47938144329896903,0.6658097686375322,0.54421768707483,2
0,2,2,0.4742268041237113,0.4719387755102041,0.7777777777777777,0.41833333333333345,0.27147766323024053,0.4845360824742268,0.4370179948586118,0.3741496598639456,1
5,1,1,0.7731958762886597,0.6147959183673468,0.3333333333333333,0.255,0.04810996563573883,0.39690721649484534,0.557840616966581,0.6802721088435375,2
3,2,2,0.6907216494845361,0.5714285714285714,0.1111111111111111,0.5833333333333335,0.03092783505154639,0.6907216494845361,0.390745501285347,0.435374149659864,1
1,2,2,0.10309278350515463,0.10714285714285714,0.1111111111111111,0.2316666666666667,0.10996563573883161,0.09278350515463918,0.06683804627249357,0.0816326530612245,1
1,1,2,0.27835051546391754,0.23724489795918366,0.1111111111111111,0.5966666666666667,0.281786941580756,0.22164948453608246,0.17223650385604114,0.1836734693877551,1
4,1,1,0.5463917525773195,0.4744897959183673,0.2222222222222222,0.1316666666666667,0.4776632302405498,0.4690721649484536,0.46786632390745503,0.2108843537414966,2
4,1,1,0.30927835051546393,0.2653061224489796,0.1111111111111111,0.25,0.2508591065292096,0.15463917525773196,0.20308483290488433,0.12244897959183675,1
5,2,2,0.24742268041237112,0.20153061224489793,0.1111111111111111,0.915,0.2542955326460481,0.10309278350515463,0.22107969151670953,0.1836734693877551,1
0,1,2,0.03092783505154639,0.033163265306122444,0.8888888888888888,0.9416666666666667,0.04810996563573883,0.020618556701030927,0.017994858611825194,0.01360544217687075,1
0,1,2,0.16494845360824742,0.1683673469387755,0.4444444444444445,0.9216666666666669,0.03092783505154639,0.020618556701030927,0.08740359897172237,0.11564625850340136,2
0,2,2,0.1134020618556701,0.11734693877551021,0.5555555555555556,0.42500000000000004,0.08247422680412371,0.06185567010309278,0.09768637532133675,0.11564625850340136,1
1,2,2,0.9999999999999999,0.520408163265306,1.0,0.8683333333333334,0.436426116838488,0.422680412371134,0.9717223650385605,0.7551020408163266,1
0,2,2,0.18556701030927833,0.11224489795918367,0.0,0.8666666666666667,0.16151202749140894,0.02577319587628866,0.19537275064267354,0.0816326530612245,1
1,2,2,0.5051546391752577,0.3826530612244898,0.1111111111111111,0.7016666666666667,0.24054982817869416,0.31443298969072164,0.3856041131105398,0.40136054421768713,1
4,1,1,0.8247422680412371,0.6045918367346939,1.0,0.885,0.7903780068728522,0.15463917525773196,0.6298200514138819,0.3673469387755102,1
5,2,2,0.4123711340206186,0.3137755102040816,0.8888888888888888,0.45166666666666677,0.3058419243986254,0.16494845360824742,0.2930591259640103,0.4217687074829932,1
2,2,1,0.1134020618556701,0.11734693877551021,0.3333333333333333,0.4700000000000001,0.07216494845360824,0.09278350515463918,0.07969151670951156,0.11564625850340136,1
1,2,1,0.4536082474226804,0.3392857142857143,0.8888888888888888,0.31166666666666676,0.3848797250859106,0.4381443298969072,0.390745501285347,0.3673469387755102,2
1,2,2,0.6597938144329897,0.49489795918367346,0.5555555555555556,0.7633333333333334,0.549828178694158,0.2268041237113402,0.4755784061696658,0.6462585034013606,1
2,1,1,0.8350515463917525,0.760204081632653,0.7777777777777777,0.56,0.17869415807560138,0.26288659793814434,0.8431876606683806,0.489795918367347,1
0,1,2,0.6907216494845361,0.520408163265306,0.7777777777777777,0.9283333333333335,0.5876288659793815,0.7061855670103092,0.3676092544987147,0.5986394557823129,1
4,1,1,0.4639175257731959,0.3112244897959184,0.3333333333333333,0.6300000000000001,0.47079037800687284,0.010309278350515464,0.2442159383033419,0.4761904761904762,1
1,1,2,0.7938144329896907,0.39540816326530615,0.3333333333333333,0.41833333333333345,0.027491408934707903,0.18041237113402062,0.4730077120822622,0.5646258503401361,1
3,2,2,0.8865979381443299,0.6275510204081632,0.7777777777777777,0.6133333333333335,0.5738831615120275,0.8865979381443299,0.763496143958869,0.7142857142857143,1
1,1,2,0.6494845360824741,0.5892857142857142,0.0,0.6200000000000001,0.1718213058419244,0.5360824742268041,0.42159383033419023,0.5170068027210885,1
3,2,2,0.3402061855670103,0.34183673469387754,0.1111111111111111,0.2316666666666667,0.17869415807560138,0.14432989690721648,0.3264781491002571,0.29931972789115646,1
2,2,1,0.8247422680412371,0.4923469387755102,0.7777777777777777,0.56,0.3951890034364261,0.11855670103092783,0.7326478149100257,0.7278911564625851,1
0,2,1,0.18556701030927833,0.14540816326530612,0.6666666666666665,0.15500000000000003,0.05154639175257732,0.07216494845360824,0.14395886889460155,0.19727891156462588,2
5,2,2,0.2577319587628866,0.20153061224489793,0.0,0.9133333333333333,0.24054982817869416,0.05154639175257732,0.15167095115681237,0.10204081632653061,1
0,1,1,0.5257731958762886,0.4413265306122449,0.1111111111111111,0.8166666666666667,0.06872852233676975,0.5257731958762887,0.4987146529562982,0.5238095238095238,1
2,2,2,0.9999999999999999,0.49999999999999994,0.2222222222222222,0.020000000000000018,0.7353951890034364,0.1134020618556701,0.7994858611825193,0.7482993197278912,2
2,2,1,0.49484536082474223,0.4897959183673469,0.6666666666666665,0.7916666666666667,0.10652920962199312,0.2422680412371134,0.24678663239074553,0.44217687074829937,1
2,2,2,0.9175257731958762,0.46683673469387754,1.0,0.17166666666666675,0.6323024054982818,0.6030927835051546,0.5141388174807199,0.6258503401360545,2
3,2,1,0.7628865979381443,0.6658163265306122,0.6666666666666665,0.9450000000000001,0.3161512027491409,0.03608247422680412,0.7095115681233933,0.5034013605442177,1
0,1,2,0.5154639175257731,0.4464285714285714,0.8888888888888888,0.43000000000000005,0.2852233676975945,0.27835051546391754,0.3264781491002571,0.2108843537414966,1
5,1,2,0.16494845360824742,0.14540816326530612,0.1111111111111111,0.41333333333333344,0.04810996563573883,0.12371134020618556,0.15938303341902316,0.17687074829931973,1
0,2,2,0.7319587628865979,0.711734693877551,0.7777777777777777,0.31000000000000005,0.5257731958762887,0.4536082474226804,0.4138817480719794,0.5238095238095238,2
4,1,2,0.30927835051546393,0.288265306122449,0.2222222222222222,0.5583333333333333,0.1134020618556701,0.23711340206185566,0.15938303341902316,0.2653061224489796,1
5,1,2,0.5154639175257731,0.520408163265306,0.0,0.3966666666666667,0.10996563573883161,0.10309278350515463,0.3676092544987147,0.2448979591836735,1
4,2,2,0.7113402061855669,0.711734693877551,0.6666666666666665,0.32666666666666677,0.21649484536082475,0.5618556701030928,0.7043701799485862,0.3129251700680272,2
4,1,1,0.12371134020618556,0.11479591836734694,0.2222222222222222,0.18500000000000005,0.04810996563573883,0.015463917525773195,0.10539845758354756,0.108843537414966,2
4,2,2,0.2577319587628866,0.2653061224489796,0.2222222222222222,0.9283333333333335,0.2542955326460481,0.21649484536082475,0.20308483290488433,0.1904761904761905,1
5,1,1,0.6494845360824741,0.45408163265306123,0.4444444444444445,0.10000000000000009,0.5395189003436426,0.5463917525773195,0.5115681233933163,0.41496598639455784,2
4,1,2,0.9381443298969071,0.9081632653061223,0.8888888888888888,0.2683333333333334,0.3367697594501718,0.654639175257732,0.6658097686375322,0.7755102040816327,2
0,1,1,0.6701030927835051,0.37244897959183676,0.7777777777777777,0.5633333333333335,0.1134020618556701,0.3556701030927835,0.5655526992287918,0.5510204081632654,1
5,1,2,0.6804123711340205,0.4846938775510204,0.2222222222222222,0.9416666666666667,0.415807560137457,0.005154639175257732,0.5809768637532134,0.6122448979591837,1
5,2,2,0.556701030927835,0.3392857142857143,0.1111111111111111,0.2483333333333334,0.2027491408934708,0.29381443298969073,0.4755784061696658,0.29251700680272114,2
1,2,1,0.17525773195876287,0.11224489795918367,0.0,0.9500000000000002,0.16151202749140894,0.11855670103092783,0.09254498714652956,0.1564625850340136,1
5,2,2,0.845360824742268,0.4897959183673469,0.2222222222222222,0.8583333333333334,0.18213058419243985,0.12886597938144329,0.609254498714653,0.489795918367347,1
2,2,1,0.23711340206185563,0.17602040816326528,0.7777777777777777,0.2566666666666667,0.14432989690721648,0.05154639175257732,0.17480719794344474,0.14285714285714288,2
1,2,1,0.27835051546391754,0.24489795918367344,0.8888888888888888,0.8050000000000002,0.044673539518900345,0.005154639175257732,0.2750642673521851,0.17687074829931973,1
3,1,1,0.30927835051546393,0.18112244897959182,0.0,0.405,0.12371134020618556,0.23195876288659792,0.2802056555269923,0.3129251700680272,2
4,2,1,0.288659793814433,0.27040816326530615,0.0,0.81,0.2611683848797251,0.17010309278350516,0.19794344473007713,0.217687074829932,1
3,1,1,0.061855670103092786,0.05612244897959184,1.0,0.15833333333333333,0.05154639175257732,0.015463917525773195,0.03341902313624679,0.034013605442176874,2
2,2,1,0.020618556701030927,0.025510204081632647,0.0,0.9750000000000001,0.006872852233676976,0.015463917525773195,0.020565552699228794,0.034013605442176874,1
2,2,2,0.4329896907216495,0.2627551020408163,1.0,0.31333333333333335,0.3711340206185567,0.12371134020618556,0.33161953727506427,0.3129251700680272,2
2,2,1,0.8762886597938143,0.49999999999999994,0.4444444444444445,0.8816666666666668,0.25773195876288657,0.5412371134020618,0.5115681233933163,0.5714285714285715,1
4,2,2,0.7422680412371133,0.3852040816326531,0.2222222222222222,0.6283333333333334,0.7560137457044673,0.6958762886597938,0.7352185089974294,0.5034013605442177,1
4,2,1,0.5670103092783505,0.3596938775510204,0.5555555555555556,0.5750000000000002,0.49828178694158076,0.44329896907216493,0.32390745501285345,0.3197278911564626,1
5,2,1,0.979381443298969,0.6964285714285714,0.4444444444444445,0.8133333333333335,0.3230240549828179,0.15979381443298968,0.8097686375321338,0.7210884353741497,1
2,2,2,0.7010309278350515,0.5637755102040816,0.2222222222222222,0.5816666666666668,0.41924398625429554,0.5103092783505154,0.4498714652956298,0.6054421768707483,1
2,2,2,0.8969072164948453,0.5816326530612245,0.1111111111111111,0.3650000000000001,0.7835051546391752,0.02577319587628866,0.6401028277634963,0.3197278911564626,2
3,1,1,0.29896907216494845,0.2780612244897959,0.6666666666666665,0.7866666666666668,0.11683848797250859,0.29896907216494845,0.20565552699228792,0.14285714285714288,1
4,1,2,0.20618556701030927,0.14795918367346936,0.5555555555555556,0.050000000000000044,0.18900343642611683,0.14948453608247422,0.12082262210796914,0.14965986394557823,2
5,2,1,0.7113402061855669,0.5408163265306122,0.1111111111111111,0.42833333333333334,0.3058419243986254,0.41237113402061853,0.6709511568123394,0.272108843537415,1
4,1,1,0.8247422680412371,0.4770408163265306,0.2222222222222222,0.056666666666666754,0.8419243986254296,0.35051546391752575,0.7275064267352186,0.6938775510204083,2
3,1,1,0.9896907216494845,0.7168367346938774,0.5555555555555556,0.31166666666666676,0.3058419243986254,0.7938144329896907,0.7840616966580978,0.7551020408163266,2
2,1,1,0.3814432989690722,0.23979591836734693,0.3333333333333333,0.39833333333333343,0.15120274914089346,0.3917525773195876,0.19537275064267354,0.34693877551020413,2
2,1,1,0.20618556701030927,0.19897959183673466,0.3333333333333333,0.6833333333333333,0.017182130584192438,0.14948453608247422,0.17994858611825196,0.06802721088435375,1
5,2,1,0.04123711340206185,0.03571428571428571,1.0,0.9650000000000001,0.037800687285223365,0.005154639175257732,0.05141388174807198,0.04761904761904762,1
4,2,1,0.6907216494845361,0.5535714285714285,0.4444444444444445,0.3533333333333334,0.20962199312714777,0.4690721649484536,0.5218508997429306,0.2653061224489796,2
2,1,1,0.7422680412371133,0.6887755102040816,0.8888888888888888,0.43500000000000005,0.4329896907216495,0.020618556701030927,0.6889460154241646,0.653061224489796,1
3,2,1,0.3917525773195876,0.288265306122449,0.2222222222222222,0.39833333333333343,0.2027491408934708,0.13402061855670103,0.3033419023136247,0.3197278911564626,2
3,2,1,0.05154639175257732,0.0433673469387755,0.8888888888888888,0.40666666666666673,0.027491408934707903,0.06701030927835051,0.030848329048843187,0.0272108843537415,2
2,2,1,0.17525773195876287,0.1096938775510204,0.7777777777777777,0.5516666666666667,0.10996563573883161,0.13917525773195877,0.10796915167095116,0.1836734693877551,1
2,1,2,0.20618556701030927,0.16581632653061223,1.0,0.41000000000000003,0.15807560137457044,0.010309278350515464,0.10796915167095116,0.14965986394557823,2
1,1,1,0.18556701030927833,0.13520408163265304,0.6666666666666665,0.44833333333333336,0.1718213058419244,0.05670103092783505,0.19537275064267354,0.108843537414966,1
4,2,2,0.7422680412371133,0.4489795918367347,0.2222222222222222,0.14,0.46048109965635736,0.634020618556701,0.5681233933161954,0.3197278911564626,2
2,2,1,0.21649484536082472,0.22193877551020405,0.2222222222222222,0.4716666666666667,0.12371134020618556,0.06701030927835051,0.16966580976863754,0.23129251700680273,1
5,2,1,0.3917525773195876,0.3877551020408163,0.5555555555555556,0.3616666666666667,0.0,0.03092783505154639,0.3033419023136247,0.2380952380952381,2
3,1,1,0.13402061855670103,0.14030612244897958,0.8888888888888888,0.20000000000000007,0.027491408934707903,0.0979381443298969,0.09768637532133675,0.09523809523809525,2
2,2,1,0.5154639175257731,0.32142857142857145,0.8888888888888888,0.5733333333333335,0.013745704467353952,0.25773195876288657,0.30077120822622105,0.5102040816326531,1
2,1,2,0.5360824742268041,0.3622448979591837,0.3333333333333333,0.08166666666666667,0.3711340206185567,0.24742268041237112,0.5347043701799487,0.44897959183673475,2
3,1,2,0.7731958762886597,0.6377551020408162,0.8888888888888888,0.6033333333333335,0.11683848797250859,0.5876288659793815,0.4832904884318766,0.6734693877551021,1
0,2,1,0.17525773195876287,0.15561224489795916,1.0,0.6733333333333333,0.03092783505154639,0.17525773195876287,0.12853470437017997,0.1292517006802721,1
4,2,1,0.6391752577319587,0.3877551020408163,0.0,0.040000000000000036,0.6323024054982818,0.5721649484536082,0.3496143958868895,0.30612244897959184,2
5,1,2,0.05154639175257732,0.03571428571428571,0.8888888888888888,0.7616666666666667,0.06529209621993128,0.010309278350515464,0.04627249357326478,0.04081632653061225,1
3,1,1,0.5773195876288659,0.5790816326530611,0.7777777777777777,0.10166666666666668,0.20618556701030927,0.520618556701031,0.5835475578406171,0.1904761904761905,2
1,1,2,0.16494845360824742,0.1301020408163265,0.1111111111111111,0.19166666666666676,0.15120274914089346,0.10309278350515463,0.13624678663239076,0.12244897959183675,1
5,1,1,0.422680412371134,0.34438775510204084,0.8888888888888888,0.53,0.32989690721649484,0.041237113402061855,0.35218508997429304,0.163265306122449,1
4,1,2,0.8041237113402061,0.6836734693877551,0.3333333333333333,0.3733333333333334,0.5807560137457044,0.5618556701030928,0.6503856041131106,0.5714285714285715,2
0,2,2,0.09278350515463918,0.09693877551020408,0.8888888888888888,0.9783333333333335,0.013745704467353952,0.06701030927835051,0.059125964010282785,0.08843537414965986,1
2,2,1,0.8865979381443299,0.7857142857142856,0.5555555555555556,0.7150000000000001,0.422680412371134,0.12371134020618556,0.5552699228791774,0.6394557823129252,1
4,1,2,0.4742268041237113,0.46683673469387754,0.6666666666666665,0.79,0.3711340206185567,0.29896907216494845,0.31876606683804626,0.44217687074829937,1
0,2,1,0.0,0.01020408163265306,1.0,0.7066666666666668,0.020618556701030927,0.0,0.005141388174807198,0.020408163265306124,1
5,1,1,0.12371134020618556,0.06122448979591836,0.7777777777777777,0.033333333333333326,0.03092783505154639,0.12886597938144329,0.06169665809768638,0.1360544217687075,2
5,1,2,0.23711340206185563,0.15561224489795916,0.7777777777777777,0.4833333333333334,0.10996563573883161,0.20103092783505155,0.14138817480719795,0.2380952380952381,1
5,1,2,0.8144329896907216,0.6377551020408162,0.3333333333333333,0.8266666666666667,0.5463917525773195,0.6494845360824743,0.544987146529563,0.5306122448979592,1
0,1,1,0.6082474226804123,0.48214285714285715,0.2222222222222222,0.9833333333333334,0.4776632302405498,0.30412371134020616,0.42159383033419023,0.5170068027210885,1
0,2,1,0.18556701030927833,0.1096938775510204,0.7777777777777777,0.585,0.07216494845360824,0.12371134020618556,0.17737789203084833,0.108843537414966,1
4,2,2,0.4742268041237113,0.24999999999999997,0.5555555555555556,0.5566666666666666,0.3161512027491409,0.015463917525773195,0.37789203084832906,0.46938775510204084,1
4,1,1,0.07216494845360825,0.06377551020408163,0.0,0.6000000000000001,0.041237113402061855,0.07216494845360824,0.053984575835475584,0.06122448979591837,1
4,2,2,0.1134020618556701,0.0816326530612245,0.5555555555555556,0.3533333333333334,0.1134020618556701,0.07216494845360824,0.07455012853470437,0.04761904761904762,2
4,2,1,0.4123711340206186,0.22448979591836732,0.0,1.0,0.23024054982817868,0.27319587628865977,0.27249357326478146,0.40136054421768713,1
2,1,1,0.3195876288659794,0.2755102040816327,1.0,0.8716666666666668,0.15807560137457044,0.07731958762886598,0.2930591259640103,0.19727891156462588,1
2,2,1,0.8762886597938143,0.7168367346938774,0.5555555555555556,0.9666666666666668,0.274914089347079,0.09278350515463918,0.4910025706940874,0.29931972789115646,1
1,2,1,0.061855670103092786,0.05867346938775509,0.0,0.2316666666666667,0.020618556701030927,0.0,0.038560411311053984,0.0272108843537415,1
5,1,1,0.7422680412371133,0.42857142857142855,0.0,0.2350000000000001,0.5051546391752577,0.08247422680412371,0.5218508997429306,0.7346938775510204,2
3,2,2,0.6907216494845361,0.4642857142857143,0.2222222222222222,0.10000000000000009,0.48109965635738833,0.0,0.4755784061696658,0.653061224489796,2
1,1,1,0.8865979381443299,0.8520408163265305,0.6666666666666665,0.43500000000000005,0.35051546391752575,0.36597938144329895,0.6529562982005142,0.8095238095238095,1
2,1,1,0.8659793814432989,0.8214285714285714,0.1111111111111111,0.7633333333333334,0.718213058419244,0.03092783505154639,0.455012853470437,0.46938775510204084,1
2,1,2,0.5360824742268041,0.5178571428571428,0.8888888888888888,0.5350000000000001,0.3848797250859106,0.1134020618556701,0.29048843187660667,0.3741496598639456,1
4,1,1,0.27835051546391754,0.14285714285714285,0.8888888888888888,0.5350000000000001,0.006872852233676976,0.15979381443298968,0.21079691516709514,0.2380952380952381,1
3,1,2,0.9896907216494845,0.5280612244897959,0.5555555555555556,0.07000000000000006,0.872852233676976,0.8556701030927835,0.6838046272493574,0.4761904761904762,2
4,1,2,0.3195876288659794,0.26785714285714285,0.1111111111111111,0.42000000000000004,0.14432989690721648,0.04639175257731959,0.21336760925449874,0.22448979591836737,1
0,2,2,0.010309278350515462,0.005102040816326529,0.8888888888888888,0.1266666666666667,0.010309278350515464,0.0,0.012853470437017997,0.020408163265306124,2
0,1,2,0.13402061855670103,0.10204081632653061,0.5555555555555556,0.8350000000000002,0.15120274914089346,0.1134020618556701,0.07712082262210797,0.07482993197278912,1
3,2,1,0.5360824742268041,0.40816326530612246,0.1111111111111111,0.3533333333333334,0.054982817869415807,0.17525773195876287,0.32904884318766064,0.40816326530612246,1
0,1,2,0.6597938144329897,0.38010204081632654,0.8888888888888888,0.32833333333333337,0.05154639175257732,0.3556701030927835,0.36503856041131105,0.6326530612244898,2
0,1,2,0.5670103092783505,0.43112244897959184,0.3333333333333333,0.14333333333333342,0.14432989690721648,0.36597938144329895,0.36246786632390743,0.19727891156462588,2
3,2,1,0.8556701030927835,0.6581632653061223,0.0,0.6383333333333334,0.2268041237113402,0.5360824742268041,0.6118251928020566,0.38775510204081637,1
0,1,2,0.7422680412371133,0.6071428571428571,0.7777777777777777,0.7983333333333333,0.027491408934707903,0.14948453608247422,0.7352185089974294,0.33333333333333337,1
3,2,1,0.7835051546391752,0.44387755102040816,0.2222222222222222,0.9600000000000002,0.5360824742268041,0.7835051546391752,0.6375321336760926,0.7346938775510204,1
3,1,1,0.7216494845360825,0.413265306122449,0.8888888888888888,0.3583333333333334,0.26804123711340205,0.3247422680412371,0.4370179948586118,0.7210884353741497,2
2,2,2,0.7628865979381443,0.4846938775510204,0.5555555555555556,0.2716666666666667,0.18556701030927836,0.07731958762886598,0.40359897172236503,0.653061224489796,2
4,2,1,0.7010309278350515,0.673469387755102,0.1111111111111111,0.31000000000000005,0.3642611683848797,0.6288659793814433,0.4755784061696658,0.40816326530612246,1
0,2,2,0.5670103092783505,0.3239795918367347,0.2222222222222222,0.046666666666666745,0.26804123711340205,0.3865979381443299,0.5244215938303343,0.5578231292517007,2
2,2,2,0.8247422680412371,0.7729591836734693,0.4444444444444445,0.07166666666666666,0.3367697594501718,0.5927835051546392,0.4267352185089974,0.4761904761904762,2
0,1,1,0.9072164948453607,0.7015306122448979,0.3333333333333333,0.6866666666666668,0.03092783505154639,0.34536082474226804,0.6195372750642674,0.39455782312925175,1
3,2,2,0.3814432989690722,0.29591836734693877,0.2222222222222222,0.5116666666666667,0.2268041237113402,0.30927835051546393,0.21850899742930593,0.1360544217687075,1
0,1,2,0.6494845360824741,0.40561224489795916,0.1111111111111111,0.8533333333333335,0.5910652920962199,0.5515463917525774,0.5115681233933163,0.4217687074829932,1
4,2,1,0.21649484536082472,0.18877551020408162,0.7777777777777777,0.4816666666666667,0.20618556701030927,0.2268041237113402,0.15424164524421596,0.1564625850340136,1
1,2,2,0.5670103092783505,0.548469387755102,0.8888888888888888,0.595,0.4845360824742268,0.16494845360824742,0.5526992287917738,0.217687074829932,1
4,2,2,0.061855670103092786,0.06377551020408163,0.5555555555555556,0.255,0.05154639175257732,0.015463917525773195,0.06683804627249357,0.04081632653061225,2
4,2,1,0.845360824742268,0.49489795918367346,0.6666666666666665,0.9816666666666667,0.7697594501718212,0.29896907216494845,0.557840616966581,0.8231292517006803,1
1,1,1,0.422680412371134,0.43112244897959184,0.1111111111111111,0.44000000000000006,0.35738831615120276,0.3402061855670103,0.2879177377892031,0.14965986394557823,1
1,2,1,0.010309278350515462,0.01530612244897959,1.0,0.19833333333333336,0.027491408934707903,0.0,0.007712082262210798,0.020408163265306124,2
1,1,2,0.8762886597938143,0.8596938775510203,0.7777777777777777,0.605,0.18556701030927836,0.5515463917525774,0.4498714652956298,0.5510204081632654,1
1,2,2,0.4329896907216495,0.3010204081632653,0.1111111111111111,0.9733333333333334,0.3367697594501718,0.33505154639175255,0.37789203084832906,0.40816326530612246,1
1,1,1,0.556701030927835,0.42091836734693877,0.7777777777777777,0.38,0.25773195876288657,0.33505154639175255,0.30848329048843187,0.2653061224489796,2
2,1,2,0.04123711340206185,0.025510204081632647,0.5555555555555556,0.29166666666666674,0.003436426116838488,0.05670103092783505,0.05141388174807198,0.04081632653061225,2
4,2,1,0.23711340206185563,0.12244897959183675,1.0,0.6583333333333334,0.037800687285223365,0.211340206185567,0.16452442159383035,0.2380952380952381,1
5,2,2,0.3711340206185567,0.2602040816326531,0.4444444444444445,0.7650000000000001,0.06185567010309278,0.34536082474226804,0.20051413881748073,0.36054421768707484,1
2,2,2,0.23711340206185563,0.23724489795918366,0.1111111111111111,0.56,0.03092783505154639,0.05154639175257732,0.17994858611825196,0.1360544217687075,1
3,2,1,0.5463917525773195,0.5127551020408163,0.4444444444444445,0.41000000000000003,0.3642611683848797,0.422680412371134,0.3393316195372751,0.272108843537415,2
5,1,1,0.44329896907216493,0.42857142857142855,0.0,0.5650000000000002,0.3642611683848797,0.3865979381443299,0.30077120822622105,0.44217687074829937,1
4,2,2,0.17525773195876287,0.09438775510204081,0.4444444444444445,0.14666666666666672,0.017182130584192438,0.07216494845360824,0.13624678663239076,0.06122448979591837,2
5,1,1,0.6391752577319587,0.5025510204081632,0.5555555555555556,0.4900000000000001,0.003436426116838488,0.10824742268041238,0.41645244215938304,0.3741496598639456,1
1,2,1,0.3711340206185567,0.2755102040816327,0.2222222222222222,0.7666666666666668,0.07216494845360824,0.09278350515463918,0.21593830334190234,0.38775510204081637,1
4,2,1,0.6288659793814433,0.423469387755102,0.7777777777777777,0.4700000000000001,0.549828178694158,0.18556701030927836,0.6015424164524422,0.40816326530612246,1
3,2,2,0.010309278350515462,0.007653061224489796,0.2222222222222222,0.9933333333333334,0.010309278350515464,0.020618556701030927,0.007712082262210798,0.0272108843537415,1
5,2,1,0.7113402061855669,0.548469387755102,0.8888888888888888,0.9850000000000001,0.24054982817869416,0.0,0.4781491002570694,0.3197278911564626,1
2,2,1,0.04123711340206185,0.03571428571428571,0.0,0.32500000000000007,0.058419243986254296,0.010309278350515464,0.023136246786632394,0.034013605442176874,2
3,1,1,0.4329896907216495,0.3826530612244898,0.7777777777777777,0.9416666666666667,0.041237113402061855,0.4329896907216495,0.37789203084832906,0.23129251700680273,1
4,2,2,0.7628865979381443,0.5229591836734693,0.5555555555555556,0.7916666666666667,0.06529209621993128,0.7010309278350515,0.48586118251928023,0.435374149659864,1
5,1,1,0.8762886597938143,0.6658163265306122,0.4444444444444445,0.030000000000000027,0.4054982817869416,0.14948453608247422,0.5886889460154242,0.6258503401360545,2
3,1,1,0.556701030927835,0.3163265306122449,0.5555555555555556,0.15833333333333333,0.281786941580756,0.47938144329896903,0.557840616966581,0.435374149659864,2
4,2,2,0.4020618556701031,0.32653061224489793,0.6666666666666665,0.7866666666666668,0.3848797250859106,0.21649484536082475,0.2622107969151671,0.2585034013605442,1
2,2,1,0.7938144329896907,0.4030612244897959,0.8888888888888888,0.030000000000000027,0.5945017182130584,0.14948453608247422,0.7609254498714654,0.6326530612244898,2
3,2,1,0.556701030927835,0.5255102040816326,0.6666666666666665,0.5816666666666668,0.1374570446735395,0.5515463917525774,0.3264781491002571,0.5578231292517007,1
3,2,2,0.10309278350515463,0.07142857142857142,0.4444444444444445,0.2300000000000001,0.05154639175257732,0.1134020618556701,0.09254498714652956,0.06802721088435375,2
5,1,2,0.6907216494845361,0.49489795918367346,0.2222222222222222,0.4800000000000001,0.3367697594501718,0.3865979381443299,0.4318766066838046,0.49659863945578236,1
5,2,2,0.2577319587628866,0.13520408163265304,0.0,0.8583333333333334,0.037800687285223365,0.10309278350515463,0.17480719794344474,0.17687074829931973,1
4,1,1,0.9896907216494845,0.5561224489795917,0.1111111111111111,0.10666666666666669,0.5773195876288659,0.5721649484536082,0.673521850899743,0.49659863945578236,2
2,2,2,0.9381443298969071,0.8163265306122448,0.1111111111111111,0.4766666666666667,0.49140893470790376,0.32989690721649484,0.9434447300771209,0.7074829931972789,1
4,2,2,0.6701030927835051,0.6377551020408162,0.5555555555555556,0.42500000000000004,0.5807560137457044,0.18556701030927836,0.596401028277635,0.33333333333333337,1
4,1,2,0.1134020618556701,0.1096938775510204,0.4444444444444445,0.020000000000000018,0.06185567010309278,0.03092783505154639,0.07197943444730077,0.054421768707483,2
2,1,1,0.7938144329896907,0.42857142857142855,0.7777777777777777,0.5083333333333333,0.6597938144329897,0.7268041237113402,0.5552699228791774,0.7074829931972789,1
5,2,2,0.6701030927835051,0.5841836734693877,0.8888888888888888,0.6200000000000001,0.054982817869415807,0.34536082474226804,0.5269922879177379,0.3673469387755102,1
2,2,1,0.1958762886597938,0.10714285714285714,0.8888888888888888,0.4850000000000001,0.0859106529209622,0.02577319587628866,0.13367609254498716,0.10204081632653061,1
4,1,1,0.4639175257731959,0.2729591836734694,0.1111111111111111,0.03500000000000003,0.3470790378006873,0.005154639175257732,0.23907455012853474,0.46938775510204084,2
2,1,2,0.36082474226804123,0.33418367346938777,0.7777777777777777,0.15500000000000003,0.21993127147766323,0.03092783505154639,0.35732647814910024,0.2380952380952381,2
0,1,1,0.5773195876288659,0.548469387755102,0.0,0.43500000000000005,0.15120274914089346,0.3711340206185567,0.37789203084832906,0.28571428571428575,1
5,1,1,0.22680412371134018,0.1683673469387755,1.0,0.7083333333333335,0.058419243986254296,0.020618556701030927,0.21850899742930593,0.163265306122449,1
1,2,1,0.8144329896907216,0.6964285714285714,0.7777777777777777,0.2300000000000001,0.034364261168384876,0.5412371134020618,0.8200514138817482,0.54421768707483,2
5,1,1,0.5360824742268041,0.5382653061224489,0.5555555555555556,0.16500000000000004,0.1374570446735395,0.5,0.3110539845758355,0.46258503401360546,2
0,1,2,0.12371134020618556,0.1301020408163265,0.3333333333333333,0.4866666666666667,0.140893470790378,0.020618556701030927,0.10282776349614396,0.054421768707483,1
2,2,2,0.23711340206185563,0.211734693877551,0.3333333333333333,0.8916666666666668,0.0859106529209622,0.20618556701030927,0.19023136246786634,0.08843537414965986,1
0,2,1,0.14432989690721648,0.12755102040816324,0.1111111111111111,0.7216666666666667,0.013745704467353952,0.10824742268041238,0.13367609254498716,0.07482993197278912,1
0,2,2,0.36082474226804123,0.2627551020408163,1.0,0.30666666666666675,0.1993127147766323,0.06701030927835051,0.3496143958868895,0.2380952380952381,2
5,2,1,0.03092783505154639,0.038265306122448974,1.0,0.5250000000000001,0.017182130584192438,0.03608247422680412,0.020565552699228794,0.020408163265306124,1
3,2,1,0.5257731958762886,0.4897959183673469,0.1111111111111111,0.4850000000000001,0.4536082474226804,0.2422680412371134,0.5012853470437019,0.5374149659863946,1
0,1,1,0.26804123711340205,0.16581632653061223,0.5555555555555556,0.08166666666666667,0.140893470790378,0.10309278350515463,0.27763496143958866,0.09523809523809525,2
1,1,1,0.9690721649484535,0.7551020408163265,0.8888888888888888,0.29666666666666675,0.6357388316151202,0.7835051546391752,0.9742930591259641,0.6394557823129252,2
4,1,2,0.20618556701030927,0.1913265306122449,1.0,0.5550000000000002,0.0,0.20103092783505155,0.20822622107969152,0.1292517006802721,1
1,2,1,0.845360824742268,0.7806122448979591,0.3333333333333333,0.13,0.6391752577319587,0.05154639175257732,0.6580976863753214,0.7551020408163266,2
1,2,2,0.1958762886597938,0.12755102040816324,1.0,0.2683333333333334,0.05154639175257732,0.1958762886597938,0.20051413881748073,0.11564625850340136,2
2,2,1,0.26804123711340205,0.17091836734693877,0.0,0.8900000000000001,0.017182130584192438,0.14948453608247422,0.20051413881748073,0.08843537414965986,1
0,2,2,0.23711340206185563,0.14030612244897958,1.0,0.6183333333333334,0.2542955326460481,0.02577319587628866,0.18508997429305915,0.1360544217687075,1
3,1,1,0.15463917525773194,0.14030612244897958,0.4444444444444445,0.3733333333333334,0.140893470790378,0.14948453608247422,0.16195372750642675,0.054421768707483,2
3,1,2,0.6082474226804123,0.520408163265306,0.1111111111111111,0.8600000000000001,0.5120274914089347,0.27835051546391754,0.6143958868894602,0.40136054421768713,1
3,1,2,0.4020618556701031,0.29081632653061223,0.4444444444444445,0.7150000000000001,0.23711340206185566,0.31958762886597936,0.38817480719794345,0.14285714285714288,1
5,2,1,0.44329896907216493,0.3163265306122449,0.3333333333333333,0.011666666666666714,0.37800687285223367,0.1958762886597938,0.3161953727506427,0.1836734693877551,2
2,1,1,0.556701030927835,0.47959183673469385,0.3333333333333333,0.08333333333333337,0.09278350515463918,0.06185567010309278,0.35732647814910024,0.28571428571428575,2
3,2,1,0.5773195876288659,0.41581632653061223,0.4444444444444445,0.2400000000000001,0.4570446735395189,0.30412371134020616,0.37789203084832906,0.5782312925170069,2
4,2,2,0.8659793814432989,0.673469387755102,0.4444444444444445,0.9916666666666667,0.07560137457044673,0.4536082474226804,0.5732647814910027,0.46938775510204084,1
2,1,2,0.27835051546391754,0.2602040816326531,1.0,0.6800000000000002,0.14432989690721648,0.03092783505154639,0.19023136246786634,0.29251700680272114,1
2,2,1,0.8350515463917525,0.4413265306122449,0.0,0.09166666666666667,0.034364261168384876,0.03608247422680412,0.7223650385604113,0.46258503401360546,2
5,2,2,0.22680412371134018,0.12244897959183675,0.2222222222222222,0.76,0.05154639175257732,0.010309278350515464,0.12853470437017997,0.23129251700680273,1
4,1,2,0.556701030927835,0.29846938775510207,0.1111111111111111,0.6983333333333335,0.1924398625429553,0.14948453608247422,0.36503856041131105,0.23129251700680273,1
1,1,1,0.9587628865979381,0.895408163265306,0.6666666666666665,0.2316666666666667,0.013745704467353952,0.06185567010309278,0.5115681233933163,0.9183673469387755,2
4,2,1,0.4845360824742268,0.3979591836734694,0.4444444444444445,0.6133333333333335,0.3711340206185567,0.42783505154639173,0.37532133676092544,0.1904761904761905,1
4,2,1,0.5876288659793814,0.413265306122449,0.0,0.7750000000000001,0.4467353951890034,0.4845360824742268,0.506426735218509,0.2380952380952381,1
5,1,1,0.03092783505154639,0.030612244897959183,0.1111111111111111,0.29333333333333333,0.006872852233676976,0.010309278350515464,0.020565552699228794,0.04761904761904762,1
3,1,2,0.7010309278350515,0.5459183673469387,0.6666666666666665,0.8016666666666667,0.18556701030927836,0.4381443298969072,0.4884318766066838,0.653061224489796,1
1,2,2,0.3402061855670103,0.3163265306122449,0.1111111111111111,0.08333333333333337,0.17869415807560138,0.35051546391752575,0.32390745501285345,0.12244897959183675,1
0,1,2,0.5154639175257731,0.30357142857142855,0.7777777777777777,0.8050000000000002,0.1718213058419244,0.10309278350515463,0.2853470437017995,0.34693877551020413,1
3,1,1,0.6288659793814433,0.49999999999999994,0.5555555555555556,0.7833333333333334,0.06529209621993128,0.12371134020618556,0.390745501285347,0.2108843537414966,1
2,2,2,0.845360824742268,0.7142857142857142,0.4444444444444445,0.8700000000000001,0.06185567010309278,0.8247422680412371,0.840616966580977,0.29931972789115646,1
1,2,1,0.7525773195876289,0.5663265306122448,0.6666666666666665,0.28166666666666673,0.422680412371134,0.49484536082474223,0.4087403598971722,0.30612244897959184,2
2,1,2,0.3195876288659794,0.3239795918367347,0.7777777777777777,0.0,0.18900343642611683,0.30412371134020616,0.18251928020565555,0.2108843537414966,2
2,2,2,0.8865979381443299,0.5637755102040816,0.6666666666666665,0.6533333333333333,0.7457044673539519,0.26288659793814434,0.4704370179948586,0.7414965986394558,1
5,2,1,0.8041237113402061,0.7346938775510203,0.1111111111111111,0.5966666666666667,0.3642611683848797,0.44329896907216493,0.7326478149100257,0.3129251700680272,1
3,1,2,0.08247422680412371,0.09438775510204081,0.2222222222222222,0.5416666666666667,0.024054982817869414,0.005154639175257732,0.06426735218508997,0.034013605442176874,1
1,1,2,0.9484536082474226,0.673469387755102,0.4444444444444445,0.07166666666666666,0.2611683848797251,0.12886597938144329,0.7275064267352186,0.8979591836734695,2
5,1,2,0.1958762886597938,0.17857142857142855,0.8888888888888888,0.09666666666666668,0.12714776632302405,0.16494845360824742,0.17737789203084833,0.14965986394557823,2
4,1,1,0.5360824742268041,0.2857142857142857,1.0,0.675,0.5017182130584192,0.1958762886597938,0.3393316195372751,0.41496598639455784,1
2,1,1,0.4639175257731959,0.37755102040816324,0.3333333333333333,0.8316666666666668,0.3333333333333333,0.12886597938144329,0.26735218508997427,0.3197278911564626,1
3,1,2,0.8865979381443299,0.8520408163265305,0.5555555555555556,0.16166666666666674,0.5945017182130584,0.8247422680412371,0.5629820051413882,0.5986394557823129,2
5,1,2,0.30927835051546393,0.30357142857142855,0.2222222222222222,0.32166666666666677,0.2646048109965636,0.31958762886597936,0.16452442159383035,0.14285714285714288,2
0,1,1,0.7216494845360825,0.5510204081632653,0.1111111111111111,0.2433333333333334,0.6082474226804123,0.5618556701030928,0.622107969151671,0.5170068027210885,1
2,2,1,0.23711340206185563,0.17602040816326528,0.7777777777777777,0.025000000000000022,0.18900343642611683,0.17010309278350516,0.11825192802056554,0.1904761904761905,2
5,2,1,0.6907216494845361,0.39285714285714285,0.6666666666666665,0.9783333333333335,0.4742268041237113,0.27319587628865977,0.6401028277634963,0.30612244897959184,1
5,1,1,0.5670103092783505,0.5153061224489796,0.7777777777777777,0.21500000000000008,0.09621993127147765,0.0979381443298969,0.5681233933161954,0.2653061224489796,2
4,1,1,0.5463917525773195,0.37755102040816324,0.8888888888888888,0.6216666666666668,0.36082474226804123,0.41237113402061853,0.3496143958868895,0.489795918367347,1
4,2,1,0.9278350515463917,0.7346938775510203,0.4444444444444445,0.7183333333333335,0.49828178694158076,0.42783505154639173,0.9125964010282777,0.34013605442176875,1
5,1,1,0.5670103092783505,0.2857142857142857,0.0,0.72,0.5429553264604811,0.19072164948453607,0.39331619537275064,0.36054421768707484,1
5,1,1,0.49484536082474223,0.4107142857142857,0.6666666666666665,0.3750000000000001,0.4467353951890034,0.4690721649484536,0.3856041131105398,0.22448979591836737,2
0,2,1,0.288659793814433,0.2729591836734694,0.7777777777777777,0.05166666666666675,0.274914089347079,0.23195876288659792,0.16195372750642675,0.163265306122449,2
0,2,2,0.7938144329896907,0.6607142857142856,0.8888888888888888,0.9083333333333334,0.4879725085910653,0.7577319587628866,0.6966580976863754,0.4285714285714286,1
2,1,2,0.18556701030927833,0.15051020408163263,0.7777777777777777,0.6600000000000001,0.140893470790378,0.03092783505154639,0.13110539845758357,0.08843537414965986,1
5,2,2,0.2577319587628866,0.21428571428571427,0.6666666666666665,0.7866666666666668,0.07560137457044673,0.14432989690721648,0.18766066838046275,0.25170068027210885,1
3,1,1,0.6391752577319587,0.39540816326530615,0.8888888888888888,0.5466666666666666,0.23711340206185566,0.13917525773195877,0.6298200514138819,0.36054421768707484,1
0,2,1,0.8247422680412371,0.47959183673469385,0.0,0.7733333333333334,0.7869415807560137,0.4587628865979381,0.519280205655527,0.272108843537415,1
1,1,2,0.26804123711340205,0.1683673469387755,0.6666666666666665,0.42166666666666675,0.013745704467353952,0.25257731958762886,0.16709511568123395,0.28571428571428575,1
1,2,2,0.8969072164948453,0.5025510204081632,0.0,0.5883333333333334,0.436426116838488,0.03092783505154639,0.4498714652956298,0.6734693877551021,1
1,2,2,0.5051546391752577,0.5025510204081632,0.1111111111111111,0.3433333333333334,0.27147766323024053,0.4587628865979381,0.5141388174807199,0.45578231292517013,1
3,1,2,0.26804123711340205,0.20918367346938774,1.0,0.21833333333333338,0.21305841924398625,0.08762886597938144,0.19280205655526994,0.14965986394557823,2
2,2,1,0.6082474226804123,0.30612244897959184,0.8888888888888888,0.6616666666666668,0.4845360824742268,0.4690721649484536,0.3161953727506427,0.2380952380952381,1
2,2,2,0.845360824742268,0.6173469387755102,0.2222222222222222,0.4800000000000001,0.37800687285223367,0.06701030927835051,0.5809768637532134,0.7074829931972789,1
1,2,2,0.14432989690721648,0.13520408163265304,0.2222222222222222,0.9100000000000001,0.020618556701030927,0.14432989690721648,0.11053984575835475,0.0816326530612245,1
5,1,2,0.4020618556701031,0.2729591836734694,0.6666666666666665,0.1316666666666667,0.21305841924398625,0.08762886597938144,0.21079691516709514,0.3673469387755102,2
1,2,2,0.010309278350515462,0.01020408163265306,0.4444444444444445,0.7416666666666667,0.0,0.0,0.015424164524421594,0.006802721088435375,1
3,1,2,0.9690721649484535,0.8724489795918366,1.0,0.3716666666666667,0.8969072164948453,0.13402061855670103,0.6169665809768639,0.36054421768707484,2
4,1,1,0.8350515463917525,0.6403061224489796,0.1111111111111111,0.54,0.7869415807560137,0.20618556701030927,0.6298200514138819,0.3673469387755102,1
1,1,2,0.4536082474226804,0.41836734693877553,0.7777777777777777,0.17833333333333334,0.4467353951890034,0.30927835051546393,0.2442159383033419,0.1904761904761905,2
3,2,1,0.556701030927835,0.288265306122449,0.5555555555555556,0.76,0.1134020618556701,0.09278350515463918,0.4652956298200514,0.5306122448979592,1
3,1,1,0.4020618556701031,0.2040816326530612,0.7777777777777777,0.08500000000000008,0.20618556701030927,0.005154639175257732,0.27763496143958866,0.14965986394557823,2
3,2,2,0.36082474226804123,0.33418367346938777,0.8888888888888888,0.1216666666666667,0.09621993127147765,0.005154639175257732,0.33161953727506427,0.17006802721088438,2
4,2,1,0.061855670103092786,0.05357142857142857,0.0,0.2683333333333334,0.044673539518900345,0.06701030927835051,0.05141388174807198,0.020408163265306124,1
4,1,2,0.8144329896907216,0.7091836734693877,0.5555555555555556,0.6200000000000001,0.1924398625429553,0.4742268041237113,0.43444730077120824,0.6462585034013606,1
2,1,1,0.2577319587628866,0.2346938775510204,0.4444444444444445,0.22333333333333338,0.09278350515463918,0.07731958762886598,0.20051413881748073,0.12244897959183675,2
2,2,1,0.7010309278350515,0.5382653061224489,0.5555555555555556,0.4016666666666667,0.12714776632302405,0.06701030927835051,0.5012853470437019,0.653061224489796,2
3,2,1,0.8144329896907216,0.7397959183673468,0.0,0.18833333333333335,0.27835051546391754,0.7783505154639175,0.647814910025707,0.435374149659864,1
1,1,2,0.30927835051546393,0.18622448979591835,0.1111111111111111,0.4866666666666667,0.10309278350515463,0.07216494845360824,0.20051413881748073,0.3197278911564626,1
4,2,1,0.020618556701030927,0.028061224489795915,0.4444444444444445,0.6083333333333334,0.010309278350515464,0.015463917525773195,0.030848329048843187,0.01360544217687075,1
1,1,2,0.7835051546391752,0.6020408163265305,0.1111111111111111,0.021666666666666723,0.08934707903780069,0.788659793814433,0.5835475578406171,0.7414965986394558,1
0,2,2,0.5773195876288659,0.4923469387755102,0.6666666666666665,0.6216666666666668,0.3058419243986254,0.5515463917525774,0.455012853470437,0.489795918367347,1
0,2,1,0.24742268041237112,0.14540816326530612,0.3333333333333333,0.13666666666666671,0.058419243986254296,0.1134020618556701,0.20308483290488433,0.108843537414966,2
5,2,2,0.5360824742268041,0.5306122448979591,0.5555555555555556,0.6016666666666668,0.5429553264604811,0.5360824742268041,0.5089974293059126,0.3673469387755102,1
3,1,1,0.04123711340206185,0.03571428571428571,0.1111111111111111,0.4600000000000001,0.013745704467353952,0.005154639175257732,0.04627249357326478,0.034013605442176874,1
1,1,2,0.04123711340206185,0.022959183673469385,0.6666666666666665,0.2383333333333334,0.024054982817869414,0.05154639175257732,0.048843187660668384,0.054421768707483,2
5,1,1,0.9587628865979381,0.5459183673469387,0.7777777777777777,0.011666666666666714,0.9450171821305842,0.13917525773195877,0.724935732647815,0.6598639455782314,2
4,1,1,0.17525773195876287,0.11479591836734694,0.5555555555555556,0.5933333333333335,0.05154639175257732,0.08247422680412371,0.13110539845758357,0.11564625850340136,1
1,1,1,0.9896907216494845,0.5331632653061223,0.1111111111111111,0.9750000000000001,0.6185567010309279,0.845360824742268,0.9511568123393317,0.7346938775510204,1
3,1,2,0.7835051546391752,0.41581632653061223,1.0,0.9933333333333334,0.4261168384879725,0.5567010309278351,0.776349614395887,0.3741496598639456,1
5,2,2,0.4845360824742268,0.3520408163265306,0.0,0.8366666666666667,0.1134020618556701,0.3865979381443299,0.40616966580976865,0.1836734693877551,1
3,1,1,0.8350515463917525,0.5714285714285714,0.0,0.5833333333333335,0.12371134020618556,0.8247422680412371,0.455012853470437,0.39455782312925175,1
4,2,1,0.3814432989690722,0.21938775510204078,0.4444444444444445,0.6083333333333334,0.31958762886597936,0.20618556701030927,0.22879177377892032,0.36054421768707484,1
2,1,2,0.9072164948453607,0.9030612244897959,0.5555555555555556,0.06500000000000006,0.5223367697594502,0.4329896907216495,0.49357326478149105,0.6122448979591837,2
1,2,2,0.9690721649484535,0.818877551020408,1.0,0.245,0.5292096219931272,0.9484536082474226,0.5012853470437019,0.3197278911564626,2
5,2,1,0.08247422680412371,0.05357142857142857,0.8888888888888888,0.5216666666666667,0.054982817869415807,0.06701030927835051,0.059125964010282785,0.04081632653061225,1
5,1,2,0.26804123711340205,0.17602040816326528,0.7777777777777777,0.20666666666666667,0.03092783505154639,0.25773195876288657,0.14910025706940874,0.217687074829932,2
2,2,2,0.8350515463917525,0.5229591836734693,0.2222222222222222,0.6116666666666668,0.6632302405498282,0.211340206185567,0.6452442159383034,0.46258503401360546,1
4,2,1,0.6907216494845361,0.45918367346938777,0.8888888888888888,0.6916666666666667,0.281786941580756,0.03092783505154639,0.37789203084832906,0.5102040816326531,1
5,2,1,0.3711340206185567,0.22448979591836732,0.8888888888888888,0.5900000000000001,0.30927835051546393,0.20618556701030927,0.2544987146529563,0.20408163265306123,1
2,2,2,0.8041237113402061,0.4464285714285714,1.0,0.41500000000000004,0.08247422680412371,0.5,0.6966580976863754,0.7346938775510204,2
4,1,1,0.9896907216494845,0.7499999999999999,0.1111111111111111,0.1216666666666667,0.38144329896907214,0.28350515463917525,0.9640102827763497,0.6802721088435375,1
0,1,1,0.27835051546391754,0.17602040816326528,0.7777777777777777,0.053333333333333344,0.12371134020618556,0.29381443298969073,0.18766066838046275,0.2448979591836735,2
4,1,2,0.7938144329896907,0.7959183673469387,1.0,0.39,0.4261168384879725,0.4381443298969072,0.5475578406169667,0.435374149659864,2
3,2,2,0.4536082474226804,0.4489795918367347,0.3333333333333333,0.16000000000000003,0.3676975945017182,0.20618556701030927,0.30848329048843187,0.17687074829931973,2
2,1,2,0.08247422680412371,0.08673469387755102,0.8888888888888888,0.9866666666666668,0.07560137457044673,0.041237113402061855,0.06940874035989716,0.034013605442176874,1
5,1,2,0.9072164948453607,0.5357142857142857,0.6666666666666665,0.5033333333333334,0.11683848797250859,0.39690721649484534,0.9023136246786633,0.7482993197278912,1
0,1,1,0.9484536082474226,0.9132653061224489,0.4444444444444445,0.5250000000000001,0.7285223367697594,0.1958762886597938,0.6966580976863754,0.6190476190476191,1
5,1,1,0.7422680412371133,0.586734693877551,1.0,0.30333333333333334,0.5395189003436426,0.18556701030927836,0.7403598971722366,0.46258503401360546,2
0,1,2,0.6597938144329897,0.5051020408163265,0.7777777777777777,0.16166666666666674,0.6597938144329897,0.36082474226804123,0.43444730077120824,0.5714285714285715,2
0,2,2,0.1134020618556701,0.07908163265306123,0.4444444444444445,0.27333333333333343,0.041237113402061855,0.010309278350515464,0.08226221079691516,0.09523809523809525,2
0,1,1,0.09278350515463918,0.07908163265306123,0.6666666666666665,0.8866666666666667,0.10996563573883161,0.010309278350515464,0.10539845758354756,0.108843537414966,1
5,1,2,0.9278350515463917,0.8801020408163265,0.5555555555555556,0.8366666666666667,0.7560137457044673,0.5670103092783505,0.5012853470437019,0.8503401360544218,1
2,1,2,0.7010309278350515,0.6020408163265305,0.8888888888888888,0.5466666666666666,0.46048109965635736,0.3402061855670103,0.6401028277634963,0.489795918367347,1
4,1,2,0.5051546391752577,0.4719387755102041,0.4444444444444445,0.6566666666666667,0.21993127147766323,0.27319587628865977,0.3393316195372751,0.27891156462585037,1
1,2,1,0.30927835051546393,0.22959183673469385,1.0,0.7350000000000001,0.13058419243986255,0.18041237113402062,0.16966580976863754,0.1564625850340136,1
1,2,1,0.36082474226804123,0.27040816326530615,0.6666666666666665,0.7466666666666668,0.12714776632302405,0.14432989690721648,0.33161953727506427,0.27891156462585037,1
5,1,2,0.3505154639175258,0.31887755102040816,0.1111111111111111,0.033333333333333326,0.0859106529209622,0.14948453608247422,0.3161953727506427,0.19727891156462588,1
1,1,2,0.556701030927835,0.29081632653061223,0.4444444444444445,0.79,0.37800687285223367,0.22164948453608246,0.32904884318766064,0.44217687074829937,1
0,2,1,0.9587628865979381,0.808673469387755,0.0,0.33333333333333337,0.2852233676975945,0.5,0.622107969151671,0.380952380952381,1
4,2,2,0.13402061855670103,0.09438775510204081,0.8888888888888888,0.6766666666666667,0.0,0.13917525773195877,0.10539845758354756,0.11564625850340136,1
4,2,2,0.7422680412371133,0.45918367346938777,0.4444444444444445,0.5016666666666667,0.563573883161512,0.6494845360824743,0.7326478149100257,0.41496598639455784,1
2,1,2,0.5979381443298969,0.4362244897959184,0.7777777777777777,0.8433333333333335,0.06185567010309278,0.10824742268041238,0.5115681233933163,0.2380952380952381,1
0,1,1,0.288659793814433,0.23724489795918366,0.2222222222222222,0.5733333333333335,0.13402061855670103,0.03608247422680412,0.2622107969151671,0.20408163265306123,1
4,1,1,0.5979381443298969,0.32142857142857145,0.6666666666666665,0.7050000000000001,0.024054982817869414,0.08247422680412371,0.34190231362467866,0.27891156462585037,1
5,1,1,0.04123711340206185,0.030612244897959183,0.5555555555555556,0.3483333333333334,0.054982817869415807,0.005154639175257732,0.04113110539845759,0.054421768707483,2
0,1,2,0.16494845360824742,0.1607142857142857,0.1111111111111111,0.9966666666666668,0.08247422680412371,0.005154639175257732,0.11053984575835475,0.09523809523809525,1
2,1,1,0.5463917525773195,0.29846938775510207,0.0,0.44500000000000006,0.24742268041237112,0.2422680412371134,0.2879177377892031,0.4761904761904762,1
1,1,2,0.08247422680412371,0.04591836734693877,0.2222222222222222,0.6916666666666667,0.07560137457044673,0.05154639175257732,0.048843187660668384,0.07482993197278912,1
2,2,1,0.15463917525773194,0.0816326530612245,0.4444444444444445,0.9233333333333333,0.1718213058419244,0.12371134020618556,0.07969151670951156,0.11564625850340136,1
1,1,1,0.32989690721649484,0.30612244897959184,0.3333333333333333,0.3716666666666667,0.20962199312714777,0.2422680412371134,0.20565552699228792,0.17687074829931973,2
1,1,1,0.9690721649484535,0.9081632653061223,0.3333333333333333,0.39,0.8419243986254296,0.9123711340206185,0.8123393316195373,0.3673469387755102,2
0,2,1,0.24742268041237112,0.18622448979591835,0.8888888888888888,0.28333333333333344,0.024054982817869414,0.03608247422680412,0.13367609254498716,0.19727891156462588,2
1,1,2,0.14432989690721648,0.0816326530612245,0.8888888888888888,0.5316666666666667,0.10996563573883161,0.005154639175257732,0.15424164524421596,0.10204081632653061,1
0,1,1,0.422680412371134,0.31887755102040816,1.0,0.45333333333333337,0.29553264604810997,0.1134020618556701,0.2750642673521851,0.41496598639455784,1
3,1,2,0.12371134020618556,0.0816326530612245,0.7777777777777777,0.10833333333333339,0.08934707903780069,0.1134020618556701,0.06683804627249357,0.108843537414966,2
0,2,2,0.8041237113402061,0.45153061224489793,0.7777777777777777,0.8183333333333334,0.4776632302405498,0.5309278350515464,0.5938303341902315,0.7210884353741497,1
4,2,1,0.49484536082474223,0.45408163265306123,0.5555555555555556,0.20666666666666667,0.17869415807560138,0.10309278350515463,0.36503856041131105,0.41496598639455784,2
5,1,2,0.44329896907216493,0.2525510204081633,0.5555555555555556,0.7100000000000002,0.09965635738831614,0.44329896907216493,0.442159383033419,0.28571428571428575,1
1,1,2,0.32989690721649484,0.24489795918367344,0.0,0.7266666666666668,0.13402061855670103,0.24742268041237112,0.2647814910025707,0.30612244897959184,1
5,1,1,0.5670103092783505,0.31887755102040816,0.6666666666666665,0.31333333333333335,0.46735395189003437,0.05154639175257732,0.33161953727506427,0.3741496598639456,2
2,2,1,0.24742268041237112,0.18622448979591835,0.4444444444444445,0.16666666666666674,0.23367697594501718,0.14432989690721648,0.2519280205655527,0.217687074829932,2
0,1,1,0.44329896907216493,0.30357142857142855,1.0,0.018333333333333313,0.3848797250859106,0.25773195876288657,0.31876606683804626,0.163265306122449,2
2,2,1,0.5051546391752577,0.42091836734693877,0.0,0.3400000000000001,0.21993127147766323,0.13917525773195877,0.4318766066838046,0.29931972789115646,1
4,2,1,0.5051546391752577,0.46683673469387754,1.0,0.020000000000000018,0.32989690721649484,0.30927835051546393,0.41645244215938304,0.3741496598639456,2
5,1,1,0.15463917525773194,0.15816326530612243,0.6666666666666665,0.4783333333333334,0.037800687285223365,0.05154639175257732,0.15681233933161956,0.10204081632653061,1
1,2,2,0.5154639175257731,0.2602040816326531,1.0,0.02833333333333332,0.10309278350515463,0.41237113402061853,0.4884318766066838,0.36054421768707484,2
4,2,2,0.845360824742268,0.7321428571428571,0.0,0.2716666666666667,0.436426116838488,0.05670103092783505,0.5089974293059126,0.45578231292517013,1
1,2,1,0.9072164948453607,0.8596938775510203,0.7777777777777777,0.9033333333333333,0.21649484536082475,0.8711340206185567,0.5809768637532134,0.39455782312925175,1
4,1,1,0.32989690721649484,0.29336734693877553,1.0,0.5266666666666668,0.1718213058419244,0.17010309278350516,0.24678663239074553,0.19727891156462588,1
1,2,2,0.5360824742268041,0.4872448979591837,0.3333333333333333,0.8333333333333335,0.027491408934707903,0.31443298969072164,0.49357326478149105,0.20408163265306123,1
0,1,1,0.05154639175257732,0.04591836734693877,0.5555555555555556,0.855,0.006872852233676976,0.06701030927835051,0.048843187660668384,0.034013605442176874,1
2,1,2,0.7628865979381443,0.6249999999999999,0.5555555555555556,0.44000000000000006,0.48109965635738833,0.31958762886597936,0.6272493573264782,0.45578231292517013,1
2,2,2,0.49484536082474223,0.3673469387755102,0.5555555555555556,0.895,0.07560137457044673,0.3711340206185567,0.2930591259640103,0.326530612244898,1
5,2,1,0.23711340206185563,0.23214285714285712,0.7777777777777777,0.7250000000000001,0.0,0.1134020618556701,0.2365038560411311,0.11564625850340136,1
4,2,1,0.18556701030927833,0.12499999999999999,0.7777777777777777,0.7066666666666668,0.17869415807560138,0.1958762886597938,0.11053984575835475,0.1904761904761905,1
5,2,2,0.9072164948453607,0.6020408163265305,0.5555555555555556,0.5966666666666667,0.1958762886597938,0.23711340206185566,0.8174807197943446,0.41496598639455784,1
5,1,2,0.8350515463917525,0.8035714285714285,0.7777777777777777,0.9300000000000002,0.845360824742268,0.5721649484536082,0.6683804627249358,0.5782312925170069,1
0,2,1,0.29896907216494845,0.20918367346938774,0.3333333333333333,0.5233333333333334,0.058419243986254296,0.23711340206185566,0.2750642673521851,0.22448979591836737,1
2,1,1,0.8556701030927835,0.645408163265306,0.7777777777777777,0.6900000000000002,0.3917525773195876,0.7628865979381443,0.43444730077120824,0.38775510204081637,1
2,1,1,0.10309278350515463,0.1096938775510204,1.0,0.5083333333333333,0.12371134020618556,0.07731958762886598,0.11053984575835475,0.04081632653061225,1
4,1,1,0.26804123711340205,0.13265306122448978,0.3333333333333333,0.9583333333333335,0.23711340206185566,0.20618556701030927,0.14652956298200515,0.22448979591836737,1
5,1,1,0.26804123711340205,0.27040816326530615,0.2222222222222222,0.09833333333333338,0.1718213058419244,0.17010309278350516,0.18766066838046275,0.20408163265306123,2
5,1,1,0.6494845360824741,0.6071428571428571,0.2222222222222222,0.2350000000000001,0.4845360824742268,0.49484536082474223,0.3856041131105398,0.35374149659863946,2
4,1,2,0.8762886597938143,0.635204081632653,0.8888888888888888,0.8166666666666667,0.8591065292096219,0.4690721649484536,0.4652956298200514,0.5714285714285715,1
1,2,1,0.5360824742268041,0.3392857142857143,0.1111111111111111,0.8683333333333334,0.3986254295532646,0.44845360824742264,0.5038560411311055,0.380952380952381,1
2,2,2,0.8659793814432989,0.8418367346938774,0.7777777777777777,0.125,0.6735395189003436,0.5773195876288659,0.647814910025707,0.761904761904762,2
3,1,2,0.4639175257731959,0.23724489795918366,0.4444444444444445,0.40833333333333344,0.17869415807560138,0.3711340206185567,0.30077120822622105,0.36054421768707484,2
5,2,1,0.09278350515463918,0.09183673469387756,0.1111111111111111,0.9850000000000001,0.037800687285223365,0.010309278350515464,0.07969151670951156,0.06122448979591837,1
0,1,2,0.6391752577319587,0.3494897959183674,0.3333333333333333,0.31000000000000005,0.17525773195876287,0.654639175257732,0.6066838046272495,0.25170068027210885,2
0,1,2,0.422680412371134,0.24489795918367344,0.1111111111111111,0.6600000000000001,0.4261168384879725,0.10824742268041238,0.42930591259640105,0.14285714285714288,1
5,2,1,0.27835051546391754,0.2755102040816327,0.1111111111111111,0.6383333333333334,0.058419243986254296,0.20103092783505155,0.23393316195372751,0.22448979591836737,1
5,2,2,0.9690721649484535,0.6836734693877551,0.3333333333333333,0.4900000000000001,0.8762886597938144,0.23711340206185566,0.6812339331619538,0.9047619047619049,1
3,2,1,0.07216494845360825,0.05612244897959184,1.0,0.3816666666666667,0.03092783505154639,0.015463917525773195,0.07455012853470437,0.04761904761904762,2
5,2,2,0.8144329896907216,0.6632653061224489,0.1111111111111111,0.21500000000000008,0.12371134020618556,0.4381443298969072,0.5629820051413882,0.46938775510204084,1
0,2,1,0.8865979381443299,0.6301020408163265,0.1111111111111111,0.16666666666666674,0.38831615120274915,0.20618556701030927,0.5989717223650386,0.6394557823129252,2
0,1,2,0.8865979381443299,0.4387755102040816,0.1111111111111111,0.9133333333333333,0.872852233676976,0.422680412371134,0.8046272493573265,0.34693877551020413,1
1,2,2,0.6391752577319587,0.5408163265306122,0.2222222222222222,0.31500000000000006,0.054982817869415807,0.23711340206185566,0.44473007712082263,0.6054421768707483,2
2,1,2,0.27835051546391754,0.1607142857142857,0.4444444444444445,0.043333333333333335,0.29553264604810997,0.1134020618556701,0.18251928020565555,0.23129251700680273,2
5,1,2,0.14432989690721648,0.14795918367346936,0.3333333333333333,0.605,0.13402061855670103,0.041237113402061855,0.15681233933161956,0.0816326530612245,1
1,2,2,0.14432989690721648,0.12244897959183675,0.8888888888888888,0.7150000000000001,0.0859106529209622,0.10309278350515463,0.15167095115681237,0.06122448979591837,1
2,1,1,0.29896907216494845,0.2653061224489796,0.1111111111111111,0.16333333333333333,0.10652920962199312,0.15463917525773196,0.18251928020565555,0.1360544217687075,1
2,2,1,0.556701030927835,0.41836734693877553,0.6666666666666665,0.9266666666666667,0.013745704467353952,0.5257731958762887,0.37017994858611825,0.35374149659863946,1
3,1,1,0.8144329896907216,0.49999999999999994,1.0,0.07833333333333337,0.7835051546391752,0.7422680412371134,0.7583547557840618,0.3741496598639456,2
3,2,2,0.9175257731958762,0.4846938775510204,0.5555555555555556,0.6600000000000001,0.9003436426116839,0.39690721649484534,0.7660668380462725,0.9047619047619049,1
0,1,1,0.5463917525773195,0.42857142857142855,0.3333333333333333,0.08833333333333337,0.013745704467353952,0.010309278350515464,0.4318766066838046,0.35374149659863946,2
1,1,1,0.979381443298969,0.8673469387755102,1.0,0.76,0.5395189003436426,0.9536082474226804,0.6812339331619538,0.9591836734693878,1
4,1,2,0.21649484536082472,0.1301020408163265,0.7777777777777777,0.31666666666666676,0.21305841924398625,0.19072164948453607,0.13367609254498716,0.14285714285714288,2
1,2,1,0.556701030927835,0.45153061224489793,0.4444444444444445,0.385,0.2233676975945017,0.46391752577319584,0.5012853470437019,0.5714285714285715,2
2,2,1,0.44329896907216493,0.41581632653061223,0.1111111111111111,0.6316666666666668,0.3539518900343642,0.15979381443298968,0.2930591259640103,0.34013605442176875,1
1,1,1,0.03092783505154639,0.038265306122448974,0.3333333333333333,0.9616666666666667,0.003436426116838488,0.010309278350515464,0.020565552699228794,0.04081632653061225,1
0,1,2,0.4123711340206186,0.2729591836734694,1.0,0.8616666666666668,0.23024054982817868,0.12371134020618556,0.2930591259640103,0.41496598639455784,1
1,2,2,0.9175257731958762,0.586734693877551,0.8888888888888888,0.8200000000000001,0.027491408934707903,0.6494845360824743,0.8174807197943446,0.8435374149659864,1
4,1,1,0.30927835051546393,0.31887755102040816,0.8888888888888888,0.6066666666666667,0.21649484536082475,0.17525773195876287,0.18766066838046275,0.14285714285714288,1
4,1,1,0.6185567010309277,0.5357142857142857,0.7777777777777777,0.9700000000000002,0.4054982817869416,0.18041237113402062,0.32390745501285345,0.27891156462585037,1
3,2,1,0.23711340206185563,0.18877551020408162,0.4444444444444445,0.78,0.15463917525773196,0.020618556701030927,0.19794344473007713,0.17687074829931973,1
0,1,2,0.9175257731958762,0.6836734693877551,0.5555555555555556,0.8116666666666668,0.8350515463917526,0.14948453608247422,0.8868894601542417,0.6462585034013606,1
3,1,1,0.03092783505154639,0.01530612244897959,0.5555555555555556,0.3966666666666667,0.0,0.03608247422680412,0.030848329048843187,0.020408163265306124,2
4,2,2,0.6907216494845361,0.45153061224489793,0.3333333333333333,0.07833333333333337,0.563573883161512,0.47938144329896903,0.46272493573264784,0.5918367346938775,2
0,1,1,0.16494845360824742,0.12499999999999999,0.7777777777777777,0.02833333333333332,0.1683848797250859,0.07731958762886598,0.09511568123393316,0.08843537414965986,2
0,1,1,0.3917525773195876,0.3622448979591837,0.0,0.6883333333333335,0.21305841924398625,0.25257731958762886,0.30591259640102825,0.3197278911564626,1
1,2,2,0.3814432989690722,0.30612244897959184,0.4444444444444445,0.6383333333333334,0.034364261168384876,0.03608247422680412,0.2930591259640103,0.163265306122449,1
2,2,1,0.8041237113402061,0.7091836734693877,0.8888888888888888,0.7750000000000001,0.8247422680412371,0.5412371134020618,0.4473007712082262,0.5578231292517007,1
5,1,2,0.07216494845360825,0.07397959183673469,0.4444444444444445,0.8383333333333334,0.054982817869415807,0.08762886597938144,0.05141388174807198,0.054421768707483,1
0,1,1,0.8247422680412371,0.7499999999999999,0.2222222222222222,0.17500000000000004,0.13402061855670103,0.041237113402061855,0.6066838046272495,0.38775510204081637,2
5,1,2,0.21649484536082472,0.11734693877551021,0.1111111111111111,0.3816666666666667,0.21305841924398625,0.20103092783505155,0.22879177377892032,0.1360544217687075,2
5,1,1,0.6907216494845361,0.4872448979591837,0.2222222222222222,0.8350000000000002,0.3470790378006873,0.4845360824742268,0.42930591259640105,0.3741496598639456,1
3,2,2,0.8865979381443299,0.7755102040816326,0.5555555555555556,0.6783333333333335,0.5154639175257731,0.005154639175257732,0.8354755784061697,0.54421768707483,1
1,1,2,0.24742268041237112,0.17602040816326528,0.3333333333333333,0.08166666666666667,0.2027491408934708,0.07216494845360824,0.23393316195372751,0.20408163265306123,2
1,1,2,0.36082474226804123,0.21428571428571427,1.0,0.9750000000000001,0.21305841924398625,0.18041237113402062,0.27249357326478146,0.17687074829931973,1
2,1,1,0.6185567010309277,0.5994897959183673,0.1111111111111111,0.31500000000000006,0.09965635738831614,0.3865979381443299,0.5398457583547558,0.22448979591836737,1
3,1,1,0.08247422680412371,0.05867346938775509,0.2222222222222222,0.06833333333333336,0.09965635738831614,0.08762886597938144,0.08483290488431876,0.07482993197278912,2
1,2,2,0.5979381443298969,0.5025510204081632,0.5555555555555556,0.5616666666666668,0.3711340206185567,0.22164948453608246,0.506426735218509,0.5850340136054423,1
1,2,1,0.9175257731958762,0.7933673469387754,0.1111111111111111,0.00666666666666671,0.4845360824742268,0.8608247422680412,0.7686375321336761,0.653061224489796,1
1,1,2,0.15463917525773194,0.16326530612244897,0.7777777777777777,0.395,0.14776632302405499,0.14948453608247422,0.08226221079691516,0.07482993197278912,2
5,2,1,0.15463917525773194,0.1096938775510204,0.5555555555555556,0.3383333333333334,0.03092783505154639,0.1134020618556701,0.11568123393316196,0.0816326530612245,2
1,1,2,0.7113402061855669,0.35714285714285715,0.5555555555555556,0.7000000000000002,0.15807560137457044,0.02577319587628866,0.6940874035989718,0.5714285714285715,1
5,1,2,0.9484536082474226,0.9311224489795917,0.4444444444444445,0.3483333333333334,0.711340206185567,0.38144329896907214,0.5681233933161954,0.4285714285714286,2
5,2,2,0.6185567010309277,0.4107142857142857,0.2222222222222222,0.10000000000000009,0.03092783505154639,0.3711340206185567,0.5681233933161954,0.4285714285714286,2
1,1,2,0.8350515463917525,0.8035714285714285,0.7777777777777777,0.8633333333333335,0.8041237113402062,0.38144329896907214,0.8200514138817482,0.5782312925170069,1
1,1,1,0.8969072164948453,0.5331632653061223,0.3333333333333333,0.6933333333333334,0.18556701030927836,0.4742268041237113,0.6041131105398458,0.5374149659863946,1
1,1,1,0.6494845360824741,0.36989795918367346,0.5555555555555556,0.10000000000000009,0.12027491408934708,0.10824742268041238,0.37789203084832906,0.49659863945578236,2
3,1,1,0.8144329896907216,0.673469387755102,0.4444444444444445,0.9916666666666667,0.17525773195876287,0.5051546391752577,0.4318766066838046,0.6734693877551021,1
2,2,2,0.4845360824742268,0.336734693877551,0.3333333333333333,0.046666666666666745,0.36082474226804123,0.4175257731958763,0.46272493573264784,0.23129251700680273,2
4,1,2,0.9175257731958762,0.6709183673469387,0.0,0.8533333333333335,0.8006872852233676,0.61340206185567,0.8431876606683806,0.7074829931972789,1
3,1,1,0.9072164948453607,0.836734693877551,0.7777777777777777,0.26,0.8178694158075601,0.36082474226804123,0.660668380462725,0.4829931972789116,2
4,1,1,0.1134020618556701,0.09183673469387756,0.7777777777777777,0.44333333333333336,0.024054982817869414,0.010309278350515464,0.07969151670951156,0.108843537414966,1
1,2,2,0.6701030927835051,0.6301020408163265,1.0,0.4966666666666667,0.18213058419243985,0.6649484536082474,0.34190231362467866,0.4761904761904762,1
5,2,2,0.30927835051546393,0.22959183673469385,0.2222222222222222,0.5933333333333335,0.24054982817869416,0.16494845360824742,0.31876606683804626,0.28571428571428575,1
0,2,2,0.7525773195876289,0.7244897959183673,0.0,0.9916666666666667,0.06872852233676975,0.211340206185567,0.544987146529563,0.489795918367347,1
3,1,2,0.4845360824742268,0.31887755102040816,0.6666666666666665,0.5883333333333334,0.2508591065292096,0.05154639175257732,0.3264781491002571,0.489795918367347,1
1,2,1,0.05154639175257732,0.038265306122448974,0.7777777777777777,0.5683333333333334,0.07216494845360824,0.020618556701030927,0.03341902313624679,0.06122448979591837,1
2,1,2,0.6391752577319587,0.413265306122449,0.3333333333333333,0.40666666666666673,0.415807560137457,0.3247422680412371,0.38303341902313626,0.3673469387755102,2
0,2,1,0.3814432989690722,0.3520408163265306,1.0,0.8516666666666668,0.1958762886597938,0.18556701030927836,0.2622107969151671,0.36054421768707484,1
4,1,2,0.979381443298969,0.6785714285714285,0.4444444444444445,0.2666666666666667,0.3917525773195876,0.20103092783505155,0.7994858611825193,0.6326530612244898,2
5,1,1,0.3505154639175258,0.3112244897959184,0.5555555555555556,0.8250000000000002,0.3642611683848797,0.13917525773195877,0.27763496143958866,0.326530612244898,1
2,1,1,0.32989690721649484,0.25510204081632654,0.1111111111111111,0.7416666666666667,0.1683848797250859,0.20618556701030927,0.2493573264781491,0.2653061224489796,1
0,2,2,0.9896907216494845,0.5051020408163265,0.7777777777777777,0.51,0.21305841924398625,0.041237113402061855,0.9511568123393317,0.5918367346938775,1
1,2,2,0.5051546391752577,0.35459183673469385,0.2222222222222222,0.2516666666666667,0.20962199312714777,0.3917525773195876,0.2853470437017995,0.380952380952381,2
4,1,1,0.5876288659793814,0.29336734693877553,0.3333333333333333,0.29833333333333334,0.37800687285223367,0.06185567010309278,0.3958868894601542,0.2653061224489796,2
5,1,2,0.10309278350515463,0.05357142857142857,0.6666666666666665,0.32500000000000007,0.06185567010309278,0.09278350515463918,0.09768637532133675,0.08843537414965986,2
2,2,2,0.979381443298969,0.7627551020408162,0.6666666666666665,0.7816666666666667,0.8144329896907216,0.7010309278350515,0.6709511568123394,0.5102040816326531,1
5,2,1,0.4639175257731959,0.29336734693877553,0.1111111111111111,0.5650000000000002,0.12371134020618556,0.03608247422680412,0.23393316195372751,0.3741496598639456,1
5,1,2,0.4123711340206186,0.3112244897959184,0.8888888888888888,0.7050000000000001,0.041237113402061855,0.015463917525773195,0.32390745501285345,0.41496598639455784,1
4,1,2,0.9381443298969071,0.6581632653061223,0.7777777777777777,0.5383333333333333,0.4020618556701031,0.5412371134020618,0.5347043701799487,0.7278911564625851,1
3,2,1,0.5257731958762886,0.5229591836734693,0.2222222222222222,0.31166666666666676,0.3333333333333333,0.17525773195876287,0.46786632390745503,0.28571428571428575,2
0,1,2,0.7628865979381443,0.760204081632653,0.0,0.7383333333333335,0.711340206185567,0.44845360824742264,0.7017994858611826,0.653061224489796,1
2,1,2,0.6185567010309277,0.423469387755102,0.5555555555555556,0.7566666666666668,0.07903780068728522,0.21649484536082475,0.3856041131105398,0.5374149659863946,1
0,1,2,0.8969072164948453,0.5433673469387754,0.4444444444444445,0.42000000000000004,0.07903780068728522,0.5103092783505154,0.5244215938303343,0.8095238095238095,1
4,2,1,0.7938144329896907,0.6887755102040816,0.4444444444444445,0.43333333333333335,0.7938144329896907,0.7422680412371134,0.724935732647815,0.7414965986394558,1
1,1,1,0.3402061855670103,0.26785714285714285,0.6666666666666665,0.5533333333333335,0.23711340206185566,0.07731958762886598,0.27249357326478146,0.28571428571428575,1
2,1,2,0.5257731958762886,0.41836734693877553,0.8888888888888888,0.06500000000000006,0.15807560137457044,0.17010309278350516,0.30077120822622105,0.27891156462585037,2
2,2,2,0.12371134020618556,0.07142857142857142,0.1111111111111111,0.9683333333333335,0.12714776632302405,0.020618556701030927,0.12082262210796914,0.07482993197278912,1
1,2,1,0.9175257731958762,0.5943877551020408,1.0,0.3916666666666667,0.09621993127147765,0.9072164948453608,0.6709511568123394,0.30612244897959184,2
4,2,2,0.4329896907216495,0.43112244897959184,0.1111111111111111,0.43833333333333335,0.140893470790378,0.19072164948453607,0.31876606683804626,0.19727891156462588,1
5,2,2,0.26804123711340205,0.20153061224489793,0.6666666666666665,0.5250000000000001,0.2542955326460481,0.17010309278350516,0.16452442159383035,0.1836734693877551,1
3,2,2,0.1134020618556701,0.07653061224489796,0.3333333333333333,0.8250000000000002,0.04810996563573883,0.041237113402061855,0.11053984575835475,0.108843537414966,1
4,1,2,0.845360824742268,0.7244897959183673,0.6666666666666665,0.9633333333333334,0.8041237113402062,0.42783505154639173,0.6066838046272495,0.5850340136054423,1
5,1,1,0.5257731958762886,0.3494897959183674,0.2222222222222222,0.5550000000000002,0.4054982817869416,0.23195876288659792,0.3213367609254499,0.41496598639455784,1
2,1,2,0.5979381443298969,0.3469387755102041,0.1111111111111111,0.3883333333333334,0.10309278350515463,0.49484536082474223,0.3676092544987147,0.27891156462585037,2
2,2,1,0.1958762886597938,0.16581632653061223,0.5555555555555556,0.8250000000000002,0.20962199312714777,0.0979381443298969,0.17737789203084833,0.163265306122449,1
0,2,2,0.422680412371134,0.2729591836734694,0.1111111111111111,0.1233333333333334,0.24398625429553264,0.37628865979381443,0.23136246786632392,0.3197278911564626,2
4,2,1,0.7319587628865979,0.5765306122448979,0.5555555555555556,0.9133333333333333,0.21649484536082475,0.14948453608247422,0.724935732647815,0.27891156462585037,1
2,1,2,0.5154639175257731,0.40561224489795916,0.5555555555555556,0.9833333333333334,0.36082474226804123,0.49484536082474223,0.39845758354755784,0.2653061224489796,1
3,1,2,0.4639175257731959,0.2423469387755102,0.6666666666666665,0.2400000000000001,0.281786941580756,0.015463917525773195,0.3958868894601542,0.2585034013605442,2
4,1,2,0.7835051546391752,0.7193877551020408,0.1111111111111111,0.8383333333333334,0.5326460481099656,0.5824742268041236,0.5347043701799487,0.6666666666666667,1
1,2,1,0.5979381443298969,0.510204081632653,0.6666666666666665,0.9083333333333334,0.1718213058419244,0.4020618556701031,0.6015424164524422,0.5918367346938775,1
4,1,2,0.4742268041237113,0.26785714285714285,0.5555555555555556,0.8883333333333334,0.10309278350515463,0.20618556701030927,0.4138817480719794,0.4829931972789116,1
3,1,1,0.8969072164948453,0.4846938775510204,0.5555555555555556,0.7783333333333333,0.41237113402061853,0.1134020618556701,0.6272493573264782,0.5238095238095238,1
1,1,1,0.16494845360824742,0.09438775510204081,0.7777777777777777,0.7450000000000001,0.024054982817869414,0.010309278350515464,0.11053984575835475,0.06122448979591837,1
2,1,2,0.288659793814433,0.17091836734693877,0.1111111111111111,0.4800000000000001,0.18213058419243985,0.17525773195876287,0.2982005141388175,0.23129251700680273,1
4,2,2,0.7731958762886597,0.6173469387755102,1.0,0.4700000000000001,0.3367697594501718,0.3402061855670103,0.7403598971722366,0.44217687074829937,1
1,2,2,0.8350515463917525,0.5127551020408163,0.6666666666666665,0.08000000000000007,0.1924398625429553,0.6443298969072164,0.7403598971722366,0.3197278911564626,2
4,2,2,0.4123711340206186,0.23214285714285712,0.1111111111111111,0.7100000000000002,0.3436426116838488,0.4175257731958763,0.40616966580976865,0.3741496598639456,1
4,1,1,0.8041237113402061,0.7882653061224489,0.2222222222222222,0.30333333333333334,0.6804123711340206,0.5927835051546392,0.5629820051413882,0.38775510204081637,2
2,1,1,0.9484536082474226,0.7576530612244897,0.7777777777777777,0.44166666666666676,0.041237113402061855,0.20103092783505155,0.7172236503856042,0.6122448979591837,1
1,1,2,0.061855670103092786,0.05357142857142857,0.7777777777777777,0.9533333333333334,0.08247422680412371,0.06185567010309278,0.04113110539845759,0.06122448979591837,1
0,1,1,0.03092783505154639,0.025510204081632647,0.1111111111111111,0.875,0.020618556701030927,0.0,0.038560411311053984,0.01360544217687075,1
2,1,1,0.6082474226804123,0.5612244897959183,0.3333333333333333,0.6566666666666667,0.5567010309278351,0.5618556701030928,0.5809768637532134,0.489795918367347,1
3,1,1,0.8556701030927835,0.7780612244897959,1.0,0.2466666666666667,0.7903780068728522,0.07216494845360824,0.5809768637532134,0.5374149659863946,2
5,1,1,0.7628865979381443,0.45153061224489793,0.5555555555555556,0.2533333333333334,0.27147766323024053,0.22164948453608246,0.6041131105398458,0.3197278911564626,2
3,2,2,0.8762886597938143,0.4489795918367347,0.5555555555555556,0.9950000000000001,0.563573883161512,0.18041237113402062,0.8046272493573265,0.8503401360544218,1
4,2,2,0.9484536082474226,0.5076530612244897,0.4444444444444445,0.8383333333333334,0.852233676975945,0.05154639175257732,0.8766066838046274,0.326530612244898,1
1,2,1,0.020618556701030927,0.01530612244897959,0.3333333333333333,0.8800000000000001,0.020618556701030927,0.02577319587628866,0.030848329048843187,0.020408163265306124,1
0,1,2,0.2577319587628866,0.18367346938775508,0.2222222222222222,0.8866666666666667,0.2646048109965636,0.06185567010309278,0.2493573264781491,0.17006802721088438,1
1,2,1,0.21649484536082472,0.13265306122448978,0.2222222222222222,0.935,0.054982817869415807,0.06185567010309278,0.11311053984575835,0.11564625850340136,1
0,1,2,0.7525773195876289,0.3979591836734694,0.0,0.3916666666666667,0.6013745704467354,0.29381443298969073,0.5989717223650386,0.30612244897959184,2
4,2,1,0.7113402061855669,0.4872448979591837,0.7777777777777777,0.1050000000000001,0.6151202749140894,0.13402061855670103,0.5732647814910027,0.272108843537415,2
1,2,1,0.8865979381443299,0.721938775510204,0.3333333333333333,0.5516666666666667,0.37800687285223367,0.6804123711340206,0.634961439588689,0.5238095238095238,1
2,2,2,0.845360824742268,0.520408163265306,0.2222222222222222,0.3550000000000001,0.017182130584192438,0.845360824742268,0.4755784061696658,0.5374149659863946,2
0,1,1,0.4639175257731959,0.40561224489795916,0.7777777777777777,0.02833333333333332,0.436426116838488,0.020618556701030927,0.23393316195372751,0.17006802721088438,2
1,1,2,0.6907216494845361,0.4897959183673469,0.0,0.8483333333333334,0.20962199312714777,0.5463917525773195,0.5809768637532134,0.6326530612244898,1
3,2,2,0.22680412371134018,0.20153061224489793,0.4444444444444445,0.385,0.23367697594501718,0.0979381443298969,0.13881748071979436,0.1360544217687075,2
1,2,1,0.14432989690721648,0.11479591836734694,0.6666666666666665,0.40666666666666673,0.07560137457044673,0.010309278350515464,0.15167095115681237,0.0816326530612245,2
0,1,2,0.3402061855670103,0.1913265306122449,0.6666666666666665,0.10999999999999999,0.21993127147766323,0.15463917525773196,0.3444730077120823,0.33333333333333337,2
0,2,2,0.36082474226804123,0.3163265306122449,0.6666666666666665,0.8283333333333334,0.044673539518900345,0.05670103092783505,0.30848329048843187,0.25170068027210885,1
1,2,2,0.30927835051546393,0.29846938775510207,0.7777777777777777,0.4950000000000001,0.23367697594501718,0.0979381443298969,0.19023136246786634,0.14965986394557823,1
2,2,1,0.7010309278350515,0.5663265306122448,0.5555555555555556,0.5533333333333335,0.42955326460481097,0.23711340206185566,0.5167095115681235,0.33333333333333337,1
5,2,2,0.9381443298969071,0.7142857142857142,0.5555555555555556,0.7350000000000001,0.2611683848797251,0.6649484536082474,0.8251928020565553,0.35374149659863946,1
0,2,2,0.0,0.012755102040816325,1.0,0.05166666666666675,0.010309278350515464,0.0,0.005141388174807198,0.006802721088435375,2
4,1,2,0.6907216494845361,0.413265306122449,0.3333333333333333,0.21000000000000008,0.13402061855670103,0.26804123711340205,0.46272493573264784,0.6122448979591837,2
3,2,2,0.9072164948453607,0.6683673469387754,0.3333333333333333,0.3883333333333334,0.5876288659793815,0.6391752577319587,0.7069408740359898,0.40816326530612246,2
1,2,2,0.6907216494845361,0.5714285714285714,0.7777777777777777,0.15666666666666673,0.13058419243986255,0.22164948453608246,0.6966580976863754,0.5918367346938775,2
0,1,2,0.7525773195876289,0.6326530612244897,0.6666666666666665,0.9616666666666667,0.7216494845360825,0.5876288659793815,0.4267352185089974,0.7278911564625851,1
5,2,2,0.9278350515463917,0.7066326530612245,0.3333333333333333,0.3783333333333334,0.6426116838487972,0.39690721649484534,0.6195372750642674,0.435374149659864,2
1,1,2,0.4536082474226804,0.3163265306122449,0.3333333333333333,0.28,0.35738831615120276,0.0,0.36503856041131105,0.2653061224489796,2
4,1,1,0.49484536082474223,0.4923469387755102,0.8888888888888888,0.5183333333333333,0.46048109965635736,0.2268041237113402,0.36246786632390743,0.3129251700680272,1
2,1,2,0.44329896907216493,0.43112244897959184,0.2222222222222222,0.8866666666666667,0.09278350515463918,0.4381443298969072,0.27249357326478146,0.45578231292517013,1
0,1,2,0.7938144329896907,0.5714285714285714,0.8888888888888888,0.3466666666666667,0.2268041237113402,0.36082474226804123,0.8046272493573265,0.6054421768707483,2
5,2,2,0.5051546391752577,0.336734693877551,1.0,0.9000000000000001,0.04810996563573883,0.27319587628865977,0.37017994858611825,0.30612244897959184,1
4,1,2,0.36082474226804123,0.18622448979591835,0.6666666666666665,0.8233333333333335,0.32646048109965636,0.37628865979381443,0.3033419023136247,0.30612244897959184,1
1,2,2,0.5257731958762886,0.4464285714285714,0.5555555555555556,0.9816666666666667,0.5257731958762887,0.02577319587628866,0.37532133676092544,0.46258503401360546,1
4,2,2,0.0,0.005102040816326529,0.7777777777777777,0.7750000000000001,0.020618556701030927,0.005154639175257732,0.007712082262210798,0.006802721088435375,1
3,1,1,0.9072164948453607,0.46683673469387754,0.7777777777777777,0.3633333333333334,0.6323024054982818,0.9072164948453608,0.7352185089974294,0.7006802721088435,2
3,2,2,0.6907216494845361,0.42857142857142855,0.1111111111111111,0.6566666666666667,0.14432989690721648,0.31443298969072164,0.686375321336761,0.40816326530612246,1
2,2,2,0.05154639175257732,0.0510204081632653,0.3333333333333333,0.605,0.024054982817869414,0.02577319587628866,0.06426735218508997,0.06802721088435375,1
0,1,2,0.23711340206185563,0.21938775510204078,0.0,0.6033333333333335,0.1374570446735395,0.10824742268041238,0.24164524421593833,0.20408163265306123,1
0,2,2,0.4536082474226804,0.3596938775510204,0.6666666666666665,0.5700000000000001,0.3470790378006873,0.44845360824742264,0.27763496143958866,0.326530612244898,1
4,1,2,0.08247422680412371,0.09183673469387756,0.4444444444444445,0.6683333333333334,0.07560137457044673,0.05154639175257732,0.09511568123393316,0.06122448979591837,1
4,2,1,0.9278350515463917,0.760204081632653,0.2222222222222222,0.5533333333333335,0.8144329896907216,0.3402061855670103,0.8714652956298201,0.4217687074829932,1
3,1,1,0.20618556701030927,0.10459183673469388,0.0,0.935,0.044673539518900345,0.13402061855670103,0.10796915167095116,0.1564625850340136,1
4,1,1,0.979381443298969,0.8418367346938774,0.5555555555555556,0.8066666666666666,0.5017182130584192,0.8144329896907216,0.9665809768637533,0.44217687074829937,1
0,1,1,0.5463917525773195,0.45663265306122447,0.1111111111111111,0.053333333333333344,0.27835051546391754,0.20618556701030927,0.4138817480719794,0.380952380952381,1
4,2,1,0.1134020618556701,0.07908163265306123,0.0,0.7716666666666667,0.13058419243986255,0.010309278350515464,0.12339331619537276,0.09523809523809525,1
1,2,1,0.7938144329896907,0.47959183673469385,0.0,0.4883333333333334,0.7147766323024055,0.6288659793814433,0.6632390745501286,0.5306122448979592,1
2,2,2,0.422680412371134,0.21683673469387754,0.2222222222222222,0.3533333333333334,0.24742268041237112,0.33505154639175255,0.4267352185089974,0.1836734693877551,2
0,2,2,0.3711340206185567,0.33163265306122447,0.2222222222222222,0.5916666666666668,0.32989690721649484,0.0,0.21336760925449874,0.17687074829931973,1
3,2,2,0.8762886597938143,0.6224489795918366,0.3333333333333333,0.11499999999999999,0.1374570446735395,0.041237113402061855,0.7917737789203085,0.326530612244898,2
3,1,2,0.1134020618556701,0.07142857142857142,0.6666666666666665,0.08000000000000007,0.05154639175257732,0.03092783505154639,0.09254498714652956,0.04081632653061225,2
1,2,1,0.6804123711340205,0.42091836734693877,0.4444444444444445,0.7266666666666668,0.06872852233676975,0.13402061855670103,0.6041131105398458,0.380952380952381,1
1,2,2,0.9175257731958762,0.6045918367346939,1.0,0.08833333333333337,0.8625429553264604,0.4742268041237113,0.6632390745501286,0.7414965986394558,2
0,1,2,0.288659793814433,0.28061224489795916,0.7777777777777777,0.29666666666666675,0.1924398625429553,0.10309278350515463,0.2442159383033419,0.1360544217687075,2
0,2,1,0.10309278350515463,0.06887755102040817,0.1111111111111111,0.8783333333333334,0.10996563573883161,0.03092783505154639,0.05141388174807198,0.10204081632653061,1
1,2,1,0.49484536082474223,0.423469387755102,0.5555555555555556,0.3616666666666667,0.07560137457044673,0.07731958762886598,0.390745501285347,0.3673469387755102,2
5,1,1,0.979381443298969,0.6224489795918366,0.8888888888888888,0.5800000000000001,0.5189003436426116,0.03092783505154639,0.6401028277634963,0.46258503401360546,1
2,2,1,0.7010309278350515,0.5994897959183673,0.4444444444444445,0.6483333333333334,0.28865979381443296,0.27835051546391754,0.3958868894601542,0.5306122448979592,1
1,1,2,0.4020618556701031,0.22448979591836732,1.0,0.41666666666666674,0.3402061855670103,0.26804123711340205,0.2699228791773779,0.326530612244898,1
0,1,1,0.5257731958762886,0.32142857142857145,1.0,0.8766666666666667,0.5326460481099656,0.35051546391752575,0.30077120822622105,0.35374149659863946,1
1,2,2,0.7319587628865979,0.48214285714285715,0.6666666666666665,0.4983333333333334,0.6323024054982818,0.27835051546391754,0.40102827763496146,0.25170068027210885,1
1,1,2,0.6494845360824741,0.4642857142857143,0.7777777777777777,0.8583333333333334,0.21649484536082475,0.5154639175257731,0.33676092544987146,0.272108843537415,1
4,1,1,0.04123711340206185,0.028061224489795915,0.1111111111111111,0.7683333333333333,0.027491408934707903,0.02577319587628866,0.04627249357326478,0.020408163265306124,1
3,2,1,0.5154639175257731,0.375,1.0,0.22000000000000008,0.23711340206185566,0.25773195876288657,0.39331619537275064,0.34693877551020413,2
4,2,1,0.26804123711340205,0.2270408163265306,0.8888888888888888,0.2366666666666667,0.1993127147766323,0.24742268041237112,0.20822622107969152,0.08843537414965986,2
1,1,1,0.7835051546391752,0.586734693877551,0.2222222222222222,0.5333333333333334,0.12027491408934708,0.10824742268041238,0.5629820051413882,0.5170068027210885,1
2,1,2,0.288659793814433,0.15816326530612243,0.1111111111111111,0.29333333333333333,0.27147766323024053,0.015463917525773195,0.23393316195372751,0.10204081632653061,2
4,1,2,0.9381443298969071,0.8826530612244897,0.2222222222222222,0.895,0.9415807560137457,0.041237113402061855,0.5424164524421594,0.5782312925170069,1
3,2,1,0.5051546391752577,0.45153061224489793,0.2222222222222222,0.3500000000000001,0.46048109965635736,0.3402061855670103,0.43444730077120824,0.5170068027210885,2
4,2,1,0.422680412371134,0.4030612244897959,0.8888888888888888,0.915,0.13058419243986255,0.3402061855670103,0.4318766066838046,0.435374149659864,1
3,1,2,0.09278350515463918,0.04591836734693877,0.3333333333333333,0.7283333333333335,0.09965635738831614,0.10309278350515463,0.056555269922879174,0.06122448979591837,1
2,1,2,0.6494845360824741,0.40561224489795916,0.4444444444444445,0.8483333333333334,0.48109965635738833,0.2422680412371134,0.33161953727506427,0.5850340136054423,1
3,2,2,0.6391752577319587,0.5790816326530611,0.3333333333333333,0.3666666666666667,0.415807560137457,0.5876288659793815,0.40359897172236503,0.2585034013605442,2
2,2,2,0.7422680412371133,0.5663265306122448,0.7777777777777777,0.8900000000000001,0.21993127147766323,0.6494845360824743,0.3958868894601542,0.40816326530612246,1
4,1,2,0.8762886597938143,0.8112244897959183,0.3333333333333333,0.16166666666666674,0.3058419243986254,0.8762886597938144,0.8843187660668381,0.326530612244898,2
0,2,2,0.9278350515463917,0.6224489795918366,0.6666666666666665,0.2300000000000001,0.16494845360824742,0.8247422680412371,0.5218508997429306,0.7278911564625851,2
1,1,1,0.6185567010309277,0.49489795918367346,0.8888888888888888,0.8666666666666667,0.3848797250859106,0.17525773195876287,0.39331619537275064,0.3197278911564626,1
1,2,2,0.10309278350515463,0.1096938775510204,1.0,0.03833333333333333,0.06872852233676975,0.08762886597938144,0.059125964010282785,0.09523809523809525,2
1,2,1,0.7010309278350515,0.510204081632653,0.6666666666666665,0.895,0.2646048109965636,0.1134020618556701,0.4987146529562982,0.3741496598639456,1
5,1,1,0.3711340206185567,0.24999999999999997,0.0,0.45166666666666677,0.2542955326460481,0.3402061855670103,0.3161953727506427,0.22448979591836737,1
0,1,2,0.4845360824742268,0.40816326530612246,0.6666666666666665,0.29833333333333334,0.054982817869415807,0.32989690721649484,0.4704370179948586,0.1836734693877551,2
2,1,1,0.7835051546391752,0.5561224489795917,0.2222222222222222,0.3883333333333334,0.40893470790378006,0.12886597938144329,0.4884318766066838,0.7346938775510204,2
1,2,1,0.7422680412371133,0.43112244897959184,0.3333333333333333,0.9983333333333335,0.5670103092783505,0.44845360824742264,0.42159383033419023,0.33333333333333337,1
1,2,2,0.7010309278350515,0.6709183673469387,0.7777777777777777,0.2666666666666667,0.70446735395189,0.17010309278350516,0.7043701799485862,0.3129251700680272,2
1,2,2,0.4845360824742268,0.3112244897959184,0.0,0.56,0.4879725085910653,0.32989690721649484,0.3496143958868895,0.34013605442176875,1
3,2,2,0.5773195876288659,0.5178571428571428,1.0,0.22333333333333338,0.28865979381443296,0.13917525773195877,0.5732647814910027,0.4761904761904762,2
5,2,2,0.18556701030927833,0.1683673469387755,0.8888888888888888,0.3600000000000001,0.15807560137457044,0.17525773195876287,0.15938303341902316,0.108843537414966,2
4,1,2,0.8350515463917525,0.6198979591836734,0.0,0.13666666666666671,0.04810996563573883,0.06185567010309278,0.42159383033419023,0.44897959183673475,2
0,1,1,0.08247422680412371,0.06377551020408163,0.5555555555555556,0.5266666666666668,0.024054982817869414,0.03608247422680412,0.09254498714652956,0.04761904761904762,1
3,1,2,0.5463917525773195,0.288265306122449,0.2222222222222222,0.7416666666666667,0.3230240549828179,0.41237113402061853,0.3213367609254499,0.3673469387755102,1
5,1,2,0.12371134020618556,0.07908163265306123,0.2222222222222222,0.6616666666666668,0.06872852233676975,0.02577319587628866,0.11053984575835475,0.108843537414966,1
4,1,2,0.36082474226804123,0.30612244897959184,0.2222222222222222,0.10666666666666669,0.2027491408934708,0.21649484536082475,0.3444730077120823,0.29931972789115646,2
2,2,1,0.1958762886597938,0.1683673469387755,0.0,0.44333333333333336,0.024054982817869414,0.07731958762886598,0.20051413881748073,0.06802721088435375,1
4,2,2,0.6185567010309277,0.5510204081632653,0.5555555555555556,0.27,0.3230240549828179,0.10309278350515463,0.4190231362467866,0.5646258503401361,2
0,2,2,0.9381443298969071,0.8061224489795917,0.0,0.05166666666666675,0.24398625429553264,0.5773195876288659,0.6015424164524422,0.54421768707483,1
3,2,1,0.5051546391752577,0.25510204081632654,0.5555555555555556,0.8983333333333334,0.46048109965635736,0.27835051546391754,0.26735218508997427,0.5102040816326531,1
0,1,1,0.7010309278350515,0.3494897959183674,0.1111111111111111,0.6700000000000002,0.30927835051546393,0.15979381443298968,0.5424164524421594,0.5170068027210885,1
3,1,1,0.5257731958762886,0.4489795918367347,0.0,0.4666666666666667,0.35051546391752575,0.32989690721649484,0.29048843187660667,0.2448979591836735,1
3,1,2,0.07216494845360825,0.06377551020408163,0.4444444444444445,0.43333333333333335,0.09278350515463918,0.015463917525773195,0.04113110539845759,0.08843537414965986,1
4,2,1,0.9484536082474226,0.6479591836734693,0.6666666666666665,0.9083333333333334,0.9381443298969072,0.211340206185567,0.673521850899743,0.8299319727891157,1
4,2,1,0.24742268041237112,0.20918367346938774,0.1111111111111111,0.15333333333333332,0.18900343642611683,0.005154639175257732,0.21850899742930593,0.19727891156462588,1
1,1,1,0.16494845360824742,0.1530612244897959,0.5555555555555556,0.7483333333333335,0.14432989690721648,0.010309278350515464,0.08997429305912596,0.1836734693877551,1
3,1,1,0.7835051546391752,0.5025510204081632,0.6666666666666665,0.7116666666666667,0.15807560137457044,0.3711340206185567,0.4370179948586118,0.5850340136054423,1
3,1,1,0.1958762886597938,0.18112244897959182,0.6666666666666665,0.5933333333333335,0.1924398625429553,0.020618556701030927,0.12596401028277637,0.1904761904761905,1
0,2,1,0.8350515463917525,0.4387755102040816,1.0,0.5716666666666668,0.852233676975945,0.4587628865979381,0.4755784061696658,0.34693877551020413,1
2,2,1,0.4329896907216495,0.42091836734693877,0.1111111111111111,0.011666666666666714,0.43986254295532645,0.3711340206185567,0.24164524421593833,0.39455782312925175,1
2,2,2,0.21649484536082472,0.11989795918367348,0.7777777777777777,0.4800000000000001,0.06872852233676975,0.18041237113402062,0.17223650385604114,0.10204081632653061,1
3,1,1,0.7731958762886597,0.5612244897959183,1.0,0.9916666666666667,0.7628865979381443,0.6855670103092784,0.6066838046272495,0.6190476190476191,1
0,2,1,0.9381443298969071,0.7423469387755102,0.4444444444444445,0.08500000000000008,0.831615120274914,0.35051546391752575,0.9125964010282777,0.41496598639455784,2
5,2,2,0.5876288659793814,0.4107142857142857,0.5555555555555556,0.9850000000000001,0.35051546391752575,0.5360824742268041,0.49614395886889456,0.3197278911564626,1
5,2,1,0.17525773195876287,0.11734693877551021,0.1111111111111111,0.2366666666666667,0.10996563573883161,0.10824742268041238,0.14138817480719795,0.06122448979591837,2
0,2,2,0.6907216494845361,0.4897959183673469,1.0,0.6433333333333333,0.07903780068728522,0.44845360824742264,0.4138817480719794,0.4217687074829932,1
4,1,1,0.1958762886597938,0.20153061224489793,1.0,0.22000000000000008,0.20618556701030927,0.04639175257731959,0.13624678663239076,0.06802721088435375,2
0,2,2,0.8247422680412371,0.5255102040816326,0.6666666666666665,0.7766666666666668,0.15120274914089346,0.634020618556701,0.4652956298200514,0.8231292517006803,1
4,2,2,0.7731958762886597,0.43112244897959184,0.2222222222222222,0.43500000000000005,0.20618556701030927,0.25773195876288657,0.38817480719794345,0.46258503401360546,1
5,2,2,0.7731958762886597,0.4770408163265306,0.0,0.39833333333333343,0.1374570446735395,0.7474226804123711,0.7455012853470437,0.27891156462585037,2
1,1,2,0.05154639175257732,0.028061224489795915,0.2222222222222222,0.7650000000000001,0.034364261168384876,0.02577319587628866,0.059125964010282785,0.04761904761904762,1
5,1,2,0.7113402061855669,0.45663265306122447,0.3333333333333333,0.75,0.7216494845360825,0.4072164948453608,0.5269922879177379,0.36054421768707484,1
2,1,2,0.3814432989690722,0.3392857142857143,0.4444444444444445,0.1216666666666667,0.3986254295532646,0.05154639175257732,0.20822622107969152,0.2448979591836735,2
1,2,1,0.5154639175257731,0.5153061224489796,0.4444444444444445,0.17833333333333334,0.037800687285223365,0.17525773195876287,0.4601542416452442,0.2585034013605442,2
4,2,2,0.5463917525773195,0.5076530612244897,0.6666666666666665,0.5183333333333333,0.47079037800687284,0.29381443298969073,0.38046272493573263,0.489795918367347,1
3,1,2,0.24742268041237112,0.1530612244897959,0.4444444444444445,0.8050000000000002,0.2233676975945017,0.12371134020618556,0.15938303341902316,0.17687074829931973,1
0,2,1,0.7319587628865979,0.6045918367346939,0.8888888888888888,0.585,0.570446735395189,0.005154639175257732,0.49614395886889456,0.30612244897959184,1
3,1,2,0.8762886597938143,0.7857142857142856,0.7777777777777777,0.7666666666666668,0.013745704467353952,0.09278350515463918,0.4884318766066838,0.326530612244898,2
3,1,2,0.9072164948453607,0.5714285714285714,0.7777777777777777,0.8216666666666668,0.4020618556701031,0.5567010309278351,0.8920308483290489,0.4761904761904762,1
4,1,2,0.020618556701030927,0.012755102040816325,0.7777777777777777,0.6416666666666668,0.017182130584192438,0.015463917525773195,0.025706940874035994,0.04081632653061225,1
2,2,1,0.3195876288659794,0.2653061224489796,0.3333333333333333,0.8433333333333335,0.1958762886597938,0.03092783505154639,0.2879177377892031,0.33333333333333337,1
1,2,2,0.6288659793814433,0.4464285714285714,0.5555555555555556,0.7833333333333334,0.20618556701030927,0.15463917525773196,0.42930591259640105,0.217687074829932,1
0,2,2,0.7010309278350515,0.5943877551020408,0.6666666666666665,0.605,0.4742268041237113,0.4690721649484536,0.5398457583547558,0.489795918367347,1
2,1,1,0.1958762886597938,0.19897959183673466,0.1111111111111111,0.4866666666666667,0.06872852233676975,0.12886597938144329,0.19537275064267354,0.1836734693877551,1
3,2,2,0.7628865979381443,0.6632653061224489,0.8888888888888888,0.4666666666666667,0.6563573883161512,0.7525773195876289,0.647814910025707,0.34693877551020413,1
1,1,2,0.8247422680412371,0.4387755102040816,0.1111111111111111,0.5150000000000001,0.15463917525773196,0.28865979381443296,0.6118251928020566,0.5238095238095238,1
3,2,1,0.9278350515463917,0.5841836734693877,0.3333333333333333,0.13333333333333341,0.45017182130584193,0.7989690721649484,0.4781491002570694,0.41496598639455784,2
3,1,2,0.3711340206185567,0.3010204081632653,1.0,0.10666666666666669,0.140893470790378,0.26288659793814434,0.29048843187660667,0.20408163265306123,2
1,1,2,0.30927835051546393,0.21938775510204078,0.5555555555555556,0.9433333333333334,0.17525773195876287,0.03608247422680412,0.24678663239074553,0.163265306122449,1
4,2,2,0.979381443298969,0.8010204081632653,0.4444444444444445,0.07000000000000006,0.024054982817869414,0.005154639175257732,0.9357326478149101,0.8163265306122449,2
5,1,2,0.4639175257731959,0.3596938775510204,0.7777777777777777,0.9733333333333334,0.3402061855670103,0.2268041237113402,0.23136246786632392,0.2585034013605442,1
4,1,1,0.3711340206185567,0.3112244897959184,0.8888888888888888,0.9316666666666669,0.13402061855670103,0.23711340206185566,0.20308483290488433,0.1836734693877551,1
4,1,2,0.020618556701030927,0.017857142857142856,1.0,0.6533333333333333,0.017182130584192438,0.020618556701030927,0.03341902313624679,0.01360544217687075,1
4,2,1,0.30927835051546393,0.16581632653061223,0.7777777777777777,0.625,0.274914089347079,0.0979381443298969,0.16709511568123395,0.272108843537415,1
5,1,1,0.3814432989690722,0.3163265306122449,0.3333333333333333,0.9766666666666668,0.12027491408934708,0.29896907216494845,0.37532133676092544,0.3673469387755102,1
1,1,1,0.3402061855670103,0.32653061224489793,0.4444444444444445,0.29500000000000004,0.10996563573883161,0.31958762886597936,0.18508997429305915,0.2108843537414966,2
2,1,2,0.20618556701030927,0.2040816326530612,0.2222222222222222,0.4933333333333334,0.16151202749140894,0.15463917525773196,0.21079691516709514,0.12244897959183675,1
4,2,2,0.6391752577319587,0.49489795918367346,1.0,0.16666666666666674,0.07903780068728522,0.31443298969072164,0.5089974293059126,0.4217687074829932,2
3,1,2,0.9175257731958762,0.49999999999999994,0.0,0.685,0.07560137457044673,0.922680412371134,0.6169665809768639,0.8843537414965987,1
0,2,1,0.3195876288659794,0.21938775510204078,0.0,0.19666666666666666,0.14432989690721648,0.30927835051546393,0.23136246786632392,0.25170068027210885,2
3,1,2,0.7835051546391752,0.548469387755102,0.3333333333333333,0.3616666666666667,0.2646048109965636,0.26288659793814434,0.49357326478149105,0.6190476190476191,2
0,2,1,0.6185567010309277,0.40561224489795916,0.2222222222222222,0.3466666666666667,0.1924398625429553,0.29381443298969073,0.544987146529563,0.2448979591836735,2
3,2,1,0.7010309278350515,0.6581632653061223,0.8888888888888888,0.6483333333333334,0.5910652920962199,0.29381443298969073,0.519280205655527,0.40136054421768713,1
0,1,2,0.9278350515463917,0.711734693877551,0.5555555555555556,0.2583333333333334,0.6597938144329897,0.32989690721649484,0.8843187660668381,0.40136054421768713,2
5,2,1,0.7525773195876289,0.5229591836734693,0.2222222222222222,0.5283333333333333,0.003436426116838488,0.7319587628865979,0.4884318766066838,0.5578231292517007,1
2,1,2,0.5257731958762886,0.32908163265306123,0.4444444444444445,0.33333333333333337,0.16151202749140894,0.5051546391752577,0.5167095115681235,0.19727891156462588,2
5,2,1,0.6804123711340205,0.5739795918367346,0.6666666666666665,0.13666666666666671,0.6048109965635738,0.03608247422680412,0.5501285347043703,0.39455782312925175,2
1,2,2,0.7938144329896907,0.5229591836734693,0.8888888888888888,0.3966666666666667,0.3436426116838488,0.5,0.7609254498714654,0.7210884353741497,2
1,1,2,0.08247422680412371,0.06887755102040817,0.8888888888888888,0.5233333333333334,0.06185567010309278,0.08762886597938144,0.08740359897172237,0.04761904761904762,1
2,1,1,0.7835051546391752,0.6403061224489796,0.4444444444444445,0.3550000000000001,0.7594501718213058,0.03092783505154639,0.596401028277635,0.6666666666666667,2
5,1,1,0.288659793814433,0.21683673469387754,0.6666666666666665,0.17000000000000004,0.1924398625429553,0.27319587628865977,0.21336760925449874,0.28571428571428575,2
5,1,1,0.5670103092783505,0.375,1.0,0.865,0.5326460481099656,0.5051546391752577,0.35475578406169667,0.23129251700680273,1
4,2,2,0.6597938144329897,0.6403061224489796,0.5555555555555556,0.5366666666666666,0.3161512027491409,0.18041237113402062,0.5038560411311055,0.5102040816326531,1
4,1,1,0.7113402061855669,0.45663265306122447,0.1111111111111111,0.8166666666666667,0.0859106529209622,0.1134020618556701,0.647814910025707,0.653061224489796,1
3,1,1,0.1134020618556701,0.11479591836734694,0.6666666666666665,0.8466666666666667,0.10652920962199312,0.10309278350515463,0.12339331619537276,0.10204081632653061,1
2,2,2,0.5154639175257731,0.42091836734693877,0.8888888888888888,0.11499999999999999,0.18556701030927836,0.44329896907216493,0.42930591259640105,0.46258503401360546,2
3,1,2,0.556701030927835,0.510204081632653,0.1111111111111111,0.050000000000000044,0.5532646048109966,0.26288659793814434,0.3856041131105398,0.28571428571428575,1
2,1,2,0.7113402061855669,0.413265306122449,0.6666666666666665,0.9283333333333335,0.12714776632302405,0.5515463917525774,0.46786632390745503,0.5578231292517007,1
2,1,2,0.5051546391752577,0.47959183673469385,0.3333333333333333,0.2616666666666667,0.4536082474226804,0.26288659793814434,0.4138817480719794,0.5170068027210885,2
3,2,1,0.7628865979381443,0.7397959183673468,0.3333333333333333,0.905,0.7388316151202748,0.15463917525773196,0.5784061696658098,0.761904761904762,1
0,1,1,0.23711340206185563,0.1301020408163265,0.2222222222222222,0.2716666666666667,0.06529209621993128,0.18041237113402062,0.20308483290488433,0.12244897959183675,2
3,1,2,0.6907216494845361,0.5739795918367346,0.7777777777777777,0.4700000000000001,0.6082474226804123,0.1134020618556701,0.596401028277635,0.29931972789115646,1
0,1,2,0.29896907216494845,0.15816326530612243,0.0,0.15166666666666673,0.003436426116838488,0.1958762886597938,0.24678663239074553,0.163265306122449,2
2,1,1,0.979381443298969,0.8877551020408162,1.0,0.52,0.46048109965635736,0.6958762886597938,0.9742930591259641,0.44217687074829937,1
0,2,1,0.5773195876288659,0.3137755102040816,0.0,0.9316666666666669,0.46391752577319584,0.2422680412371134,0.5372750642673523,0.30612244897959184,1
4,2,2,0.7628865979381443,0.46683673469387754,0.8888888888888888,0.7983333333333333,0.3127147766323024,0.28865979381443296,0.38303341902313626,0.6802721088435375,1
5,2,2,0.05154639175257732,0.06377551020408163,0.0,0.43500000000000005,0.03092783505154639,0.020618556701030927,0.04113110539845759,0.054421768707483,1
3,1,2,0.21649484536082472,0.13520408163265304,0.8888888888888888,0.20000000000000007,0.044673539518900345,0.03092783505154639,0.16452442159383035,0.14285714285714288,2
3,2,2,0.14432989690721648,0.07653061224489796,0.3333333333333333,0.5150000000000001,0.16151202749140894,0.005154639175257732,0.14652956298200515,0.054421768707483,1
4,2,2,0.8144329896907216,0.4846938775510204,0.6666666666666665,0.8683333333333334,0.5670103092783505,0.4381443298969072,0.6555269922879178,0.5646258503401361,1
1,1,2,0.7731958762886597,0.42857142857142855,0.6666666666666665,0.5050000000000001,0.38144329896907214,0.6237113402061856,0.7712082262210798,0.4829931972789116,1
4,1,2,0.13402061855670103,0.07908163265306123,0.4444444444444445,0.7966666666666669,0.13058419243986255,0.015463917525773195,0.09511568123393316,0.14965986394557823,1
3,2,2,0.7422680412371133,0.5918367346938774,0.0,0.2666666666666667,0.7079037800687284,0.6288659793814433,0.6580976863753214,0.6258503401360545,1
4,2,1,0.8969072164948453,0.6836734693877551,0.8888888888888888,0.1050000000000001,0.26804123711340205,0.49484536082474223,0.6452442159383034,0.8639455782312926,2
0,1,2,0.22680412371134018,0.12755102040816324,0.7777777777777777,0.30333333333333334,0.18900343642611683,0.21649484536082475,0.20822622107969152,0.17687074829931973,2
5,1,2,0.556701030927835,0.510204081632653,0.1111111111111111,0.7866666666666668,0.3642611683848797,0.30927835051546393,0.34190231362467866,0.5170068027210885,1
4,1,2,0.5876288659793814,0.3596938775510204,0.2222222222222222,0.7416666666666667,0.5257731958762887,0.26288659793814434,0.41645244215938304,0.20408163265306123,1
1,1,2,0.14432989690721648,0.07653061224489796,0.0,0.3550000000000001,0.013745704467353952,0.06701030927835051,0.11053984575835475,0.14965986394557823,2
5,2,2,0.09278350515463918,0.09438775510204081,0.0,0.10333333333333339,0.06185567010309278,0.06701030927835051,0.08226221079691516,0.07482993197278912,1
2,1,1,0.6597938144329897,0.645408163265306,0.2222222222222222,0.7333333333333334,0.3745704467353952,0.0979381443298969,0.4781491002570694,0.6258503401360545,1
3,1,2,0.8969072164948453,0.6147959183673468,0.4444444444444445,0.79,0.3848797250859106,0.31443298969072164,0.7994858611825193,0.49659863945578236,1
1,1,1,0.6391752577319587,0.4107142857142857,1.0,0.42500000000000004,0.20618556701030927,0.12886597938144329,0.5089974293059126,0.5034013605442177,1
4,2,1,0.8247422680412371,0.4336734693877551,0.5555555555555556,0.4800000000000001,0.3333333333333333,0.06185567010309278,0.5244215938303343,0.326530612244898,1
1,1,2,0.03092783505154639,0.025510204081632647,0.6666666666666665,0.5316666666666667,0.05154639175257732,0.005154639175257732,0.043701799485861184,0.034013605442176874,1
0,1,2,0.979381443298969,0.798469387755102,0.8888888888888888,0.5116666666666667,0.8350515463917526,0.4072164948453608,0.8251928020565553,0.5102040816326531,1
3,2,1,0.7113402061855669,0.41836734693877553,0.1111111111111111,0.2250000000000001,0.058419243986254296,0.49484536082474223,0.6169665809768639,0.4217687074829932,2
4,2,1,0.12371134020618556,0.07908163265306123,0.6666666666666665,0.8916666666666668,0.10652920962199312,0.005154639175257732,0.09768637532133675,0.14285714285714288,1
1,2,2,0.7216494845360825,0.7091836734693877,0.6666666666666665,0.7783333333333333,0.3436426116838488,0.5360824742268041,0.699228791773779,0.272108843537415,1
1,1,1,0.845360824742268,0.6607142857142856,0.6666666666666665,0.5716666666666668,0.6666666666666666,0.5927835051546392,0.4524421593830334,0.46938775510204084,1
4,2,2,0.422680412371134,0.3469387755102041,0.0,0.99,0.3470790378006873,0.005154639175257732,0.21336760925449874,0.22448979591836737,1
0,2,1,0.8865979381443299,0.7525510204081632,0.3333333333333333,0.07166666666666666,0.6872852233676976,0.25257731958762886,0.8483290488431877,0.8299319727891157,2
4,2,2,0.3917525773195876,0.37755102040816324,0.3333333333333333,0.8333333333333335,0.29896907216494845,0.3556701030927835,0.30591259640102825,0.29931972789115646,1
3,2,1,0.6907216494845361,0.4489795918367347,0.8888888888888888,0.32333333333333336,0.2646048109965636,0.5773195876288659,0.38817480719794345,0.5918367346938775,2
4,1,2,0.9690721649484535,0.8341836734693877,0.6666666666666665,0.06000000000000005,0.1993127147766323,0.4381443298969072,0.7660668380462725,0.33333333333333337,2
2,2,2,0.6907216494845361,0.413265306122449,0.7777777777777777,0.8083333333333333,0.6735395189003436,0.44329896907216493,0.6889460154241646,0.2448979591836735,1
1,2,1,0.3505154639175258,0.33418367346938777,0.7777777777777777,0.72,0.17869415807560138,0.34536082474226804,0.17994858611825196,0.22448979591836737,1
2,2,2,0.17525773195876287,0.1096938775510204,0.5555555555555556,0.4783333333333334,0.10309278350515463,0.06701030927835051,0.11568123393316196,0.07482993197278912,1
3,2,1,0.979381443298969,0.7780612244897959,0.8888888888888888,0.28500000000000003,0.436426116838488,0.1958762886597938,0.9511568123393317,0.7074829931972789,2
2,2,2,0.10309278350515463,0.09693877551020408,0.3333333333333333,0.32833333333333337,0.09278350515463918,0.03608247422680412,0.08740359897172237,0.08843537414965986,2
1,2,2,0.020618556701030927,0.033163265306122444,0.7777777777777777,0.8066666666666666,0.027491408934707903,0.03608247422680412,0.010282776349614397,0.006802721088435375,1
2,1,2,0.6597938144329897,0.5408163265306122,0.8888888888888888,0.28500000000000003,0.47079037800687284,0.5051546391752577,0.4318766066838046,0.326530612244898,2
2,1,2,0.13402061855670103,0.07653061224489796,0.1111111111111111,0.7716666666666667,0.010309278350515464,0.06185567010309278,0.13110539845758357,0.04761904761904762,1
4,2,2,0.3402061855670103,0.2346938775510204,0.0,0.5916666666666668,0.3402061855670103,0.3402061855670103,0.23393316195372751,0.2108843537414966,1
3,2,1,0.3917525773195876,0.211734693877551,0.1111111111111111,0.6116666666666668,0.3951890034364261,0.3247422680412371,0.3856041131105398,0.2380952380952381,1
3,2,2,0.4020618556701031,0.3520408163265306,0.3333333333333333,0.11166666666666669,0.03092783505154639,0.041237113402061855,0.22107969151670953,0.36054421768707484,2
4,1,2,0.5773195876288659,0.4642857142857143,0.7777777777777777,0.22666666666666668,0.04810996563573883,0.28350515463917525,0.4318766066838046,0.44217687074829937,2
4,1,1,0.8659793814432989,0.586734693877551,0.5555555555555556,0.8083333333333333,0.6460481099656358,0.1958762886597938,0.596401028277635,0.30612244897959184,1
2,1,2,0.44329896907216493,0.28316326530612246,0.4444444444444445,0.14666666666666672,0.3986254295532646,0.15463917525773196,0.35989717223650386,0.19727891156462588,2
2,1,1,0.9999999999999999,0.943877551020408,0.3333333333333333,0.14166666666666672,0.020618556701030927,0.04639175257731959,0.6966580976863754,0.9659863945578232,2
1,2,1,0.30927835051546393,0.19897959183673466,0.4444444444444445,0.6166666666666667,0.3127147766323024,0.1958762886597938,0.22879177377892032,0.1292517006802721,1
5,1,1,0.8969072164948453,0.47959183673469385,1.0,0.04833333333333334,0.4570446735395189,0.5876288659793815,0.750642673521851,0.6802721088435375,2
5,2,1,0.1958762886597938,0.11734693877551021,0.5555555555555556,0.585,0.0859106529209622,0.10824742268041238,0.14910025706940874,0.12244897959183675,1
1,1,2,0.7113402061855669,0.6556122448979591,0.7777777777777777,0.7116666666666667,0.14776632302405499,0.4896907216494845,0.4781491002570694,0.6054421768707483,1
2,1,1,0.7835051546391752,0.7295918367346939,0.6666666666666665,0.5766666666666667,0.06185567010309278,0.09278350515463918,0.4473007712082262,0.7482993197278912,1
3,2,1,0.8659793814432989,0.5841836734693877,0.5555555555555556,0.99,0.7594501718213058,0.7164948453608248,0.7429305912596402,0.30612244897959184,1
3,1,1,0.5051546391752577,0.4260204081632653,0.4444444444444445,0.29500000000000004,0.058419243986254296,0.17010309278350516,0.3444730077120823,0.4285714285714286,2
5,2,2,0.04123711340206185,0.0433673469387755,1.0,0.8516666666666668,0.010309278350515464,0.020618556701030927,0.04113110539845759,0.04081632653061225,1
0,1,1,0.6597938144329897,0.5331632653061223,0.8888888888888888,0.1283333333333334,0.034364261168384876,0.49484536082474223,0.37275064267352187,0.6462585034013606,2
0,2,1,0.4639175257731959,0.4260204081632653,0.8888888888888888,0.8366666666666667,0.12371134020618556,0.08247422680412371,0.4498714652956298,0.1836734693877551,1
2,1,1,0.7731958762886597,0.49489795918367346,0.6666666666666665,0.9750000000000001,0.6838487972508591,0.7525773195876289,0.557840616966581,0.54421768707483,1
4,1,1,0.6391752577319587,0.5510204081632653,0.2222222222222222,0.2283333333333334,0.24054982817869416,0.5154639175257731,0.6246786632390746,0.27891156462585037,2
2,1,2,0.09278350515463918,0.05612244897959184,1.0,0.5250000000000001,0.09621993127147765,0.08762886597938144,0.05141388174807198,0.08843537414965986,1
2,2,2,0.8969072164948453,0.4464285714285714,1.0,0.5050000000000001,0.1134020618556701,0.9072164948453608,0.737789203084833,0.8911564625850341,1
4,2,1,0.21649484536082472,0.14030612244897958,0.3333333333333333,0.28166666666666673,0.20962199312714777,0.21649484536082475,0.19537275064267354,0.163265306122449,2
3,1,2,0.8350515463917525,0.44387755102040816,0.7777777777777777,0.9133333333333333,0.36082474226804123,0.05670103092783505,0.4730077120822622,0.40136054421768713,1
4,1,2,0.07216494845360825,0.06122448979591836,1.0,0.04500000000000004,0.013745704467353952,0.06185567010309278,0.048843187660668384,0.0816326530612245,2
3,2,1,0.9278350515463917,0.885204081632653,0.1111111111111111,0.6933333333333334,0.037800687285223365,0.5257731958762887,0.8560411311053985,0.7755102040816327,1
3,1,2,0.9896907216494845,0.7142857142857142,0.0,0.6916666666666667,0.6701030927835051,0.49484536082474223,0.7326478149100257,0.6258503401360545,1
0,2,2,0.0,0.007653061224489796,0.5555555555555556,0.6383333333333334,0.013745704467353952,0.010309278350515464,0.0025706940874035992,0.0,1
2,2,1,0.30927835051546393,0.23979591836734693,0.2222222222222222,0.7283333333333335,0.2508591065292096,0.18041237113402062,0.24164524421593833,0.17687074829931973,1
5,2,2,0.7835051546391752,0.6811224489795917,0.2222222222222222,0.7133333333333334,0.15120274914089346,0.6752577319587628,0.46786632390745503,0.5034013605442177,1
1,1,2,0.8350515463917525,0.7576530612244897,0.8888888888888888,0.08333333333333337,0.43986254295532645,0.5567010309278351,0.6041131105398458,0.6394557823129252,2
1,1,1,0.1958762886597938,0.12499999999999999,0.6666666666666665,0.8366666666666667,0.003436426116838488,0.03092783505154639,0.15681233933161956,0.17006802721088438,1
5,2,1,0.020618556701030927,0.028061224489795915,0.1111111111111111,0.30500000000000005,0.037800687285223365,0.03608247422680412,0.012853470437017997,0.006802721088435375,1
3,1,1,0.7731958762886597,0.548469387755102,0.8888888888888888,0.6400000000000001,0.003436426116838488,0.03092783505154639,0.39331619537275064,0.3741496598639456,1
4,1,1,0.556701030927835,0.413265306122449,1.0,0.6533333333333333,0.49828178694158076,0.4020618556701031,0.455012853470437,0.5034013605442177,1
0,1,2,0.845360824742268,0.7831632653061223,0.1111111111111111,0.8050000000000002,0.6529209621993127,0.6855670103092784,0.7789203084832905,0.46938775510204084,1
3,1,1,0.1134020618556701,0.10204081632653061,0.8888888888888888,0.18666666666666676,0.020618556701030927,0.04639175257731959,0.12596401028277637,0.0816326530612245,2
0,2,2,0.8762886597938143,0.7627551020408162,0.4444444444444445,0.245,0.4879725085910653,0.7628865979381443,0.7172236503856042,0.41496598639455784,2
0,2,2,0.2577319587628866,0.20663265306122447,0.6666666666666665,0.5166666666666668,0.03092783505154639,0.0979381443298969,0.14910025706940874,0.1904761904761905,1
5,1,1,0.061855670103092786,0.038265306122448974,0.3333333333333333,0.9683333333333335,0.010309278350515464,0.05670103092783505,0.059125964010282785,0.0272108843537415,1
5,1,1,0.3711340206185567,0.25510204081632654,0.7777777777777777,0.51,0.2646048109965636,0.0979381443298969,0.24678663239074553,0.1836734693877551,1
5,1,1,0.05154639175257732,0.05867346938775509,0.0,0.9483333333333335,0.037800687285223365,0.02577319587628866,0.02827763496143959,0.034013605442176874,1
4,1,1,0.020618556701030927,0.028061224489795915,0.0,0.32666666666666677,0.013745704467353952,0.010309278350515464,0.020565552699228794,0.0272108843537415,1
1,1,1,0.30927835051546393,0.22959183673469385,0.2222222222222222,0.30500000000000005,0.23024054982817868,0.0979381443298969,0.19280205655526994,0.2448979591836735,2
3,1,2,0.7525773195876289,0.5586734693877551,0.3333333333333333,0.7350000000000001,0.2268041237113402,0.3556701030927835,0.44473007712082263,0.7482993197278912,1
2,2,2,0.36082474226804123,0.336734693877551,0.1111111111111111,0.8666666666666667,0.16151202749140894,0.08247422680412371,0.35218508997429304,0.36054421768707484,1
5,1,2,0.3195876288659794,0.22448979591836732,0.8888888888888888,0.6616666666666668,0.3024054982817869,0.09278350515463918,0.2827763496143959,0.17687074829931973,1
1,1,1,0.0,0.005102040816326529,1.0,0.6883333333333335,0.0,0.010309278350515464,0.005141388174807198,0.006802721088435375,1
1,2,2,0.7113402061855669,0.4260204081632653,0.2222222222222222,0.7566666666666668,0.037800687285223365,0.02577319587628866,0.686375321336761,0.46258503401360546,1
3,2,1,0.13402061855670103,0.12244897959183675,0.6666666666666665,0.895,0.140893470790378,0.05154639175257732,0.07712082262210797,0.09523809523809525,1
0,2,2,0.288659793814433,0.15816326530612243,0.0,0.6516666666666668,0.26804123711340205,0.23195876288659792,0.22107969151670953,0.17006802721088438,1
3,1,1,0.17525773195876287,0.12755102040816324,0.5555555555555556,0.22666666666666668,0.07903780068728522,0.18041237113402062,0.12082262210796914,0.17687074829931973,2
0,2,2,0.9175257731958762,0.760204081632653,0.3333333333333333,0.036666666666666736,0.9003436426116839,0.4896907216494845,0.4755784061696658,0.40136054421768713,2
0,2,2,0.20618556701030927,0.18367346938775508,0.0,0.05500000000000005,0.11683848797250859,0.03092783505154639,0.15167095115681237,0.10204081632653061,1
0,2,1,0.845360824742268,0.5790816326530611,0.6666666666666665,0.2583333333333334,0.013745704467353952,0.6907216494845361,0.7583547557840618,0.6394557823129252,2
1,1,1,0.020618556701030927,0.01020408163265306,0.4444444444444445,0.8116666666666668,0.034364261168384876,0.010309278350515464,0.03341902313624679,0.034013605442176874,1
2,1,1,0.556701030927835,0.39540816326530615,0.7777777777777777,0.7466666666666668,0.3539518900343642,0.005154639175257732,0.5501285347043703,0.4285714285714286,1
5,2,1,0.8247422680412371,0.6836734693877551,0.1111111111111111,0.5716666666666668,0.5292096219931272,0.39690721649484534,0.5398457583547558,0.27891156462585037,1
3,2,2,0.16494845360824742,0.13520408163265304,1.0,0.9333333333333333,0.06529209621993128,0.08762886597938144,0.10282776349614396,0.06122448979591837,1
5,2,1,0.6494845360824741,0.6020408163265305,0.0,0.3450000000000001,0.017182130584192438,0.5257731958762887,0.40102827763496146,0.54421768707483,1
1,1,1,0.29896907216494845,0.2857142857142857,0.1111111111111111,0.9516666666666667,0.05154639175257732,0.12371134020618556,0.17480719794344474,0.2448979591836735,1
3,2,2,0.29896907216494845,0.2423469387755102,0.5555555555555556,0.8666666666666667,0.21993127147766323,0.26804123711340205,0.27249357326478146,0.29931972789115646,1
4,1,1,0.5257731958762886,0.3622448979591837,0.1111111111111111,0.08666666666666667,0.4329896907216495,0.25257731958762886,0.2622107969151671,0.2380952380952381,2
4,1,2,0.09278350515463918,0.09438775510204081,0.6666666666666665,0.9783333333333335,0.08247422680412371,0.07731958762886598,0.10025706940874035,0.108843537414966,1
1,1,1,0.5979381443298969,0.33418367346938777,0.5555555555555556,0.7183333333333335,0.044673539518900345,0.22164948453608246,0.5398457583547558,0.46938775510204084,1
0,1,1,0.6082474226804123,0.3647959183673469,0.8888888888888888,0.5750000000000002,0.49828178694158076,0.010309278350515464,0.5835475578406171,0.3129251700680272,1
3,2,2,0.4020618556701031,0.3520408163265306,0.4444444444444445,0.0,0.2611683848797251,0.10824742268041238,0.20822622107969152,0.14965986394557823,2
5,1,1,0.7010309278350515,0.6607142857142856,0.5555555555555556,0.9933333333333334,0.45017182130584193,0.3402061855670103,0.5989717223650386,0.38775510204081637,1
0,2,1,0.8969072164948453,0.6989795918367346,0.2222222222222222,0.12,0.6254295532646048,0.768041237113402,0.8586118251928021,0.41496598639455784,2
4,1,2,0.4742268041237113,0.29846938775510207,0.2222222222222222,0.2350000000000001,0.28865979381443296,0.06701030927835051,0.4601542416452442,0.217687074829932,2
3,1,1,0.7422680412371133,0.45918367346938777,0.1111111111111111,0.08000000000000007,0.49140893470790376,0.6494845360824743,0.4524421593830334,0.6666666666666667,2
0,1,2,0.979381443298969,0.693877551020408,0.8888888888888888,0.07166666666666666,0.46048109965635736,0.8505154639175257,0.506426735218509,0.5578231292517007,2
5,1,1,0.979381443298969,0.568877551020408,0.7777777777777777,0.07666666666666666,0.8075601374570447,0.6649484536082474,0.6812339331619538,0.8843537414965987,2
0,2,1,0.44329896907216493,0.2857142857142857,0.6666666666666665,0.3483333333333334,0.46048109965635736,0.11855670103092783,0.38817480719794345,0.40136054421768713,2
5,1,2,0.8865979381443299,0.7397959183673468,0.4444444444444445,0.43333333333333335,0.5773195876288659,0.7164948453608248,0.7917737789203085,0.6734693877551021,1
3,1,1,0.288659793814433,0.18367346938775508,0.2222222222222222,0.9683333333333335,0.04810996563573883,0.23195876288659792,0.14910025706940874,0.1564625850340136,1
5,1,2,0.1134020618556701,0.06887755102040817,1.0,0.4,0.034364261168384876,0.11855670103092783,0.07455012853470437,0.1292517006802721,2
3,1,2,0.49484536082474223,0.3163265306122449,0.6666666666666665,0.9416666666666667,0.16151202749140894,0.4175257731958763,0.49357326478149105,0.4285714285714286,1
5,1,1,0.08247422680412371,0.0510204081632653,0.5555555555555556,0.02833333333333332,0.09621993127147765,0.02577319587628866,0.07712082262210797,0.054421768707483,2
0,2,1,0.3195876288659794,0.28061224489795916,1.0,0.43166666666666675,0.14432989690721648,0.14948453608247422,0.2750642673521851,0.1292517006802721,1
2,2,2,0.6494845360824741,0.6020408163265305,0.8888888888888888,0.2616666666666667,0.041237113402061855,0.6391752577319587,0.45758354755784064,0.49659863945578236,2
1,2,2,0.4020618556701031,0.31887755102040816,0.3333333333333333,0.8,0.281786941580756,0.03608247422680412,0.35475578406169667,0.39455782312925175,1
1,1,2,0.9278350515463917,0.7499999999999999,0.4444444444444445,0.5116666666666667,0.6116838487972508,0.6082474226804123,0.9100257069408741,0.8163265306122449,1
